:1000000080A90220950D000079C50100810D000036
:10001000810D0000810D0000810D00000000000036
:10002000000000000000000000000000590E000069
:10003000810D000000000000F90D0000810D00009E
:1000400025100000251000002510000025100000DC
:1000500025100000251000002510000025100000CC
:1000600025100000251000002510000025100000BC
:1000700025100000251000002510000025100000AC
:10008000251000002510000025100000251000009C
:10009000251000002510000025100000251000008C
:1000A000251000002510000025100000251000007C
:1000B000251000002510000025100000251000006C
:1000C000251000002510000025100000251000005C
:1000D000251000002510000025100000251000004C
:1000E000251000002510000025100000251000003C
:1000F000251000002510000025100000251000002C
:100100007BB972B90029BEBF00204FF0004106E064
:1001100008BF00281CBF6FF000414FF0FF3000F017
:1001200057B8ADF1080C6DE904CE002909DB002BAE
:100130001ADB00F057F8DDF804E0DDE9022304B033
:100140007047404261EB4101002B1BDB00F04AF895
:10015000DDF804E0DDE9022304B0404261EB410137
:10016000524263EB43037047524263EB430300F098
:1001700039F8DDF804E0DDE9022304B0404261EB28
:1001800041017047524263EB430300F02BF8DDF866
:1001900004E0DDE9022304B0524263EB43037047FD
:1001A00053B94AB9002908BF00281CBF4FF0FF31DE
:1001B0004FF0FF3000F00CB8ADF1080C6DE904CE43
:1001C00000F010F8DDF804E0DDE9022304B0704728
:1001D000704700BF034613F8012B002AFBD1181A01
:1001E000013870472DE9F04786468C460846089E40
:1001F000154674461946002B40F0C2808542B2FA7B
:1002000082F245D94AB1C2F1200300FA02FC2EFA6B
:1002100003F3954043EA0C0C94404FEA154EA8B204
:10022000BCFBFEF8230C0EFB18CC08FB00F943EADC
:100230000C43994528D9EB1808F1FF3704D29945AA
:1002400002D9A8F102072B44A3EB0903A4B2B3FB24
:10025000FEFC0EFB1C330CFB00F044EA0344A042FE
:1002600014D92C190CF1FF3304D2A04202D9ACF1FD
:1002700002032C44241A43EA07401EB1D440002351
:1002800034607360BDE8F0874746DDE76346F1E719
:1002900092BB431B01214FEA154EAFB2B3FBFEFCEC
:1002A000200C0EFB1C330CFB07F840EA0343984577
:1002B00062D9EB180CF1FF3004D2984502D9ACF1A9
:1002C00002002B44A3EB0803A4B2B3FBFEFC0EFB1D
:1002D0001C330CFB07F744EA0344A7424ED92C1900
:1002E0000CF1FF3304D2A74202D9ACF102032C4433
:1002F000E41B43EA0040C0E7C2F1200320FA03F107
:10030000954090402EFA03F303434FEA154EAFB2E7
:10031000B1FBFEFC0EFB1C10190C0CFB07F841EAAC
:100320000041884504FA02F422D969180CF1FF3023
:1003300004D2884502D9ACF102002944A1EB08019E
:100340009BB2B1FBFEFC0EFB1C110CFB07F743EA52
:1003500001439F420ED9EB180CF1FF3104D29F42AA
:1003600002D9ACF102012B44DB1B41EA004192E7C8
:100370006046E3E76146F7E76046A3E76346B7E711
:10038000834206D916B9002108467BE7C6E900E09A
:10039000F9E7B3FA83F78FB9834201D3724508D8DE
:1003A000BEEB020460EB030301209C461EB9002152
:1003B00068E73846FAE7C6E9004CF8E7C7F1200CD1
:1003C000BB4022FA0CF41C432EFA0CF120FA0CF379
:1003D000B84001434FEA14490EFA07F5B3FBF9F8A8
:1003E0001FFA84FE09FB18300B0C08FB0EFA43EAD7
:1003F00000439A4502FA07F240D9E31808F1FF30AA
:1004000004D29A4502D9A8F102002344A3EB0A03BF
:1004100089B2B3FBF9F809FB183308FB0EFE41EA79
:1004200003418E452CD9611808F1FF3304D28E4563
:1004300002D9A8F10203214443EA0040A0FB02983C
:10044000A1EB0E014145CE46434602D306D14D45B0
:1004500004D2B9EB020E68EB04030138002EA6D0DB
:10046000B5EB0E0261EB030101FA0CFC22FA07F373
:100470004CEA0303F940C6E9003198E74046C5E776
:100480004346D9E72DE9F04F91B0C74C204634F0F0
:100490004AF90546002800F0808107F023FD00227C
:1004A000FF21054620F0DCFF00202DF025F8C0F3E9
:1004B00007238DF80D30C0F307438DF80E308DF80B
:1004C0000C000399DFF8E4820022284620F0B9FFEF
:1004D00028461BF05AFC284604F0E6FEB44AB54D07
:1004E000114628601FF0B6F828681FF055FC00225E
:1004F0001146286820F0C2FF00221146286820F02B
:10050000DAFF28681BF041FC0022FF21286820F058
:10051000A7FFA9482E682CF0EFFFC0F307238DF842
:100520000800C0F307408DF809308DF80A0000225A
:100530003046029920F085FF102128681DF06FFEDB
:10054000286815F0CDFB9D49C8F8000031F0B9FCD2
:100550009B48D8F800602CF0CFFFC0F307238DF83C
:100560000400C0F307408DF805308DF806000199AE
:100570003046002220F089FF08231A460121D8F8CE
:100580000000904E1FF093F8286804F08DFE302292
:10059000114630601FF05EF800221146306820F0EE
:1005A0006DFF00221146306820F085FF0022FF21F8
:1005B000306820F055FF6FF07F4037682CF09CFFCB
:1005C000C0F307238DF80000C0F307408DF8013019
:1005D0008DF8020000990022384620F032FF6FF0BB
:1005E00007033068082204211FF061F8A3685B68E4
:1005F0000BB12046984734F081FA4FF47A7AA0FB89
:100600000A070AFB01774FEAD03B4BEA474BFF0B47
:1006100034F074FA4FF47A73A0FB03090AFB0199D2
:10062000C40B44EA49445C454FEAD93979EB0703E6
:1006300063DB654A17687B1C13601821634A0AA8AC
:100640000FF0BEFED8F800000AA931F03AFC17F00E
:1006500001074FF0080357D01A460121D8F80000CF
:100660001FF025F800202F682CF046FFC0F3072369
:100670008DF82400C0F307408DF825308DF8260052
:1006800009990022384620F0DCFE6FF07F40D8F850
:1006900000702CF031FFC0F307238DF82000C0F369
:1006A00007408DF821308DF8220008990022384645
:1006B00020F0EBFE6FF07F4037682CF01DFFC0F399
:1006C00007238DF81C00C0F307408DF81D308DF80E
:1006D0001E0007990022384620F0B3FE6FF0070392
:1006E0000822042130681EF0E2FF07F0FBFB1FF038
:1006F000F9F914F1320B49F100070FF053FB002117
:10070000A42034F06FF983E76FF007020321D8F8D3
:1007100000001EF0CCFF6FF07F40D5F800B02CF049
:10072000EBFEC0F307238DF81800C0F307408DF8E7
:1007300019308DF81A0006993A46584620F081FE85
:100740003846D8F800B02CF0D7FEC0F307238DF858
:100750001400C0F307408DF815308DF81600059988
:100760003A46584620F091FE3846D6F800B02CF0B4
:10077000C3FEC0F307238DF81000C0F307408DF8C7
:1007800011308DF8120004993A46584620F059FE6F
:100790006FF007031A460621A4E70D481BF013FD6E
:1007A000284611B0BDE8F08F4C4E0300C84600202B
:1007B00064000020CC460020441F0A00A766030006
:1007C000FFF9F700C4460020C0460020AF660300D2
:1007D0008C660300014B1B68184700BF0000002017
:1007E000014B1860704700BF0000002030B585B095
:1007F00004460D4610220021684634F0BDF902235C
:100800008DF802302A46044B0193214668461BF0BE
:100810005FF805B030BD00BFD507000080B50546C4
:100820000E46174698461AF0E9FC034634F010FAD3
:10083000DFF81890044649F8003042463046394601
:10084000A84754F8090000F0C1FA00BF08000000F2
:100850002DE9F047058B04462807904611D402295C
:1008600005F0070540F0CC8020461BF0B9FC78B1BC
:100870000138218B042811D8DFE800F0C2106D8503
:10088000950001290CBF45F0100545F02005258392
:1008900088F31188BFF36F8FBDE8F08701F0070A76
:1008A000AA4500F0A5800027B9463E46A368002B64
:1008B00000F0BC8041F00801218388F31188BFF368
:1008C0006F8FA168002900F0BA800D68002900F040
:1008D000B680D1F80480334652462046C047002DEA
:1008E00076D02B6829461D46F0E701F007035A1F12
:1008F000012A1BD8002221F00701062B276889B2A4
:10090000C4E9002209D13B4603E0628B01326283D5
:100910001B68002BF9D141F00201218320461BF016
:100920005FFC00287AD041F0200176E0042B0AD148
:1009300021F0070189B2218320461BF051FC10B140
:1009400041F020012183218B01F0070AAA454FD0F5
:100950000027B946AAE7236921F0070141F0060103
:10096000062DD3F8009021832DD1B9F1000F3FD08F
:1009700041F00801218388F31188BFF36F8F3A4952
:100980002046C84729E021F00701236941F004010E
:1009900089B2042DD3F804902183E6D000273E4687
:1009A0004FF0040A82E721F00701236941F00501B5
:1009B00089B2052DD3F808902183D6D000273E4672
:1009C0004FF0050A72E700273E464FF0060A6DE732
:1009D0002B4687E7B9F1000FD1D1EFF3118820231F
:1009E00083F31288BFF36F8F238B23F008032383D5
:1009F000258BEA062ED525F01003238305F0070585
:100A00006669218B002EBFF670AF00232768C4E90A
:100A1000003321F0070141F001012183218B01F016
:100A2000070AAA454FF000097FF440AF002F9CD081
:100A300041F00801218388F31188BFF36F8F002FE5
:100A4000C8D03D6839463346524620461BF0F4FB79
:100A50002F46F4E7AB067FF51BAF25F02003238379
:100A600005F0070500E700BF65C20100014B036008
:100A7000002070479851030030BFFFF7FDBF00BF53
:100A80002DE9F0410B4EDFF8308006EB0807CC1B58
:100A9000054632460949204634F046F8A019424638
:100AA0000021083C34F068F82C6707F10800BDE825
:100AB000F08100BF0000000004000000545103005A
:100AC000054B5A699B689A421FBF044A536843F01A
:100AD00080535360704700BF188B022000ED00E088
:100AE00070B5264B15469A6A12F0100F9A6A14BF19
:100AF0001124102412F0080F9A6A18BF12249207CA
:100B000006460AD5586B9A6A140634D519B19A6A02
:100B100022F080029A62132401E06FF01500174B57
:100B20009A6A12F0010F9A6A18BF142412F0200F6B
:100B30009A6A18BF1524D20602D49B6A9B070AD56D
:100B40000E4B5B68190506D5314600F025FA10B149
:100B500080F309880224094B9A6A920642BF5A6AB6
:100B600022F400525A629A6A42F0FF029A6200230B
:100B70002B70204670BD6FF01500CCE700ED00E053
:100B8000134B9A6A12F0007F9A6A14BF1E201D2030
:100B900012F0807F9A6A18BF1F2012F4002F9A6A01
:100BA00018BF212012F4802F9A6A18BF222012F455
:100BB000003F9A6A18BF232012F4803F9A6A6FEAB6
:100BC00002426FEA12429A6218BF2420704700BFA7
:100BD00000ED00E010B5194B0246986A9C6A10F4CB
:100BE000805F14BF1720162014F4006F9C6A18BF92
:100BF0001820A40509D5986B986A000404D51AB189
:100C00009A6A22F400429A6219200C4B9A6A12F4F2
:100C1000806F9A6A18BF1A20D2050CD49B6A13F40D
:100C2000005F18BF1C20054A936A43F47F43936218
:100C300000230B7010BD1B20F5E700BF00ED00E0A6
:100C4000F0B5484B5B688BB00446C3F3080300253E
:100C500085F31188BFF36F8F02F07F40B0F17F4FB3
:100C600011D102F00C0008280DD010074CBF0C4623
:100C700001250022033B8DF80720032B05D8DFE870
:100C800003F0246367602C46F3E700239DF80720F8
:100C9000CAB902AE04F1200720686168324603C277
:100CA0000834BC421646F7D1099A002D54D0C2F33D
:100CB000080121B96FEA52226FEA4222099202A981
:100CC00018461BF04FFC0BB0F0BD264BDA6A9107BB
:100CD000DBD4DA6A002AD8DBDA6A5200D5D55A6941
:100CE000A16942F480725A61BFF34F8FBFF36F8FD7
:100CF0005A6931F8021C22F480725A61BFF34F8F97
:100D0000BFF36F8F4DF6027291420AD09A6AD2B247
:100D10004AB10DF1070201212046FFF7E1FE03462B
:100D2000B4E72368B2E79A6A12F47F4F05D00DF159
:100D300007010120FFF74EFFF1E79B6AB3F5803F03
:100D4000A3D3FFF71DFFEAE70DF107020021E3E758
:100D50000DF107010020EDE722F4FF7222F00102FD
:100D6000ACE700BF00ED00E0044B5A6942F010020E
:100D70005A615A6922F008025A61704700ED00E09A
:100D8000EFF30880EFF3098101B57246FFF758FFD2
:100D900001BD00BF0B4880F3088802F079FA2020DB
:100DA00080F3118808484FF40461401880F30988E3
:100DB000EFF314800221084380F31488BFF36F8F90
:100DC00000F0B2F880A90220C08F0220084B9B6877
:100DD00083420BD1EFF3058343B1064B5A6842F0CF
:100DE00080525A605A6A22F400425A621AF00CBACF
:100DF000188B022000ED00E014498A684FF03000A3
:100E00001044EFF3098C80E8F01F202080F3128853
:100E1000BFF36F8F0E4F4FF000664A698A603E60E5
:100E2000106F0C4C2060506F0023536780F31188C3
:100E300004B5104600F014F9BDE8044002F130009A
:100E400090E8F01F8CF3098870470000188B02208F
:100E500004ED00E0E84600201EF0040F0CBFEFF3A5
:100E60000880EFF30980816911F8021C0229FFD084
:100E700001B572461BF07CFB01BD00BF40B20028EB
:100E800007DB044A4109012300F01F00834042F8B8
:100E90002130704700E100E040B200280CDB43093C
:100EA000064900F01F0020330122824041F8232030
:100EB000BFF34F8FBFF36F8F704700BF00E100E0BB
:100EC000054B420900F01F0053F82220012303FACA
:100ED00000F01040704700BF00E100E040B2002881
:100EE000A8BF00F1604001F10101B8BF064B4FEA15
:100EF0004111ACBF00F5614000F00F00C9B2B4BFB2
:100F0000195480F80013704714ED00E0044B054AB3
:100F100023F07F039360BFF34F8FBFF36F8F704752
:100F20000000000000ED00E008B5FFF7EFFF0B4AFE
:100F3000D2F8883023F47003C2F88830EFF31483BA
:100F400023F0040383F31488BFF36F8F19F0F2F9D1
:100F50001AF08EFA00F05AF819F030FA00ED00E0BD
:100F600042F8203C009B42F81C3C0A49019B42F895
:100F7000183C029B42F8143C21F001014FF08073B1
:100F800042F8043C42F8081C0023203A02654367FB
:100F9000704700BF1D080000094A0346906870B101
:100FA00013F1160F006E05D0A0F140029A4205D849
:100FB000834203D2814228BF00207047002070473F
:100FC000188B022008B515460B4A0C4B9060026F37
:100FD0001A600E4600F044F82C4686F3098800207B
:100FE000034B98472046002100220023014C204754
:100FF0008FC501001D080000188B0220E846002064
:10100000014B10221A61704700ED00E004480023F4
:101010002021C2180133302B82F80013F9D1704718
:1010200000E100E008B5EFF30583064A103B02EB50
:10103000C30152F8330049688847BDE80840FFF70C
:101040003FBD00BFCC4E0300024B034A03480121C1
:1010500000F076B80000042000000020B05103002A
:10106000026E054B403A1A60044A4021C3E901125E
:101070001846012100F06EB8EC46002000000B1568
:10108000084AC2F898000B6823F01F03034343F09B
:101090001003C2F89C308B6843F00103C2F8A03003
:1010A000704700BF00ED00E02DE9F043DFF86080FD
:1010B00085B00E461F4604464FF00009B14523DABD
:1010C0006068D8B13FB1411E08421BD11F2819D911
:1010D0002368194216D1236801931BF07BFAA36899
:1010E00003430393D8F89050C5F30725D0B2013DD0
:1010F000A84207D801A9FFF7C3FF421C09F1010963
:101100000C34DBE76FF01502104605B0BDE8F08344
:1011100000ED00E0044B0522C3F89420BFF34F8F8D
:10112000BFF36F8F704700BF00ED00E0BFF35F8F2C
:10113000024B0022C3F89420704700BF00ED00E08E
:1011400010B5034C01232278FFF7AEFF207010BDCD
:10115000548B022008B50B4A00231278FFF7A4FF36
:1011600010F1160F07D0084A0021D2F89030C3F3CF
:101170000723984200DB08BDC2F89800C2F8A0100F
:101180000130F2E7548B022000ED00E02DE9F0433E
:10119000534B544CD3F890302568C3F307239D423A
:1011A00085B000F29A80FFF7C1FF00200C2685422F
:1011B0001AD14D4C4D4F25706846FFF757FCDFF8AC
:1011C0002081DFF82C9106460025AE4213D123780A
:1011D00043490020D1F89020C2F30722934276DBE6
:1011E000FFF798FF002042E0616806FB0011FFF75F
:1011F00047FF0130DBE7009800EB05114FEA051CC3
:10120000CB683B40B3F5000F48D00AD8B3F5001FB8
:1012100030D0B3F5800F36D0B3F5801F10D0013534
:10122000D3E7B3F1807F42D0B3F1007FF7D150F81C
:101230000C3088684A681BF0CDF940F4802009E042
:1012400050F80C3088684A681BF0C4F940F08850A8
:1012500040F43020CDE901230390D8F89030207875
:10126000C3F30723013B98422AD96FF0150005B05C
:10127000BDE8F08350F80C3088684A681BF0AAF982
:1012800040EA0900E6E750F80C3088684A681BF02D
:10129000A1F940F0C06040F40030DBE750F80C30BA
:1012A00088684A681BF096F940F08270D2E750F8DF
:1012B0000C3088684A681BF08DF940F08870C9E7E7
:1012C00001A9FFF7DDFE237801332370A7E7C1F8FA
:1012D0009830C1F8A00001337CE74FF0FF30C6E73B
:1012E00000ED00E0BC510300548B02200000F0FF31
:1012F0000000081108B5024B1B689847002008BD84
:10130000F8460020034B044A1860937843F0020328
:1013100093707047F84600200400002008B5064985
:10132000064821F00701C1F1005202F580221AF0AF
:101330000BFF002008BD00BFCF300320FC4600207B
:101340000E4A0123C2F840354FF080424FF08051E1
:10135000C2F87835D1F83001082808D1D1F8341115
:10136000052904D80648415C09B1C2F838364FF067
:1013700080430122C3F880250020704700E001402F
:10138000EA66030020B1034B800143F001031847D4
:10139000704700BF905103007FB50D4D0D4E4FF0CB
:1013A000FF324FF0FF3301A9284619F0C7F8002893
:1013B000F5D1094CB442F2D2236813B1019A934299
:1013C00003D1D4E9013101A898470C34F2E700BFFA
:1013D000180200205451030048510300F0B585B0B5
:1013E000DDE90C5417461E46019023469DF828005F
:1013F0008DF808002C432A468DF80910ADF80A70C4
:1014000003960AD0094933F023FCD1F880400849FB
:1014100009588C4204BF00221346064801A919F05E
:1014200035F800EAE07005B0F0BD00BF804500204F
:101430000800000018020020084B70B5C31A0D46C2
:1014400007499B1004465943064840221BF0E0F828
:101450002B4601462046BDE8704018471C47002037
:10146000B76DDBB60C4D030073B50C4C0C4A402332
:10147000041B00930D460B460A49A410614306461F
:1014800009481BF0F1F8011E05DA30462B4602B080
:10149000BDE87040184702B070BD00BF1C47002077
:1014A000D3C60100B76DDBB60C4D030010B5EFF3EA
:1014B0001184202383F31288BFF36F8F074A1368C8
:1014C00023F00201DB07116002D401201BF0E3FFCF
:1014D00084F31188BFF36F8F10BD00BF6C470020ED
:1014E000002270B5012104461046FFF7F7FC0F48B3
:1014F00002F058F80E4B984215D102F063F82669B5
:101500000C4930461AF0BBFE00280BDB0125356480
:101510002469084904F11C001AF0B1FE002801DB1F
:10152000E564002070BD6FF00400FBE73116000099
:101530000000AD0BDC5103001FB500220123CDE9F3
:101540000223094ACDF800D06B46CDF804D01BF039
:10155000B9F8002805DB4FF480420023684619F0F3
:101560004BF905B05DF804FBF1C6010030B4104B37
:101570000C2202FB003301460020D3E90E5298638F
:10158000EFF31180202484F31288BFF36F8F1C6C5B
:1015900004F0C00444F002041C6480F31188BFF31B
:1015A0006F8F1DB12B46034830BC184730BC7047C5
:1015B0001C4700200C4D030010B4EFF311822023D0
:1015C00083F31288BFF36F8F1748016841F002045C
:1015D0000460C80707D482F31188BFF36F8F01201E
:1015E00010BC02F001B84FF08041D1F80C04D1F8E2
:1015F0000C14C907EFD5EFF3118083F31288BFF302
:101600006F8F0A490B6C03F0C00343F002030B64B5
:1016100080F31188BFF36F8F82F31188BFF36F8F50
:10162000002010BCFFF7A2BF6C4700201C47002021
:1016300010B1012804D07047034B1B6C5B0701D12C
:10164000FFF794BF704700BF1C4700202DE9F04111
:101650003849BFF35B8F0746012251E8003F41E85C
:1016600000200028F9D1BFF35B8F33B932493348EA
:101670004B60CB608A601AF015FE7B1E012B2BD8C5
:10168000012F07D14FF08043D3F81C3403F003033C
:10169000012B21D033F022F90546F8B9284B1B78ED
:1016A000E3B14FF080430222C3F808230646DFF877
:1016B00094804FF08044D4F81824D4F81834D2031E
:1016C00015D503F00303012B01D0012F0FD155B322
:1016D00086F31188BFF36F8FBDE8F081EFF31186B9
:1016E000202383F31288BFF36F8F0125DFE7ADB1AD
:1016F00030461AF060FFD4F81835002BDBD1D4F84F
:101700000421002AD7D0C4F80431D4F804310123CD
:10171000C4F81835C8F88031A360CCE70021212037
:1017200033F060F9E7E74FF080430222C3F8042367
:10173000D2E700BF184700200847002038470020A4
:101740006A8B022000E100E008B5074832F0EBFFA9
:1017500038B10648FFF7D6FD0448FFF741F80020EE
:1017600008BD6FF01200FBE78C4D030071170000FD
:101770000A2838B5074D044604D1AB680D215B68D3
:1017800028469847AB6803485B68E1B29847204613
:1017900038BD00BF8C4D0300EFF31182202383F38B
:1017A0001288BFF36F8F0A4BD3F8001161B100218B
:1017B000D3F80805C3F80011D3F80031C0B282F3A2
:1017C0001188BFF36F8F70476FF00A00F7E700BF13
:1017D00000D00040F0B5034610469C7893F803C053
:1017E000EFF31182202585F31288BFF36F8F1F78E6
:1017F00093F801E0E41B04EA0C04A04288BFA0B205
:101800003E180CEA06063D461E7082F31188BFF3AF
:101810006F8F0A188A4216D177450CD1EFF31182E7
:10182000202181F31288BFF36F8F1978597082F3EA
:101830001188BFF36F8F1B79241AA34222BF064B76
:1018400001221A60F0BD5E190135767901F8016B4D
:1018500005EA0C05DEE700BF00D00040DB432DE9C0
:10186000F04713F001050E46144604D02248FFF756
:10187000B1FFBDE8F0879AB3EFF31188202383F31B
:101880001288BFF36F8F0D20FFF71AFB07460D205C
:10189000FFF702FB88F31188BFF36F8FDFF85CA0BE
:1018A000DFF85C80CAF80051DAF800314FF40059D3
:1018B0000123CAF800302546C8F88091DAF80031D3
:1018C00083B1FFF769FF031EC8F88091F6DB013D85
:1018D000ADB27355002DF1D117B10D20FFF7CEFA3F
:1018E0002046C6E7EFF31180202383F31288BFF36D
:1018F0006F8F1AF060FEE1E79047002000D00040B3
:1019000000E100E02DE9F041124F0D46144607F1C9
:10191000350814B92046BDE8F0814FF0FF334FF091
:10192000FF32384618F068FF224629464046FFF746
:1019300051FF0646384618F02BFF3EB94FF0FF32F4
:101940004FF0FF33044818F057FFE6E7A41BA4B29A
:101950003544DEE7704700208047002038B5184C3A
:1019600001221146204632F036FF0122002104F107
:10197000100032F030FF40F2074323874FF07063CE
:1019800023620C2384F8243000250E4B84F8355054
:10199000E586D3F8042522F00102C3F804250121CD
:1019A000C3F80051D3F80021C3F804132A46196084
:1019B0000D20FFF793FA0D20FFF760FA284638BD97
:1019C0007047002000D0004010B5FFF7E5FE00286A
:1019D00020DB174B93F8222093F8214093F8231033
:1019E000141B31EA0404C0B20DD193F8372093F8E8
:1019F000364093F83810141B31EA04040BD10D4B18
:101A000001225A600EE09C180132114084F8250032
:101A100083F8221010BD9C180132114084F83A005E
:101A200083F837100448BDE8104018F0B1BE00BF7D
:101A30007047002000D0004080470020F0B51646D7
:101A40004268107B01F01F0444EA4014106987B01B
:101A5000002872D0B6F5001F02F1100506D121460C
:101A600028461BF0A9FD002007B0F0BD01A8002703
:101A7000B6F5800F0197476039D1B3F1007F14BFED
:101A8000052304238DF804300023CDE904030393D8
:101A9000936823FA01F111F001010DF103073ED122
:101AA000B6F1A07F3BD104F01F03620903F5E07398
:101AB00028D0012A47D1254A52F82330DB072ED4FB
:101AC0003A462146284602F077F8214B98421CD02E
:101AD000029703AA2146284601F030FF1D4B984289
:101AE0002ED101222146284602F0CAF8BBE7B3F105
:101AF000C06F05D0B3F1007F14BF01230223C1E7FB
:101B00000323BFE74FF0A042D6E73946284602F04C
:101B1000B1F8104B9842DBD06FF00B00A4E73A46C7
:101B20002146284602F048F80A4B9842D1D19DF848
:101B30000310284602F098F8CBE76FF0850093E792
:101B40006FF0150090E751F82330FFDE00030050DE
:101B50000400AD0B0000AD0B420970B5034602D086
:101B6000012A17D070BD0D4E326951680029F9D095
:101B700003F01F0301250C689D400029F2D08A68FC
:101B80002A4002D04B68304698472CB12368214642
:101B90001C46F2E7024EE7E72346F8E74C4D030008
:101BA0002C4D030038B545682B69B3B11035284674
:101BB00002F050F8044680B90146284602F016F8B3
:101BC000084B98420BD108492246284601F0EEFF07
:101BD000224605210620FFF781F9002038BD6FF06D
:101BE0000400FBE70000AD0B591B00002DE9F0439A
:101BF000466840F20635D006337B87B002EA050519
:101C000054BFC2F34010032001F01F07B5F5837FD6
:101C1000144647EA43178DF8030045D00DD8062D2A
:101C200016D005D8A5B1022D40D06FF0150038E0D0
:101C3000B5F5807FF9D101250AE040F202229542F4
:101C400036D0B5F5407F35D0B5F5007FEDD1022512
:101C50000123220303FA01F12ED57368C3F8081596
:101C6000326992BB07F01F037F092BD0012F79D176
:101C70003F4A02EB830284F48033D2F80017C3F3A7
:101C80000043C4F3404444EA430421F4E16144EADC
:101C9000800421F0070144EA05230B43C2F8003712
:101CA000002007B0BDE8F0830725D1E70425CFE782
:101CB0000525CDE70325CBE7630344BF7368C3F86D
:101CC0000C15CDE74FF0A042D3E710360DF102021C
:101CD0003946304601F070FF14F4403F80460CD185
:101CE000394630461BF066FC224B9845D8D19DF80A
:101CF0000210304601F0B8FFD2E701AB4FF0000907
:101D000003AA39463046CDE90439CDE90199CDF829
:101D10000C9001F013FE174B9842C1D114F400331C
:101D200015D09DF803308DF80E3084F48034C4F360
:101D300000444B4603AA394630468DF80C508DF8C6
:101D40000D4001F0B5FE0B4B9842A9D1CCE7CDE98F
:101D5000043303AA0DF1030339463046039301F01F
:101D6000EDFDF0E703F5E07352F82330FFDE00BF2E
:101D7000000300500000AD0B02780B69012A08D067
:101D8000022A08D04AB9064A5A6203F1140018F030
:101D9000FFBC044AF8E7044AF6E7044AF4E700BF48
:101DA0000000AD0B0100AE0B0200AE0B0100AD0B4D
:101DB0002DE9F04FD0F81090D0F8048085B005469A
:101DC0000C461746029309F1040A4FF0FF324FF018
:101DD000FF33504618F010FD09F1140B00230022C8
:101DE000584618F009FD404603F0A6F87B1E002671
:101DF0000393B74201D8002322E0039B217AB34228
:101E000083BF237D83F00403C3F380030023019386
:101E1000029B0093D4E90023284600F04DF80346C6
:101E200070B94FF480420023584618F0E5FC98B191
:101E3000404603F091F8284600F02CF86FF00403B8
:101E40004046029303F088F8504618F0A1FC029B2C
:101E5000184605B0BDE8F08FD9F82430034A934204
:101E600004F10C04EAD10136C3E700BF0000AD0B5A
:101E700008B503464068826900F1080103F018F8CC
:101E8000034B984214BF6FF00F00002008BD00BF45
:101E90000000AD0B08B543681B68D3F80805D3F8FC
:101EA0000C1503F05FF9034B984214BF6FF00F005D
:101EB000002008BD0000AD0B2DE9F04186B00C46B6
:101EC00047689DF834801546002112220DF1060066
:101ED0001E4632F051FEBDF830208DF8052004F08A
:101EE000010314F008028DF804300296049519D10C
:101EF000A10704D4B8F1000F12D19BB9202201A987
:101F0000384603F045F80A4B98420ED00B339842FE
:101F10000CBF6FF00F006FF0040006B0BDE8F08159
:101F20004022ECE76FF08500F7E70020F5E700BFFF
:101F30000000AD0BF7B5446805690646E06832F06D
:101F4000F2FB002848D02846254940F8046B32F0BF
:101F50008DFC606900282ED0217E638BD0F810C0E4
:101F6000D0F808E0DCF80060DA0754BF43F4D0137F
:101F700083F4B013012723F480128F40DB074CBF9A
:101F80003E43BE43CCF80060DEF80030984700289E
:101F900020DB0021A42032F025FD237E6069012191
:101FA000994003691B68194283680CBF1B69DB6891
:101FB000984700280EDB18350A490022284632F0DF
:101FC0009FFD4FF4A47200232846CDE9002319F0A9
:101FD00029FC002003B0F0BD6FF01200FAE700BF4B
:101FE000C7CB010089CB01002DE9F74F4568EC68AC
:101FF00018348046002701944FF0010B6B68BB42F8
:1020000004DC2B7D002B69D1002048E00C23D5F89F
:1020100008A003FB07F60AEB06095AF8060032F09F
:1020200082FB00286DD0B9F806305AF8060099F8FE
:10203000041043F48032D0F810C0D0F8089013F0A8
:10204000010FDCF800300BFA01FE14BF4EEA030367
:1020500023EA0E03CCF80030D9F800309847F0B9E5
:1020600044F8188C2969204632F02CFC2B7D13B1E2
:1020700001374834C2E7D5F80890234A09EB060A2D
:10208000A4F114019AF804300BFA03F344E9042391
:1020900059F806008368DB6923B96FF0570003B075
:1020A000BDE8F08F012298470028F8DB9AF8041069
:1020B00059F806001AF0F4FD04F8080C59F8060067
:1020C0009AF8041083689E69002EE6D04FF0C06332
:1020D0004FF0A072B0470028CADAE0E72D684FF44D
:1020E000004440F2E73000214FF47A720023E5FB10
:1020F0000401FEF755F802460B46019818F068FDFA
:1021000082E76FF01200CAE7C9CC01007FB5034631
:10211000044653F8185D6968CA689B1A114ADB10B7
:1021200053438A68D618D05831791AF0B9FD031E86
:1021300015DB14F9082C9A4211D004F8083C4FF032
:10214000FF304FF0FF313289003BCDE902014FF003
:102150000101009118BF01232846FFF73FF904B0A1
:1021600070BD00BFACAAAAAA036803F01F025B09F6
:10217000026004D0012B034818BF002070474FF0C5
:10218000A0407047000300502DE9F04FDFF8949114
:10219000DFF894A185B01546834600EB810140F23B
:1021A000FF18594503D1002005B0BDE8F08FDBF8DA
:1021B00000305E04C3F3C322C3F3080400F1AC8013
:1021C0001B0E19F80270444508BF4FF0FF34222B54
:1021D00000F2A580DFE803F012191F22252B22A3AD
:1021E000A3A3A33B68A3A3A3A3A3A3A3A3A36B81BC
:1021F0008487A3A3A38A9194979A9D00C5F80C4560
:10220000601C5ED10BF1040BCBE7C5F81445621CD2
:10221000F8D000265FE0C5F80845F1E7C5F810459D
:10222000F5E7631CC5F80845ECD0002604E0661C01
:10223000C5F80C45E6D0012603A80394FFF794FFE8
:10224000039B012202FA03F3C0F80C3508E0C5F83D
:102250000845002FDBD1631CD4D000263246062768
:10226000DBF80030019303F40040002818BF00227F
:1022700003A8009218BF01260394FFF775FF039C83
:10228000019B009A00EB8400C3F3412CD0F8004777
:102290003B0243EA8C03134304EA0A04234343EA60
:1022A0004603C0F80037ADE7C5F80C45D1E7C5F8DF
:1022B0006045601CDBF80030A4D0C3F30043002B62
:1022C000B9D003A80394FFF74FFF039B012606FA3A
:1022D00003F3C0F808353246C2E7C5F86445E8E7BD
:1022E000C5F86845E5E7C5F86C45E2E7C5F824455B
:1022F000621C87D000220126B2E7C5F828457FE797
:10230000C5F83045F4E7C5F83445F1E7C5F8384578
:10231000EEE7C5F83C4573E76FF0150044E76FF052
:10232000850041E785670300F0F8FCFF036803F0D0
:102330001F025B09026004D0012B034818BF002074
:1023400070474FF0A04070470003005073B504463B
:10235000002201211C20FEF7C1FD60682369244A88
:1023600000F1080101F066FE224B98423CD16568FD
:10237000AE6B01AA002130461AF0EBFC002805DB09
:10238000019B326819791868FFF7FEFE0026314676
:102390002B6801F5AC7253F82230002B0EDB01A83C
:1023A0000193FFF7C3FF019AD0F80435D34013F02F
:1023B00001031CBF01238B403343DEB201310429EA
:1023C000E6D1002301206268916A00FA03F23242EA
:1023D0000CBF01220022D20321F813200133042B69
:1023E000F1D1002002B070BD6FF00F00FAE700BF1E
:1023F00079CD01000000AD0B2DE9F041044647689E
:102400000D4632F06BFA4FF0200888B9264B1B7846
:1024100073B1642660681AF068FDF0B901201BF002
:102420002CF8013EF6D10021212032F0DBFAF0E752
:10243000EFF31186314688F31288BFF36F8F60681F
:102440001AF053FDA8B986F31188BFF36F8FEFE739
:1024500086F31188BFF36F8FE5E7EFF311863146FE
:1024600088F31288BFF36F8F60681AF03EFD002872
:10247000EED0BB691D706368BA691B680020C3F8A1
:1024800044250122C3F84825C3F82001D3F8204190
:10249000C3F85801D3F858019A6081F31188BFF34B
:1024A0006F8FBDE8F08100BF6A8B0220F7B505464B
:1024B000002201210220FEF711FD0220FEF7DEFCC2
:1024C0006A6811681369C1F82435137D507D927DC7
:1024D00003431343C1F86C356E68D6E9004313F02B
:1024E000010348D02F6907F108001AF0D2FF304BE2
:1024F00098425AD1387A04F10C0204F590711AF01E
:10250000BEFF387A012707FA00F000F0E3FF082346
:10251000C4F80035B369C4F844350023C4F848351D
:10252000A760D4F85831002BFBD00021C4F8001567
:102530006B68DC6801AA20461AF00BFC002805DB5A
:10254000019B226819791868FFF71EFE6A681368F4
:102550000821C3F80015117A51B9D269C3F834259E
:102560000122C3F83825C3F81011D3F810111A60EE
:10257000002003B0F0BD0822C4F80025B269C4F8F9
:102580004425C4F848350123A360D4F82031002B3A
:10259000FBD00023C4F82031D4F820310123E360BC
:1025A0004FF48073C4F80433BBE76FF00400E0E736
:1025B0000000AD0B7FB50546406829698A6C0B6D3C
:1025C0000ABBABB14C6C8B6516461A46C96C0291BE
:1025D000CDE9004611B3002B18BF1346002269460F
:1025E000039301F021FF0E4B98420AD06FF00403D1
:1025F0002C69236304F1200018F0CAF8002384F842
:102600005C3004B070BD4C6C13B19A4228BF1A46BE
:10261000002C8A6514BF16460026D7E70B46DDE777
:102620000000AD0B2DE9F04F89B0046900934368B9
:1026300001938B88074698040E4691462AD44FF0A2
:10264000FF324FF0FF3304F1100018F0D5F8666048
:10265000D7F81080D7F804A098F85D3023B1D8F8E7
:1026600000309E4200F0B280B6F804C01CF4006F47
:1026700017D06FF08505236813B19B889B0405D4A0
:102680000023636004F1100018F082F8284609B0B6
:10269000BDE8F08FA369002BD1D163689942CED1F8
:1026A000D6E71CF0090F02D06FF01505E3E7CCF375
:1026B0004513082BF8D13568A34B9D42F4D90AF194
:1026C000080BBBE80F000DF10C0EAEE80F00DBF8B5
:1026D0000030CEF800309D4B9D4250D99C4B9D421E
:1026E00050D99C4B9D4250D99B4B9D4250D99B4BFE
:1026F0009D4250D99A4B9D422CBF4FF000454FF060
:1027000080451CF0020F05950CF0040346D0002B09
:1027100014BF032302238DF81830CCF300138DF877
:102720001930DAF80030D3F80835591C12D01CF0F3
:10273000020F03F01F00CCF340014FEA53134FF098
:10274000010232D173B3934240F0F680854B824050
:10275000C3F80C2598F85D302BB1504601F02CFEE3
:10276000002388F85D3043467F4A03A9504601F0B4
:10277000EFFD7E4B984224D06FF004057BE74FF0CD
:102780000075BEE74FF08065BBE74FF00065B8E726
:102790004FF08055B5E74FF00055B2E7003B18BF4A
:1027A0000123B8E74FF0A043D1E73BB1012B40F044
:1027B000C6806C4B8240C3F80825CBE74FF0A0439E
:1027C000F8E7012388F85D30C8F80060012384F839
:1027D0005C30019B596A4A1C03D003F128001AF0AF
:1027E000BCFCB9F1000F40F08780C4F8349000239E
:1027F000A36304F1480204F1380104F134001AF033
:10280000AAFB009B6064002B7FD1E3630023236459
:1028100004F1500204F1400104F13C001AF09BFB6A
:10282000E06420680023236348B183683BB1012141
:1028300008301AF0A3FB2368186931F06FFF38469F
:10284000FFF7B8FE0023A06B1A46824266D1002231
:10285000256C1146A94268D19342264638BF1346DB
:102860004FF4FA5202FB03F556F8203B4FF00008F4
:102870001B68B5FBF3F54FF4004CC835414640F2F8
:10288000E7304FF47A720023E5FB0C01FDF788FC7A
:1028900002460B46304617F0AFFF18B9256B15F10D
:1028A000740F13D10198C4F8588001F085FD84F8A5
:1028B0005D803F696FF073053D6307F1200017F0FD
:1028C00067FF87F85C80304617F0BCFF2368002B59
:1028D0003FF4D1AE9A68002A3FF4CDAE998811F446
:1028E00080567FF4C8AE186931F018FF2068314671
:1028F00008301AF043FBBEE6D9F800306363002BC2
:102900003FF475AFD9F8043072E7009B1B68E363AE
:10291000002B3FF47BAF009B5B6878E7616B01EBBA
:10292000C201013249680B448FE7E06B00EBC10044
:102930000131406802448DE7C1F80C15FFDE002329
:10294000C3F80835FAE700BF47E801008FD003005D
:102950001FA107003F420F007F841E00FF083D00BB
:1029600000127A0000030050BFD001000000AD0B40
:1029700000F01F0240090DD001280ED10A4B03EBD5
:1029800082030A4AD3F80007024042EA8102C3F8F0
:10299000002770474FF0A043F1E702F5E0720023F3
:1029A00053F82230FFDE00BF00030050F0F8FCFFB8
:1029B000F0B587B001238DF8023002238DF8043082
:1029C0006B4403930F4601AB0DF103010024049304
:1029D00005460291059401F04DF90C4B98420646CC
:1029E0000FD103AA3946284600F0A8FFB0420BD009
:1029F0009DF80310284601F037F96FF0040007B086
:102A0000F0BD6FF01200FAE72046F8E70000AD0BCA
:102A10002DE9FF410569D0F804802B6D0646A86CAE
:102A2000002835D1002B53D0B8F838406A6CEF6CD1
:102A30009C4228BF1C46EB6C53B1296D41B107F095
:102A40006041B1F1005F03D0082C6F6E28BF0824ED
:102A500000926A6CAC651AB1AA6C002A18BF2246B3
:102A6000CDE901271BB12B6D002B18BF2346002297
:102A700069464046039301F0C9FF184B984229D09C
:102A80006FF00401304604B0BDE8F0411AF07ABCA2
:102A9000696CEF6CB8F838400A46ABB1834228BF86
:102AA00003469C4228BF1C460029C4D001F0604365
:102AB000B3F1005FBFD0082C28BF08242246286E3F
:102AC00032F032F82A6EB6E7844228BF0446EBE7BC
:102AD0001946D7E704B0BDE8F08100BF0000AD0B98
:102AE0002DE9F04F8FB004690193436802938B88FE
:102AF00007469804884691462ED44FF0FF324FF097
:102B0000FF3304F1100017F077FEC4F80480D7F803
:102B100004B0D7F810A0DBF8083003939AF85D30C2
:102B200023B1DAF80030984500F0B580B8F804E039
:102B30001EF4006F17D06FF08505236813B19B88D2
:102B40009B0405D40023636004F1100017F020FEFD
:102B500028460FB0BDE8F08FA369002BCDD1636884
:102B60009942CAD1D3E71EF0090F02D06FF01505C4
:102B7000E3E7CEF34513082BF8D1D8F800C0984B03
:102B80009C45F3D90BF10C060FCE04AD0FC50FCE4B
:102B90000FC5039B634528BF63469C4696E8030028
:102BA000904B9C4585E8030017D28F4B9C4514D26F
:102BB0008E4B9C4511D28E4B9C454CD88D4B9C45E1
:102BC0004BD88D4B9C454AD88C4B9C4549D88C4959
:102BD0008C4B8D4A8C4588BF13461EF0020F09931B
:102BE0000EF004033FD0002B14BF032302238DF803
:102BF0002830CEF300138DF82930DBF80030D3F8FD
:102C00000835591C12D01EF0020F03F01F00CEF33E
:102C100040014FEA53134FF001022BD13BB39342D3
:102C200040F0D680794B8240C3F80C259AF85D308D
:102C30002BB1584601F09CFE00238AF85D303B46DC
:102C4000734A04A9584601F05FFE724B98421DD0AA
:102C50006FF0040571E7704BBFE7704BBDE7704B39
:102C6000BBE7704BB9E7003B18BF0123BFE74FF04C
:102C7000A043D8E73BB1012B40F0AD80634B8240CD
:102C8000C3F80825D2E74FF0A043F8E701238AF8FC
:102C90005D30CAF80080012384F85C30029B196C17
:102CA0004A1C03D003F144001AF057FAB9F1000F9F
:102CB00068D1C4F834900023A36304F1480204F1FE
:102CC000380104F134001AF075FA019B6064002B9E
:102CD00060D1E3630023236404F1500204F1400156
:102CE00004F13C001AF066FA00252A46E06401214E
:102CF000204625631AF0A6FA3846FFF789FEA06B36
:102D00002A462B4683424DD10023256C1946A94201
:102D10004FD19A42264638BF1A464FF4FA5303FB66
:102D200002F556F8203B4FF000081B68B5FBF3F5A1
:102D30004FF4004CC835414640F2E7304FF47A7208
:102D40000023E5FB0C01FDF72BFA02460B4630464B
:102D500017F052FD024618B9256B15F1740F2FD1EB
:102D60000298C4F8588001F003FE84F85D806FF08B
:102D7000730138461AF006FB304617F063FD6FF01A
:102D80007305DAE6D9F800306363002B93D0D9F8E5
:102D9000043091E7019B1B68E363002B9AD0019BF1
:102DA0005B6898E7616B01EBC301013349680A4432
:102DB000A8E7E06B00EBC100013140680344A6E7DF
:102DC000002D3FF4BAAE014638691AF03BFAB4E67A
:102DD000C1F80C15FFDE0023C3F80835FAE700BF81
:102DE00047E801000048E8010024F40000127A00DE
:102DF000FF083D007F841E003F420F001FA1070017
:102E00008FD0030048E8010090D003000003005079
:102E1000A7D301000000AD0B00093D0080841E0017
:102E200040420F0020A1070070B5012383400E4AE5
:102E3000BFF35B8FDC4352E8001F01EA040542E860
:102E40000056002EF7D1BFF35B8F4FF480328240E3
:102E50000648C0F80823BFF35F8FBFF36F8F0B42A4
:102E600014BF0120002070BDE44700200010014085
:102E700070B40E49D1E90034D01AC31844F10004EB
:102E800022F07F46C1E90034A6F50013B3F5400FE8
:102E900009D2074B1B681A0A1B069C19054B42F105
:102EA0000005C3E9004570BC18F0BCBB70040020ED
:102EB000E84700207804002011B3BFF35B8F0123A3
:102EC000104A834052E800CF4CEA030C42E800C1AC
:102ED0000029F7D1BFF35B8F0B4A4FF48033834057
:102EE000C2F80433094BBFF35B8F1B68BFF35B8FE2
:102EF000C340DB0742BF064B4FF40032C3F800214A
:102F0000704700BFE447002000100140E047002068
:102F100000E100E00D4B1868010A0006BFF35F8F67
:102F20000B4BD3F80435181841F10001B3F5801F9D
:102F30000AD2084BD3E90023904271EB030303D27A
:102F400010F1807041F10001704700BFE847002098
:102F500000100140780400202DE9F04F85B016469E
:102F60001F469DF840A00446FFF75EFF0190FFF763
:102F7000D1FFB04271EB070354D23E4B301A67EBDE
:102F80000101984271F100014FD23B4B03EB041356
:102F9000D3E902239F4208BF96425ED037494FF4DF
:102FA000803804F1500508FA04F8AD00C1F84883F0
:102FB0002046ADB21AF050FA26F07F4B05F180455D
:102FC00004F5A87305F58835DC464FF00309029334
:102FD000029A2CF07F4341F82230C1F84483D1F8A3
:102FE0000435274A6FF00200C01A604420F07F4089
:102FF000904232D9286868B1D1F804350393A3EB25
:103000000B0020F07F40B0F5000F26D920461AF0C3
:1030100023FA039BBAF1000F07D109EB030C09F166
:103020000109D5E7BAF1000F09D06FF01505204668
:103030000199FFF741FF284605B0BDE8F08F012355
:10304000104ABFF35B8FA34052E8000F184342E8D9
:1030500000010029F8D1BFF35B8F07490E982301C7
:1030600001EB0412C8500F9B5360C2E902670025B0
:10307000DDE700BF01008000600400200010014077
:10308000FDFF7F00E04700207FB51C4C1C4BC4F8BF
:103090000833C4F848331B4B00254FF0FF304FF086
:1030A000FF31C4F80855C3E902014FF48033C4F876
:1030B0000433154B02264FF400320121C4F8046397
:1030C0001120C3F880212A46FDF708FF1120FDF7E3
:1030D000D5FE0E4A0123A360236013600C4B0D4AFA
:1030E0000093CDE9015500232846FFF735FF304610
:1030F000FEF7ACFA284604B070BD00BF00100140D6
:1031000003000F006004002000E100E0E44700201D
:10311000712E0000FFFF7F002DE9F7432F4CD4F8FC
:10312000043399070BD5D4F8043143B12C4A00235A
:10313000C4F80431D4F80431136801331360D4F8AF
:103140000433DA0329D5BFF35B8F264B53E8002FF6
:1031500022F0010143E800100028F7D1BFF35B8F94
:10316000D30702D4D4F84031BBB10025C4F8405194
:10317000D4F84031FFF7CEFEEFF31182202383F322
:103180001288BFF36F8F184BD3E90267B042B94181
:1031900006D282F31188BFF36F8F03B0BDE8F083CE
:1031A0004FF0FF384FF0FF39C3E90289D3E900102F
:1031B0001D604FF48033C4F84833C4F84051D4F84C
:1031C000403182F31188BFF36F8F0029E5D0009062
:1031D00032463B4628468847DFE700BF00100140E3
:1031E000E8470020E04700206004002030B5431C81
:1031F000124C85B005D08442A8BF0446012CB8BF4C
:103200000124FFF787FE0E4B0C4DD3E90013401A43
:10321000B0F5000F10D22218AA4228BF2A46521831
:103220004FF0000007490091CDE9010043F1000390
:10323000FFF792FE05B030BD2A46F0E7FFFF7F00A2
:1032400070040020712E000008B5FFF763FE024BEA
:103250001B68C01A08BD00BF700400204FF08053E7
:10326000D3F83021082A06D1D3F83431052B02D8FF
:10327000024AD05C70470020704700BFC867030057
:10328000024AD2F80034002BFBD0704700E0014026
:1032900010B54FF08053D3F83021082A4ED14FF0AB
:1032A00080420021C2F80C11C2F81011C2F8381582
:1032B00002F54042D3F80414C2F82015D3F80814DC
:1032C000C2F82415D3F80C14C2F82815D3F810143A
:1032D000C2F82C15D3F81414C2F83015D3F818140A
:1032E000C2F83415D3F81C14C2F84015D3F82014D2
:1032F000C2F84415D3F82414C2F84815D3F828149A
:10330000C2F84C15D3F82C14C2F85015D3F8301469
:10331000C2F85415D3F83414C2F86015D3F8381431
:10332000C2F86415D3F83C14C2F86815D3F84014F9
:10333000C2F86C15D3F84434C2F87035FFF78EFF2D
:1033400018B13A4B3A4AC3F88C26FFF787FF18B1F9
:10335000384BFB22C3F81825FFF780FF70B14FF000
:1033600080414FF08053D1F8E42ED3F8583222F048
:103370000F0203F00F031343C1F8E43EFFF76EFFA3
:1033800020B12D4B4FF40072C3F840264FF080530C
:10339000D3F83031082B1AD14FF08043D3F80024F2
:1033A000D20744BF6FF00102C3F800244FF08053EE
:1033B000D3F83431052B02D8204AD35C3BB14FF00F
:1033C0001023D3F808224FF08043C3F858254FF05C
:1033D0001023D3F80022002A03DBD3F80432002B99
:1033E00022DA174901234FF01020C1F804351224C6
:1033F000FFF746FFC0F80042FFF742FFC0F8044263
:10340000FFF73EFF0023C1F80435FFF739FFBFF394
:103410004F8F0C490C4BCA6802F4E0621343CB6037
:10342000BFF34F8F00BFFDE710BD00BF005000404D
:103430004881030000F0004000900240C267030092
:1034400000E0014000ED00E00400FA0530B504683A
:10345000CCB1BFF35B8FB4FA84F3C3F11F03DBB2CB
:1034600001229A4024EA020250E8005FA54204D1FA
:1034700040E8002CBCF1000FF6D1BFF35B8FE6D122
:1034800002480B7030BD0248FCE700BF0000AD0BE6
:103490000200AD0B10B50368CB40DB0714D4012349
:1034A0008B400268BFF35B8F43EA020150E8004F94
:1034B000944204D140E8001CBCF1000FF6D1BFF3E8
:1034C0005B8FEED1014810BD0148FCE70000AD0B59
:1034D0000400AD0B014BC3F80405704700F0014038
:1034E000F7B50546F8B101281BD104224FF48073CB
:1034F00001464FF0804003440244C0F80813002600
:10350000012111601E608D421B688DF8071008BFF5
:103510000DF1070642F210744FF0804745B1012DBE
:1035200028D003B0F0BD0C224FF482730221E0E7F3
:10353000D7F8183403F480333EB9002BF1D00120C2
:1035400019F09BFF013CF3D1EBE7D7F8182402F008
:1035500003023260002BE4D09DF80700012803D15C
:1035600019F08BFF013CD9D1012DDAD10C4B00228F
:103570005A71D6E7D7F80C3403F480333EB9002BE8
:10358000F4D0012019F079FF013CF3D1EEE7D7F830
:103590000C2402F001023270002BDDD1E6E700BFFF
:1035A000EC470020044B1A7922B9012218609A8056
:1035B0000248704702487047EC4700200000AD0BFE
:1035C0000C00AD0B08B5074B1B682BB10020FDF7B5
:1035D00077FC08B9FDF752FC4FF080430022C3F896
:1035E000182508BDEC47002010B510B1012843D0C4
:1035F00010BD4FF08043D3F81814D3F81824C80333
:1036000021D502F00303012B04D013B10020FFF7F2
:1036100067FF00234FF080420220C2F818350822CD
:103620004FF4827303F180430021196002F180425C
:103630001C6801241460154A12680AB34FF08043D5
:10364000C3F80403D4E7D3F81424D107E1D5D3F8A1
:103650001C249207DAD40D4A12681AB10222C3F868
:103660000423C5E7D3F80421002AFBD00022C3F8C5
:103670000421D3F80431BBE700224FF48073D1E773
:103680001A68002AFCD019601B68B1E7EC470020DB
:10369000F8B54FF080431C4ED3F8044301250027B2
:1036A00004B9F8BDB4FA84F0C0F11F00830003F53B
:1036B00080739BB203F1804305FA00F2196892B25D
:1036C00024EA02040029EBD01F601B684FF08043FE
:1036D000012AC3F8082305D0022A08D03368C0B2F3
:1036E0009847DDE77379002BDAD17271F6E7D3F8EA
:1036F0001814D3F818148907F0D1C3F81855C3F873
:1037000004239D60CCE700BFEC470020036803F072
:103710001F025B09026004D0012B034818BF002080
:1037200070474FF0A040704700030050034A430920
:1037300000F01F00D35C1844C0B27047CE6703008E
:1037400070B50546FFF7F2FF0C4C08300E4634F812
:103750001030DA0508D5C3F3432304EBC30228462F
:1037600054F8333052689847A3682BB1E268314669
:103770002846BDE87040184770BD00BF0401002016
:1037800008B5FFF7D3FF034B083033F81000400BA8
:1037900008BD00BF0401002008B5FFF7C7FF034BB9
:1037A000083033F81000C0F3400008BD04010020C9
:1037B00008B5FFF7BBFF034B083033F81000C0F328
:1037C000401008BD04010020034611F0010010B5AF
:1037D000CCB20DD1A207C4F3400012D5094AD2F8E9
:1037E00020055860C2F82005003818BF012008E005
:1037F0004FF0A041D1F820251A60C1F82025002AF9
:10380000E8D010BD0003005010B5FFF78FFF124A3B
:10381000083032F81030D9051CD5C3F3432123F406
:10382000F85322F8103002F10E04002034F8023F61
:1038300013F4807F03D0C3F3432399420AD00130AD
:103840003028F3D1002342F831300448BDE810405D
:10385000FFF720BE10BD00BF040100207C01002046
:10386000F0B5054600200446012607468C420BD1E0
:10387000114BD3F87C2132B10022C3F87C21D3F85C
:103880007C3140F00040F0BDE3B29B0003F5807254
:103890009B0806FA03F31D420BD002F1804202F5A9
:1038A000C042D2F800C0BCF1000F02D0176012680D
:1038B00018430134DAE700BF00600040F7B5064660
:1038C0000846FFF733FF194F00F108050C4637F89B
:1038D0001530DB0727D5304619F048FE2046FFF7A4
:1038E00067FF40B12046FFF74BFF316800F5A2703B
:1038F000002341F820302046FFF786FF002301A86F
:1039000027F815300194FFF701FF019B00EB8300BE
:10391000074BD0F80027134043F00203C0F80037EC
:10392000044803B0F0BD0448FBE700BF04010020D9
:10393000F0F8FCFF0000AD0B0400AD0B2DE9FF41DA
:10394000164680460846FFF7F1FE0D4631680446EC
:1039500009B32846FFF720FF18B12846FFF728FFD4
:1039600010BB0023CDE900338DF80E308DF80F30F9
:103970000DF10F020B4628460DF10E0119F08DFDD9
:10398000474A04F1080132F8113023F0020343F0F2
:10399000010322F81130736863B328461F78596811
:1039A000FFF7FAFE10B1D1B13E4826E03C4A04F1DF
:1039B000080032F8103023F02003DB04DB0C22F87F
:1039C000103061B1032FEFD87168496891F800C0D9
:1039D000D8F80010A7B90CF5A27C41F82C70304A39
:1039E00004F1080132F8113023F01C0343EA870385
:1039F00022F81130B3684BBB2B4804B0BDE8F0810E
:103A000001EB8C0143EA4C33D1F810E52EF0030EA4
:103A1000C1F810E5D8F8001001EB8C0E43F020033C
:103A2000DEF8101522F8103021F44F3121F44071E6
:103A3000CEF810152902DEF8108501F47C5141EA18
:103A4000074141EA0801CEF81015C8E7D3E900673D
:103A50002846FFF7D9FE002ECED0114DD5E9002320
:103A6000964203D19F4201D1002209E00F480DF197
:103A70000F01FFF7EBFC0C4B9842BED19DF80F20D5
:103A800045F8326005EBC20308345F6035F8143046
:103A900043EA422343F4807325F81430ACE700BFB7
:103AA000040100200400AD0B0000AD0B7C010020E0
:103AB0002DE9F0430C4685B08046204611461E464F
:103AC000FFF734FE054629B32046FFF765FE18B917
:103AD0002046FFF76DFE18BB314F05F1080937F896
:103AE000193013F01C0F02D04B78012B18D0012392
:103AF0008DF80F300023CDE900134A1C8B1C2046A3
:103B00000DF10F0119F0C9FC37F8193043F0030328
:103B100027F81930002E41D02046FFF73DFE18B996
:103B2000204805B0BDE8F08396F800C0D8F8003012
:103B30001B4F0CF5A272002143F8221005F1080278
:103B400037F8121021F02001C904C90C27F812100F
:103B500075781DB3D8F80000B67800EB8C002D0402
:103B6000D0F8103523F4991323F4F853C0F8103526
:103B7000230203F47C5305F440353605D0F810E5F4
:103B80002B4306F4801641EA4C31334341F02001C7
:103B900043EA0E0327F81210C0F810350248C0E7B8
:103BA000040100200400AD0B0000AD0B014BC3E984
:103BB000021270470401002010B508461446FFF7B2
:103BC000F7FD50B10846FFF7B1FD054B083033F85B
:103BD000103004485B0B237010BD0348FCE700BFA6
:103BE000040100200000AD0B0400AD0B70B5164DB4
:103BF00095F8804006462CBB2146602205F1100056
:103C000030F0BAFF30682E6F21468E420ED100236D
:103C1000C0F87C31D0F87C3140F30730FDF72EF945
:103C200001230A4885F88030AB6770BDCBB29B009A
:103C300003F580727C2B08BF845001F1010108BF9D
:103C40008358E2E70248F0E7040100200000AD0BD2
:103C50000C00AD0B034B93F88000003818BF012017
:103C6000704700BF040100200148FFF713BC00BFEC
:103C7000780100200148FFF7E9BB00BF7801002070
:103C800073B503681646D3F80423002AA8BF4FF083
:103C900000420546A8BFC3F8042308460C46FFF7B8
:103CA00087FD00B30846FFF777FD0146D8B92046E7
:103CB000FFF766FD04B2A40004F58072034628688D
:103CC0008150296882582144D1F8102542F0010220
:103CD000C1F810252EB12968012202FA03F3C1F8B8
:103CE000043302B070BD2046FFF720FD0F4B0830B3
:103CF00033F81030C3F38203042B12D0052B12D0FB
:103D000001A80194FFF702FD019AD0F81035D340C5
:103D100003F00103991C204602B0BDE8704019F081
:103D200005BC0321F7E70221F5E700BF04010020ED
:103D30002DE9F04F694BDFF8A891D3F80403D9F8C7
:103D40007010C0B289B040F00040FFF789FD051E39
:103D50002EDACA4600235AF87C1F06A8CDE906339E
:103D6000FFF732FD5F4B01930DF118084FF0000B88
:103D7000019A12F8013B0192DA0803F007031AF8DE
:103D8000022022FA03F3DA071BD408F10408BBF17E
:103D9000000F13D000214FF00040FFF761FDD9F86C
:103DA0007C1006A8FFF710FD0028DBD125F00045A8
:103DB0000124002D79D109B0BDE8F08F4FF0010B3F
:103DC000D6E7494B5B440293D8F800100029DCD0B9
:103DD000029B91FAA1F11C78B1FA81F141EA4414F5
:103DE0002046FFF7A3FC0830059439F81070C80886
:103DF000BB0818F80020039301F00701012303FA20
:103E000001F122EA010208F8002005A8FFF77EFC74
:103E1000059A039B02F5E072C7F3820650F8222050
:103E20005B073746C2F3014224D520463946D6B255
:103E3000FFF786FC05A80594FFF768FC059B03F5D2
:103E4000E07350F82330C3F301439E4207D10021B1
:103E5000204619F06BFB3146204619F067FB05A898
:103E60000594FFF753FC059B012202FA03F3C0F807
:103E70002035A9E7022A0CD10321204619F056FB70
:103E800006F00503012BEAD139462046FFF758FC1E
:103E9000E5E702212046039219F048FB032EF3D0F8
:103EA000039A032ADBD1022EEDE795FAA5F3B3FAC4
:103EB00083F304FA03F29B0003F1804303F5C0434C
:103EC00025EA0205D3F81005D3F81015C0F3052034
:103ED000C1F30141FFF734FC6BE700BF0060004015
:103EE00004010020DE670300DE670300014601488D
:103EF000FFF7ACBA88010020036803F01F025B09DA
:103F0000026004D0012B034818BF002070474FF017
:103F1000A04070470003005070B505790A4C142387
:103F20006B43E618E35833B90068022119F07EFBB1
:103F300008B101233372142303FB0544207A0238AD
:103F400018BF012070BD00BFF44700202DE9F347E2
:103F50000B7F04466BBBDFF8D8900D1F01F11006F4
:103F600001F10C08012755F804AFBAF1FF3F1CD04E
:103F70003378CDF804A001A8002B50D0FFF7BCFF88
:103F8000019B07FA03F3C0F8083501A8CDF804A097
:103F9000FFF7B2FF019B00EB8300D0F8003703EA84
:103FA000090343F00303C0F80037A84506F10106F2
:103FB000D9D191F81DC00D8B4F7D8E7D8A7EC87E34
:103FC0002368BCF1000F0BD1D1E9008ED1E902C109
:103FD000C3F86085C3F864E5C3F868C5C3F86C1519
:103FE00042EA0022C3F80C75C3F80465C3F808550B
:103FF000C3F8102520680023C0F81031D0F8102134
:10400000C0F80831D0F80821C0F80C31D0F80C31D4
:1040100040F3073002B0BDE8F047FCF72FBFFFF7D1
:104020006BFF019B07FA03F3C0F80C35ADE700BF47
:10403000F0F8FCFF2DE9F04190F804800D4C1426B7
:1040400006FB08F6A71997F808C0BCF1000F0ED1BF
:10405000A2517B6019B10B7F3B74FFF777FF1423EC
:1040600003FB0844044801232372BDE8F0810348A0
:10407000FBE700BFF44700200000AD0B0C00AD0BC8
:1040800070B40C460179266815461A461A4B01EBA6
:10409000810103EB81010368C3F82065A688C3F89A
:1040A0002465A668C3F82865E668C3F82C6503682C
:1040B0002668C3F84065A688C3F84465A668C3F8B7
:1040C0004865E468C3F84C45046805F0010303EB58
:1040D0005505C4F81455D4070CD412F0020403D0CB
:1040E000002B14BF082404240568C5F8004270BCE6
:1040F00019F067BA1024F7E7F447002038B50368D1
:1041000005790022C3F800220368012204465A60A0
:1041100071B12046FFF700FF0028FAD02368002283
:10412000C3F80025054B142202FB053301221A7245
:104130002046BDE83840FFF7EFBE00BFF44700203F
:1041400010B5B2211A4819F071FAC106044608D513
:10415000184BDA68520704D51A6812B15968012061
:104160009047A00608D5134BDA68110704D51A68E2
:1041700012B1596802209047220608D50D4BD86825
:1041800010F0100003D11A680AB159689047A307CC
:104190000DD5074B0022C3F80025064B01221A72E9
:1041A0001A6822B1BDE8104059680320104710BDBD
:1041B00000C00140F4470020036803F01F025B09C0
:1041C000026004D0012B034818BF002070474FF055
:1041D000A04070470003005007B5019001A8FFF709
:1041E000EBFF019B00EB8300054BD0F80027134049
:1041F00043F00303C0F8003703B05DF804FB00BFD1
:10420000F0F8FCFF73B5CB7B0446002B38D10B7B59
:104210000878012B77D819F042FA0B78019301A89E
:10422000FFF7CAFF019B00EB83003C4BD0F800274F
:10423000134043F00103C0F800374878FF2804D04A
:1042400019F02DFA4878FFF7C7FF8B78FF2B0FD0B6
:1042500001A88D7B0193FFF7AFFF019B00EB83006B
:104260002E4BD0F80027134043EA8503C0F80037EF
:10427000C878FF2804D019F005FAC878FFF7ACFF1A
:1042800023792748CA78282505FB03039A770B7CF6
:104290009BB94B7825680E78FF2B18BF1A468B7890
:1042A000C5F8086508BF4FF0FF32FF2B08BF4FF07D
:1042B000FF33C5F80C25C5F8103523688A68C3F8A4
:1042C00024254B7B0A7B2568003B18BF0123022A6B
:1042D0001CD0032A1DD0012A01D143F00203C5F8E6
:1042E000543523794979282202FB0303D9772379AE
:1042F0005343C35883B1206840F3073002B0BDE890
:104300007040FCF7BBBD19F0BDF986E743F004032C
:10431000E5E743F00603E2E702B070BDF0F8FCFF0A
:104320000848002007B5019001A8FFF745FF019B51
:1043300000EB8300054BD0F80027134043F0020345
:10434000C0F8003703B05DF804FB00BFF0F8FCFFD5
:104350002DE9F04190F80480144C4FF0280C0CFB30
:1043600008FC04EB0C06074696F81CE0BEF1000FB3
:1043700019D144F80C20736041B1CB7B86F825300D
:10438000CB78B3774B79F377FFF73CFF3A6808486F
:104390000123C2F80035282202FB0844002262777C
:1043A0002377BDE8F0810348FBE700BF0848002001
:1043B0000000AD0B0C00AD0B70B50679194C05680B
:1043C00028237343E35833B145F30730FCF764FD0A
:1043D0000423C5F808330023C5F80035282303FB60
:1043E000064393F82530BBB9D5F80805FFF79AFFC7
:1043F000D5F81005421C01D0FFF794FFD5F80C0545
:10440000431C01D0FFF78EFF282303FB0643987F50
:10441000FF2801D0FFF786FF282303FB0644002373
:10442000237770BD084800202DE9F8430779394CFF
:1044300028237B439046E2180E46517F814600298F
:1044400066D1E3580BB10123537796E80F00282576
:1044500005FB074505F10C0C8CE80F00A87F002335
:10446000FF2885F8243001D019F019F92823B8F174
:10447000000F06D003FB0743002227485A77BDE808
:10448000F883D9F8005003FB07430422C5F808233A
:10449000C3F82080C5F80881D5F8082172689AB160
:1044A00033681B78C5F81C357368012B0ED9336847
:1044B0005B78C5F81C3528237B43E65876B1042386
:1044C000C5F804331548DAE7DB7FEBE7F368012B27
:1044D000F1D9282303FB0743DB7FEAE707EB8701DA
:1044E00004EBC101D5F80831002BFBD0C5F80861F9
:1044F0002846D5F8083119F0DFF80028F2D1282332
:1045000003FB0744A07FFF28DCD019F0BBF8D9E7F4
:104510000348B4E7084800200300AD0B0000AD0BD2
:104520000B00AD0B10B54FF040200023C0F8083150
:104530000A49D0F8083119F0BFF868B9887FFF2818
:1045400001D019F09FF800234B770B72BDE81040A3
:10455000D1E900310248184710BD00BF08480020CB
:1045600010480020036803F01F025B09026004D0BA
:10457000012B034818BF002070474FF0A040704740
:1045800000030050012370B504460D4643616426C4
:1045900000220221204619F0D7F820B9012018F096
:1045A0006CFF013EF4D100236B774FF08051D1E9CD
:1045B0004C1208291AD1052A18D80E498A5CAAB1CA
:1045C0004FF0FF32D4F80805D4F80C15C4F80035C4
:1045D000C4F80825C4F80C250922C4F80025C4F83D
:1045E0000035C4F80805C4F80C1570BD0023C4F8E4
:1045F0000035FAE7E06703000F4B984219D00DD859
:104600000E4B984215D007D80D4B984211D00D4B48
:10461000C31A5842584170470B4BF9E70B4B98426D
:1046200007D004D80A4B984203D00A4BF0E70A4B54
:10463000EEE70120704700BF80841E0020A1070024
:1046400048E8010090D0030040420F000024F4002D
:1046500000093D0000127A000048E80173B51646D3
:10466000421C1C460546069B18D0012902D1BBB14D
:1046700019F0A8F801A80195FFF774FF019B00EB62
:1046800083002402D0F80027074B44EA86040C4339
:1046900013401C4344EA4101C0F8001702B070BD4A
:1046A00019F09DF8E6E700BFF0F8FCFF2DE9F04FA8
:1046B00091F8213090F804A085B007460C46002BF5
:1046C00000F0B48091F8223003934FF0010865693F
:1046D000784B9D4200F0C48000F2B480764B9D423E
:1046E00000F0C18000F2A680744B9D4200F0BE80B5
:1046F000734B9D420CBF4FF080654FF08045DFF853
:10470000C49194F82300242202FB0A93997F60F35A
:10471000000199773B79217C02FB03939A7F61F337
:1047200041029A7794F82360002E32D16269664B79
:104730009A420CBF4FF0030B4FF0000B237E012B6E
:1047400094BF00230123009320685B463246012179
:10475000FFF784FF009660685B4632460121FFF751
:104760007DFF0096A27EA0685B463146FFF776FF8C
:10477000237C83F001030093E0685B46324601210D
:10478000FFF76CFF01210091E0695B463246FFF7BD
:1047900065FF2423B8F1000F71D003FB0A934FF09B
:1047A000FF321A62A07C217E627EE66894F8108057
:1047B00094F824E094F820C03B68BEF1000F13D1B8
:1047C000D4E900BAD4F808E0E469C3F808B5C3F83E
:1047D0000CA5C3F810E5C3F86C45039CC3F8146539
:1047E000C3F86885C3F86445003A18BF012202295E
:1047F000C3F8C005C3F8245553D0032954D0012968
:1048000001D142F00202C3F85425C3F860C53B79D8
:104810002422534359F80330002B48D0386840F322
:10482000073005B0BDE8F04FFCF728BB98460223DF
:1048300003934CE7254B9D420CBF4FF080554FF042
:1048400080455CE7224B9D4213D01F4B9D4213D005
:10485000204B9D420CBF4FF000454FF080454EE786
:104860004FF000554BE74FF0006548E74FF00075FB
:1048700045E74FF0206542E74FF0A0553FE703FBC7
:104880000A9AE268CAF82020227C9AF81E3062F365
:1048900041038AF81E30A07C217E627E4FF0FF36F5
:1048A00086E742F00402AEE742F00602ABE705B04D
:1048B000BDE8F08F80841E0020A1070048E80100B9
:1048C00090D00300344800200048E80140420F0027
:1048D0000024F40000127A00431C07B50ED00190AA
:1048E00001A8FFF73FFE019B00EB8300054BD0F8CA
:1048F0000027134043F00203C0F8003703B05DF80F
:1049000004FB00BFF0F8FCFF2DE9F8430746144C08
:1049100097F80480242505FB08F504EB05091E46DD
:1049200099F81C30C3B999B14869FFF765FEA8B181
:1049300038466251C9F80460FFF7B8FE242303FB30
:10494000084400236377074801232377BDE8F883F1
:104950006251C9F80460F1E70348F7E70348F5E757
:10496000344800200000AD0B0C00AD0B0400AD0B73
:104970002DE9F041044606790068214D40F30730E7
:10498000FCF78AFA24237343EB5853B123681D4A7A
:10499000C3F8082306EBC601206805EB8101FFF789
:1049A000F1FD2421236801FB0651D3F80805D3F853
:1049B0000C75D3F810858B7FDB0714D4FFF78CFFC1
:1049C0004046FFF789FF3846FFF786FF086AFFF782
:1049D00083FF2368D3F86C05D3F81415FFF77CFF29
:1049E0000846FFF779FF2368074A934204BF012274
:1049F0005A60242303FB065500232B77BDE8F08182
:104A0000344800205201080000F002402DE9F04334
:104A10000779DFF8AC8124237B43164608EB0302B9
:104A20000D46517F85B08146002940F0C68058F878
:104A3000033023B116F0140F04BF0123537795E818
:104A40000F00242404FB078404F10C0C8CE80F00F5
:104A5000206A431C04D0A37F99071AD518F0B2FE30
:104A60002968D9F8004021B101F06043B3F1005F3B
:104A700006D1AB6883B103F06043B3F1005F0BD0A4
:104A8000242303FB078300224E485A7705B0BDE874
:104A9000F08318F0A4FEE3E74B4B9C4224D14FF087
:104AA00080436A68D3F8000E484B1860E2B148486A
:104AB00021F4FF5323F01F0383426ED85018DFF810
:104AC00014C1C3F34F3101228A40002103F5005382
:104AD000984241EA02014FEA420201D96345F5D307
:104AE0004FF08043C3F8001E16F0010318BF0123E6
:104AF000C4F8503516F0020318BF0123C4F840353E
:104B000095E80F00EC468CE80F00039BC4F84405C1
:104B1000C4F84815C4F83425C4F838350023C4F85F
:104B20001831D4F8183116F008054FF00703C4F80F
:104B300000350FD124237B4358F803200123236140
:104B400042B9D4F81831002BFBD0624640212046F0
:104B500018F0FAFD24237B4358F803301BBB1A4B93
:104B60009C4201BF194B1A684FF08043C3F8002ED6
:104B7000242303FB0783186A421C04D09B7F9B07F6
:104B80000ED518F02CFE35B907EBC70708EB8701E7
:104B90002046FFF7F7FC104878E74FF480719FE755
:104BA00018F010FEEFE716F0040F4FF0400314BFAB
:104BB000C4F80833C4F80433EDE7084866E700BFDB
:104BC000344800200A00AD0B00F0024030480020BD
:104BD000FFFF0020002001200000AD0B0B00AD0BFB
:104BE00010B5134A1348402118F0AEFDF8B1124B2E
:104BF000124C1A684FF08043C3F8002E206A421C02
:104C000004D0A37F9B070FD518F0E9FD637F1BB18C
:104C10000A490848FFF7B6FC002323720848D4E984
:104C20000031BDE81040184718F0CCFDEEE710BD8C
:104C30004048002000F00240304800203448002066
:104C40003C48002030B500F01F04400911D0012875
:104C500012D10C4800EB84001B02D0F800570A4C1C
:104C600043EA82022C4042EA41012143C0F8001786
:104C700030BD4FF0A040EDE704F5E074002353F899
:104C80002430FFDE00030050F0F8FCFFCB7B10B4B3
:104C900033B9D1E900420368C3F80845C3F80C25CD
:104CA00003688A68C3F8242503793C225343054AE4
:104CB000D3582BB1006810BC40F30730FCF7DEB8C6
:104CC00010BC70475848002013B53B4B019300239C
:104CD000C0F80431D0F80421C0F82431D0F82421E0
:104CE000C0F81C31D0F81C21C0F80831D0F80821D8
:104CF000C0F800324B6381F82F300123036291F832
:104D00002D209A4218BF83604B6B8A6A93420446F7
:104D10000ED24A6AD35CC0F81C350B6803B340F26C
:104D200086238B608B682548C4F8043302B010BD1D
:104D300091F82C3013B10123C361EEE70B6A13F035
:104D4000400F4FF0010316BFC361436181F82D305E
:104D5000E3E7204618F050FD28B1019B013B019389
:104D6000019B002BF5DC91F82F305BB91348019BB8
:104D7000002BDBDC0023C4F8003505231048C4F801
:104D80000035D3E7D4F8C434C4F8C4348BB10D4A29
:104D90000B4813F0010F18BF104613F0020F02F179
:104DA000010218BF104613F0040F074B18BF184636
:104DB000DDE70348DBE700BFA08601000000AD0B84
:104DC0000100AD0B0000AE0B0200AE0B13B5334B70
:104DD00001930023C0F80431D0F80421C0F8243135
:104DE000D0F82421C0F81C31D0F81C21C0F80831BB
:104DF000D0F808214B6381F82F308B6A012B0446D1
:104E000017D10B6A5B0614D40223C4F800320123C5
:104E1000236291F82D20022A18BF23600B688BB102
:104E200040F286238B608B681D48C4F8043302B0BF
:104E300010BD0123E9E7204618F0DEFC28B1019BF4
:104E4000013B0193019B002BF5DC91F82F305BB9FE
:104E50001348019B002BEADC0023C4F8003505232E
:104E60001048C4F80035E2E7D4F8C434C4F8C434B8
:104E70008BB10D4A0B4813F0010F18BF104613F009
:104E8000020F02F1010218BF104613F0040F074B86
:104E900018BF1846DDE70348DBE700BFA086010026
:104EA0000000AD0B0100AD0B0000AE0B0200AE0B1D
:104EB0002DE9F84390F804901C4E07463C2000FB77
:104EC00009F035180C4695F82E1061BBA9603250D8
:104ED0006B6085F82D1085F8311085F83010CCB155
:104EE000637B85F8383094F80E8085F83980B8F106
:104EF000000F0BD12068062303224146FFF7A2FED4
:104F00006068062303224146FFF79CFE214638468F
:104F1000FFF7BCFE3C2303FB09660548012386F826
:104F20002E30BDE8F8830348FBE700BF5848002057
:104F30000000AD0B0C00AD0B036802790521C3F82E
:104F40000015044B3C2101FB0233022283F82E2082
:104F5000704700BF5848002003680B4A0179C3F826
:104F60000823D3F8002222F00302C3F80022002213
:104F7000C3F80025054B3C2000FB0133012183F8D9
:104F80002E1083F8302070478642040058480020D5
:104F90002DE9F047314F0479D0F800903C2303FB12
:104FA00004730D4693F82D30012B944604D10B78F1
:104FB000012B06D12A4811E0022B02D10B78012BDC
:104FC000F8D13C26274BC9F8083306FB047696F83F
:104FD00030302BB1B3682448C9F80433BDE8F087FA
:104FE0008CF00403C3F3800386F83030C6F820C089
:104FF000A846B8E80F0006F10C0EAEE80F00D8F88E
:105000000030CEF800306B68B362EB6873626B7887
:10501000C9F888352B78C4EB041A012B07EB8A0AF0
:1050200017D09BB9CCF3401C3C2303FB04735146BF
:10503000484683F82CC0FFF747FE3C235C433A19EF
:105040003B59002BCAD182F83030C7E74FF0010C32
:10505000EAE751464846FFF7B9FEEEE75848002018
:105060000500AD0B864204000B00AD0BF0B5324CD1
:10507000324887B0214618F0BFFB002859D194F878
:105080002F70FFB9227B931E012B1BD8606AA36986
:10509000984217D1E36963626369A362236A274870
:1050A00084F82D70C3F34013032A84F82C3004D104
:1050B00007B0BDE8F040FFF707BE07B0BDE8F0401D
:1050C000FFF784BE1E4E0FCE01AD0FC533682B60B7
:1050D00047B31A4AD2F8C434C2F8C43413F00201F8
:1050E00006D001238DF80030002384F8303007E02B
:1050F00013F0040209D002238DF8003084F8301038
:10510000D4E900316846984713E013F0010305D055
:1051100003238DF8003084F83020F1E704228DF865
:105120000020E2E7236A8DF800705B0784F8307096
:10513000E6D507B0F0BD00BF584800200030004061
:1051400064480020036803F01F025B09026004D07A
:10515000012B034818BF002070474FF0A040704754
:1051600000030050F7B5064618F0DEFB084618F0BD
:10517000DBFB01A80196FFF7E5FF019B2E4D00EB3D
:1051800083000C46D0F80037019440F20D612B40AB
:105190000B43C0F8003701A8FFF7D4FF019B00EBD9
:1051A00083000127D0F800372B400B43C0F80037AD
:1051B000042018F062F9092501A80194FFF7C2FF45
:1051C000019AD0F81035D340DB0715D401A8019619
:1051D000FFF7B8FF019B07FA03F3C0F80C35042072
:1051E00018F04BF9304618F09FFB013D042018F0F1
:1051F00044F915F0FF05DFD101A80194FFF7A2FFE4
:10520000019A01239340C0F80C35042018F035F9B9
:10521000204618F089FB042018F02FF901A801940A
:10522000FFF790FF019AD0F810350448D34003F0FF
:105230000103C01A03B0F0BDF0F8FCFF0100AD0B94
:105240000148202128F06DBDC8480020014B186C92
:10525000704700BF9448002010B50446064A07492D
:1052600018F08BFB63692BB120B920460121BDE802
:105270001040184710BD00BF7FDE020073DE020041
:1052800010B50749074A044618F077FB63690146E1
:1052900023B118B92046BDE81040184710BD00BF23
:1052A00079DE020087DE020010B50146044800F0F6
:1052B00009F8044608B119F098FA204610BD00BF5D
:1052C000785403002C4A70B506460D4620B1036A97
:1052D0001A4212D0C3F30F100BF09CF8044648B1E9
:1052E000C0E900657DBB02F0F3FC064638B92046F4
:1052F0000BF0A2F80024204670BD0068E6E7D0F865
:10530000BC0208B9C6F8D852D6F8D81201318900C3
:105310000BF09CF80028EAD0D6F8D832C6F8BC02C8
:105320005A1C0025C6F8D82240F82340C4E9055588
:10533000284602F0DDFC0138E061284602F0E8FC76
:1053400001382062D7E7AB6813B9284619F0FDF998
:10535000AA68138E01331386AE68318E30688900D7
:105360000BF074F83060AA68138E126803F1804362
:10537000013B42F82340BEE7F0FF0F0030B589B093
:10538000002864D00023CDE904329DF81C3003913D
:10539000CDE9010023F0070301A88DF81C300AF0C5
:1053A0000DFA06F0ABFC30B19DF81C3013F002048E
:1053B00046D1D80745D4019B9D6805B10835012227
:1053C00001A9284628F065FA0128044639D19DF83C
:1053D0001C0010F0020033D101A919F067FF012869
:1053E00004462ED19DF81C2012F0020228D101A9FA
:1053F000284628F04EFA0128044622D19DF81C3098
:1054000099071DD401981CF0A5F80446C0B19DF879
:105410001C305A0714D4039B2B3B012B0ED9019847
:105420004FF4804118F04FFF50B1039B163B1E2BE9
:1054300004D8084A22FA03F3DB0701D40194B0E749
:10544000012401A80AF0C2F9204609B030BD0124A8
:10545000FAE700BFF19F78588268531E032B05D9E5
:10546000192A05D8034BD340DB0701D528F0ADBA84
:105470000020704700DF3B0337B50B49054618F0A5
:1054800028FF044610B1002003B030BD28461CF0B0
:1054900061F80028F7D0162221461BF0D4FA80B21A
:1054A000003818BF0120EFE70100060007B5064BE2
:1054B0000022CDE9002334216A46FFF75FFF009800
:1054C00003B05DF804FB00BF010000E007B5064A29
:1054D0000023CDE9002334216A46FFF74FFF0198EE
:1054E00003B05DF804FB00BF010000E02DE9F04FC0
:1054F00087B08146FFF7C0FF0546002840F01881BD
:1055000048461CF027F808222946824648461BF0E8
:105510009AFA0922059004468346294648461BF01C
:1055200092FA064605900090BAF1000F07D10246A4
:105530002146484607B0BDE8F04F1AF0EABA504697
:105540001AF00BF9804650461AF017F904F0C043E0
:10555000B3F1005F07461FD124F0C0446FF06043F1
:105560009C4219D00122294650461BF06CFA6FF07C
:1055700040439842059000F09480B4F1805FA2BF50
:10558000C4F17F6404F57F2404F6FF7404FB08F47F
:105590004FF0640B94FBFBFB06F0C043B3F1005FDC
:1055A0001DD126F0C0446FF060439C4217D0022208
:1055B000002150461BF047FA6FF040439842059097
:1055C00071D0B4F1805F05DBC4F17F6404F57F2402
:1055D00004F6FF747C43642394FBF3F300936C2282
:1055E000002148461BF02FFA6D2200210590039000
:1055F000064648461BF027FA09F11404CDE90100DC
:105600000590204627F085FE0546204627F086FEB9
:10561000039B044603F0C040B0F1005FDDE90112D6
:1056200012D123F0C0436FF0604083420CD0B3F13D
:10563000805FA2BFC3F17F6303F57F2303F6FF738F
:105640006B43642693FBF6F602F0C043B3F1005FB0
:1056500012D122F0C0426FF060439A420CD0B2F1F6
:10566000805FA2BFC2F17F6202F57F2202F6FF7265
:105670006243642392FBF3F15E44DDF800B00A223A
:105680008B44484600211BF0DEF9059010F0FF0026
:105690000BD1504619F06CFE012825D1A8EB050569
:1056A00021E0AB4678E7002494E7023807281BD8AE
:1056B00001A353F820F000BFD95600009D5600000A
:1056C000FF560000EF56000005570000115700007C
:1056D0000B5700002157000005EBD57508EBD87873
:1056E0006D10C5EB68052E445A46314621E705EB9F
:1056F000D57508EBD8786D10C5EB68052E443C1BBA
:10570000A344F1E7A8EB0505F8E7A8EB05052E444F
:1057100004EBD47407EBD7776410C4EB6704EFE7AE
:1057200005EBD57508EBD8786D10C5EB6805EEE78D
:1057300007B0BDE8F08F00BF2DE9F04F90F82B3097
:1057400003F00C030C2B91B0044603D1002011B0E0
:10575000BDE8F08F1BF0FEFE06460028F6D094F858
:105760002B1004F1140311F00801019363D01846C3
:1057700027F0CFFD94F82B1011F00401074600F03C
:10578000AF81019827F0CAFD0546019827F0C1FDB9
:10579000874200F08A8220461AF0A4F963690893D0
:1057A000A3690993E3690A930CA9236A0B93304612
:1057B00019F0F3FF00220CA908A827F008FB804687
:1057C00010B930461AF0BCFFA3691D44013D2562A3
:1057D000204619F0CDFD01280BBFE3696369DB1B8F
:1057E000FF180BBF013307F1FF376361E76108AAB8
:1057F00031212046FFF7C2FD22462A213046FFF71D
:10580000BDFD20461AF06EF994F82A30019843F055
:10581000020384F82A3000220CA927F0D8FAB8F144
:10582000000F00D110B130461AF08AFF204619F05F
:1058300015FD01208BE7012220461BF004F900F042
:10584000C043B3F1005F80460C900546304605D159
:1058500028F0C0476FF060439F4234D119F07DFFBC
:105860006FF040439845029040F0A48020461AF023
:1058700070FBA36803900BB100221A62204619F056
:1058800068FE8046204619F07CFD82462046FFF7E0
:105890000DFE0AEB000520461BF092FE0490204608
:1058A00019F066FD0128DFF8309245444FF0000BF7
:1058B00075D0049AA3685A4540F0A080864A914565
:1058C00074D0C8448EE019F048FF6FF04048454559
:1058D0000290CBD096F82B1011F0080140F0DD803B
:1058E000012230461BF0AFF840450C9040F0D580C7
:1058F000204619F046FD0546204619F02AFE0544CB
:1059000058E01B68754953F82B70384618F0E1FCD5
:10591000002842D13846FFF7AFFD014660B90A22A0
:1059200038461BF090F80C90C0B2082809D840F215
:105930004913C340DA0704D5E3697A699B1A013336
:1059400017E00822002138461BF07DF80C90002853
:1059500044D1069007F1140027F0DBFC069908EB10
:1059600000031A22384605931BF06DF8059B0C9036
:1059700003441A220021384605931BF064F8059B66
:105980000C901844484508DB1A22002138461BF0C9
:105990005AF8059B0C9003EB00090BF1010B049ADC
:1059A000A3685A45ADD14C4A914519D113B1039A18
:1059B00052421A620422002120461BF044F80522BC
:1059C00007460C90002120461BF03DF8029B0C90EE
:1059D0000246394628461AF074F9CBE63E4BC8E732
:1059E0000AEB0908A26812B1039B5B4213623A4BAF
:1059F0009845DFD04545B8BF4546DBE71B683749CA
:105A000053F82B70384618F064FC002840D1384613
:105A1000FFF732FD014658B90A2238461BF013F849
:105A20000C90C0B2072808D89323C340DB0704D5E5
:105A3000FB6962699B1A013316E00822002138468F
:105A40001BF001F80C9030BB069007F1140027F012
:105A500060FC06990AEB00031B22384605931AF0F6
:105A6000F2FF059B0C9003441B220021384605934E
:105A70001AF0E9FF059B0C901844484508DB1B22EF
:105A8000002138461AF0DFFF059B0C9003EB00095C
:105A90000BF1010B0DE7104BE6E7B7F1805FA4BFF8
:105AA000C7F17F6707F57F27029BA8BF07F6FF773F
:105AB0001A22002120465F43642397FBF3F71AF074
:105AC000C2FF1B2205460C90002120461AF0BBFFA6
:105AD0000C9028443D1A6DE7010000E0010004002D
:105AE000022220461AF0AFFF00F0C043B3F1005F7E
:105AF00081460C900546304605D129F0C0486FF02C
:105B00006043984549D119F038FE6FF040439945FC
:105B100082462ED120461AF021FAA36804900BB1D8
:105B200000225A62204619F0FAFC0290204619F031
:105B3000DCFC03902046FFF7C9FC029BDFF878915C
:105B40001D18039B20461D441BF03AFD4FF0000B2F
:105B50000590059AA3685A453BD113B1049A524265
:105B60005A62554B994504D0039B4B449D42B8BFA4
:105B70001D460622002120461AF065FF07228046B6
:105B80000C90002120461AF05EFF534602460C900E
:105B9000414628461AF095F8F6E519F0EEFD6FF04B
:105BA00040494D458246B5D096F82B1011F00401BE
:105BB0005CD1022230461AF046FF48450C9055D180
:105BC000204619F0ACFC0546204619F08EFC054431
:105BD000CFE71B68394953F82B80404618F079FB12
:105BE00000283ED14046FFF747FC014648B90690E1
:105BF0000A2240461AF027FF0C90C0B203280699EB
:105C000005D8D8F82030A2699B1A013315E0092283
:105C100040461AF018FF0C9030BB079008F11400B2
:105C200027F07CFB029B0799034418224046069309
:105C30001AF009FF069B0C900344192200214046EC
:105C400006931AF000FF069B0C901844484508DBA9
:105C50001922002140461AF0F6FE069B0C9003EB39
:105C600000090BF1010B74E7134BE6E7B8F1805F15
:105C7000A2BFC8F17F6808F57F2808F6FF780AFB05
:105C800008F36422002193FBF2F8204618221AF050
:105C9000DAFE192205460C90002120461AF0D3FEA8
:105CA0000C902844A8EB000563E7019827F036FB29
:105CB00085427FF470AD49E5010000E00100040079
:105CC00038B50D4D95F8603063B9012385F8603023
:105CD0001BF038FC044694F82A3013F0040202D179
:105CE00085F8602038BD6FF3820384F82A3020469F
:105CF0001AF021F8EFE700BF944800202DE9F04F9B
:105D000085B00E46DDF83890074693469846FFF773
:105D1000D7FF1EB938461BF01DFC064638461BF05F
:105D200019FC824619F02DFB0190504619F0F7FB43
:105D30000290304619F025FB0546304619F0EFFB7E
:105D40000446BBF1000F10D1304619F011FB0128B9
:105D500074D1304619F001FD834607F1140027F095
:105D6000D8FAABEB000B5D4468E00BF1FF3BBBF1F5
:105D7000140F2DD801A353F82BF000BF3D5E000097
:105D80001D5E0000535D0000135F00002B5F0000EC
:105D9000655F00008D5F0000AD5F0000D75D000013
:105DA000D55F0000E15F00000D600000256000008D
:105DB000316000005D6000007560000083600000DD
:105DC000AF600000CF600000DB600000F560000005
:105DD0000024002532E0304619F0BFFC07F1140B17
:105DE0000390584627F095FA039B00EBD07003EB25
:105DF000D3734010C0EB63000544304619F0BDFC7E
:105E00000390584627F08AFA039B00EBD07003EB0F
:105E1000D3734010C0EB630004440FE0304619F028
:105E20009CFC834607F1140027F073FA00EBD07056
:105E30000BEBDB7B4010C0EB6B00054408F0C0436C
:105E4000B3F1005F18D128F0C04B6FF060439B4561
:105E500012D006F1140027F05CFABBF1805FA2BFFC
:105E6000CBF17F6B0BF57F2B0BF6FF7B00FB0BFB66
:105E70004FF064089BFBF8F809F0C043B3F1005FF2
:105E800018D129F0C04B6FF060439B4512D006F14A
:105E9000140027F043FABBF1805FA2BFCBF17F6B08
:105EA0000BF57F2B0BF6FF7B00FB0BFB4FF0640920
:105EB0009BFBF9F9504619F05BFA01287369DAF88F
:105EC000142040F0248143445046A3EB020800F024
:105ED000C9F9019B8044A8EB0308B3699944DAF837
:105EE00018305046A9EB03091AF03DF8029B814493
:105EF000002238460121A9EB03091BF07FFA454433
:105F00004C4422462946384605B0BDE8F04F19F00A
:105F100068BB304619F031FC834607F1140027F0C6
:105F2000FDF9ABEB000B5C4488E7304619F015FC3B
:105F300007F1140B0390584627F0EBF9039B00EB95
:105F4000D07003EBD3734010C0EB630005443046C0
:105F500019F013FC0390584627F0E0F9039B1B1A35
:105F60001C446BE7304619F0F8FB07F11403834635
:105F70001846039327F0CDF9ABEB000B304619F030
:105F8000FCFB039B5D4483461846C8E7304619F086
:105F9000F4FB834607F1140027F0C0F900EBD07042
:105FA0000BEBDB7B4010C0EB6B0035E7304619F0A4
:105FB000D4FB07F1140383461846039327F0A9F98D
:105FC000ABEB000B304619F0D8FB039B5D448346D6
:105FD0001846E1E707F1140027F0A0F94442F8E67B
:105FE00006F1140027F095F907F114040546204640
:105FF00027F08FF905EBD57300EBD0756D10C5EB6D
:106000006305204627F08AF9444217E706F1140099
:1060100027F07FF907F114040546204627F079F9A7
:106020002D1AEEE706F1140027F078F90446D0E6C1
:1060300006F11404204627F06CF9054607F1140018
:1060400027F067F905EBD57300EBD0756D10C5EB44
:106050006305204627F062F90446EFE606F11404D2
:10606000204627F056F9054607F1140027F051F9AC
:106070002D1AEEE707F1140027F04BF945420024F2
:10608000DCE607F1140B584627F043F9454206F1C8
:10609000140027F043F90446584627F03FF904EB73
:1060A000D47300EBD0746410C4EB6304C6E607F14C
:1060B000140B584627F02DF9454206F1140027F03D
:1060C0002DF90446584627F029F9241AB6E606F1B8
:1060D000140027F01EF90546D1E706F11404204606
:1060E00027F017F90546204627F018F9044607F16E
:1060F0001400D2E706F11404204627F00AF90546F9
:10610000204627F00BF9044607F11400DBE798441A
:106110005046A8EB020800F04DF8DAE62DE9F34707
:1061200004461BF04DFA214EDFF884800746002517
:10613000BD4224D1204619F07AFE8046204619F04F
:106140005CFE1A4B9E4218BF236A074618BF1B1AF3
:10615000204618BFF61AFFF7B9F90546204619F090
:10616000F9FAA0EB0800C01B2D1A204619F0F6FE24
:10617000281AB042B8BF304602B0BDE8F087A36825
:106180001B6853F825A04146504618F0A2F8014676
:1061900050B919225046DAF820901AF054FC814484
:1061A0004E450190B8BF4E460135C1E7010000E001
:1061B000010004002DE9F74F0021054619F0F1FD1B
:1061C000012806D0A86808B1006A404203B0BDE8C3
:1061D000F08F284619F045FE8046284619F0F3FD59
:1061E000074628461BF0ECF96FF060448146002614
:1061F000B1451BD16FF060439C4216BF6E69174ECC
:10620000F619284618BF361BFFF750F904462846F2
:1062100019F09DFAA0EB0800C01B241A284619F0BB
:1062200098FE2044B042B8BF3046CFE7AB680C4977
:106230001B6853F826A0504618F04BF8014658B991
:106240001A225046DAF814B01AF0FDFBABEB000B43
:106250005C450190A8BF5C460136C9E7010000E03B
:10626000010004002DE9F3470021054619F099FDCE
:10627000012805D1A86800B1006A02B0BDE8F08726
:1062800028461BF09DF9204EDFF880800746002449
:10629000A74222D1284619F0E4FD0746284619F006
:1062A00092FD194B9E4218BFEB69804618BFDB1B5D
:1062B000284618BFF61AFFF7F9F80446284619F0E1
:1062C00046FAC01BA0EB0800241A284619F041FE2C
:1062D000201AB042B8BF3046CFE7AB681B6853F80E
:1062E00024A04146504617F0F4FF014650B91B2246
:1062F0005046DAF81C901AF0A6FB81444E450190F6
:10630000B8BF4E460134C3E7010000E001000400BD
:1063100038B50D460C49044609F07AF858B1C06A00
:10632000404228600949204609F072F838B1C06A35
:106330004042686038BD204619F00BFEF1E7204668
:1063400019F00CFEF5E700BFC7FF0100B1FF010027
:10635000F0B51F4651EA020399B004460D461646B1
:106360005FD0002F5FD000F065FC0746684609F05B
:1063700011F82146684626F0B6FB3949684626F0F2
:10638000C7FB35B3384601F0B3FC4FF4C872C821DF
:10639000401026F064FB0146684626F0A8FB204624
:1063A00019F0D7FD2A1A4142684626F0A5FB2D496F
:1063B000684626F09AFB2C49684626F0A3FB6A46FD
:1063C0000C212046FEF7DAFF01282AD1684609F0A1
:1063D0002DF936B3384601F09BFC4FF4C872C82142
:1063E000401026F03CFB0146684626F080FB204624
:1063F00019F0B4FD321A4142684626F07DFB1B4974
:10640000684626F072FB1849684626F07BFB6A4610
:106410000C212046FEF7B2FF012802D1684609F0A0
:1064200005F919B0F0BD114908F0CEFF0D4920461D
:1064300008F0CAFF3A460C212046FEF79FFF0128CC
:10644000EFD132462946204619F08FFD0128E8D1C8
:106450003A460E21204619B0BDE8F040FEF78EBF47
:10646000B3FD0100C7FF0100A1CA0200B1FF010096
:1064700070B504460D460749164608F0A5FF2046AC
:1064800019F067FD3346411B00222046BDE87040ED
:1064900019F0A4BDC7FF010070B504460D460749B9
:1064A000164608F091FF204619F058FD3346421B6E
:1064B00000212046BDE8704019F090BDB1FF0100F9
:1064C0002DE9F04F89B0804608460291914603932A
:1064D0001BF040F81021064617F0F5FE002800F0EA
:1064E0000681304619F01FFD0190304619F02AFD53
:1064F0008246002800F09E80029B03F1140730467C
:1065000019F095FC0446304619F077FCB5697B68B4
:10651000F968D9F804202544ED1A336A1B1A5B1A6E
:10652000D11A83463046CDE90623AD1A059119F0FC
:1065300011F9002DDDE90512079B0490C0F285805A
:10654000002979DB0025BAF1020F00F08980BAF149
:10655000030F00F08A80BAF1010F03D1B5697B689F
:106560002544ED1A304619F0E6FC824610B1029B34
:1065700003F11408304619F026FC0746304619F09E
:1065800070FC7469D8F80030D9F80020D8F80810E9
:106590003C44E41AF3691B1A5B1AA41A8346A2EB63
:1065A00003017ED4002974DB0024304619F0CFF8B3
:1065B000BAF1020F7FD0BAF1030F00F08280BAF176
:1065C000010F04D17469D8F800303C44E41A4949F9
:1065D000304608F0F9FE4849304608F0F5FE019BC8
:1065E000D807019B58BF24EAE4749907019B58BF60
:1065F00004EAE4745A07019BD9F8042058BF25EA3D
:10660000E5751B07039B58BF05EAE575002B6CD0A9
:10661000D9F800302344C9F800302B461344C9F898
:106620000430039B2A462146304609B0BDE8F04FAE
:10663000FFF78EBE474662E7002D83D0304619F043
:106640008DFCA842BFF67FAF7CE700297FF77AAFC9
:1066500030469D1AFFF762FDC5427FF574AF71E7C2
:10666000356AFB68A5EB0B057BE7049BB2691B1B36
:10667000A3EB0B0303EBD3731444384604EB63041E
:1066800026F04CFE7D6800EBD07005EB6005651BC5
:1066900068E7002C88D03046FFF78CFDA04284DAF2
:1066A00082E7002980DD30469C1AFFF7DBFDC442FB
:1066B0007FF57BAF78E7F469D8F80830A4EB0B04DA
:1066C00084E77369C01BA0EB0B0000EBD0701F4484
:1066D00007EB6007404626F01CFED8F8004000EBB0
:1066E000D07004EB60043C1B71E7039B96E709B094
:1066F000BDE8F08FB1FF0100C7FF010010B50549EB
:10670000044608F061FE20460349BDE8104008F049
:106710005BBE00BFB1FF0100C7FF0100F8B5044632
:1067200015461E4601F47F071AF095F8012828D077
:10673000892D10D8154B5B5DDA0716D477B96B1E1F
:10674000012B0BD822684AB1012D0CBF9369D36984
:10675000CBB1336015E00E4B1B6B0BB90020F8BDBD
:106760002B4413F88A3CDB07F8D507B96468002C82
:10677000F4D0218D33462A4620461AF06CF80128C1
:10678000F4D10120EBE71268DDE700BF279A030090
:10679000944800202DE9F84F07462548DFF890B0CF
:1067A0000D469046994627F067FB04460CB9BDE8B4
:1067B000F88F4C45FBD02146584627F064FB2368F0
:1067C000BB4282461CD1A368AB4202D0B5F5702F04
:1067D00016D12379434502D0B8F1FF0F10D100261E
:1067E0007B8DC3F305139E420CD30021204608F095
:1067F000EBFD0F48214627F0FCFA204609F01CFE6D
:106800005446D3E7FA6802EBC603F000D97989074A
:106810000BD5B5F5702F04D05B68C3F317039D4209
:1068200003D12179105827F057FE0136D8E700BF71
:10683000AC4800200148142127F073BAAC4800206E
:10684000014B83F824007047944800202DE9F3475A
:106850005E4B93F8243004460E461546002B00F09C
:10686000838019F03FF9284609F016F900F0040A70
:10687000284609F011F900F00208284609F00CF941
:1068800000F00109284609F007F906F47F0600F038
:106890001007BAF1000F53D0B6F5702F3FD056B3A2
:1068A0000222002120461AF0CEF86FF04047B8428D
:1068B000019007D00122002120461AF0C4F8B84206
:1068C000019007D1002232212046FEF757FD2046D5
:1068D00018F0CBFEFF2D3ED1204618F0BFFC20461D
:1068E00019F000F9B6F5803F3ED0204602B0BDE871
:1068F000F0471AF01DB8324632212046FEF73EFD21
:10690000204618F0B2FEFF2D3BD120461AF022FEA1
:1069100098B9002FE0D020461AF008FADCE70022F0
:1069200032212046FEF72AFD204618F09EFEFF2D5C
:10693000204627D11AF00EFEE8B118F096FE25E0A9
:10694000B6F5702F13D0002EC4D1FF2DDDD00FB3BC
:1069500020461AF0EBF9B8F1000F28D1204619F0C3
:10696000C1F8B9F1000F2CD102B0BDE8F087FF2DBE
:106970000FD12046DEE7002FAED020461AF0D6F920
:10698000A8E720461AF0E6FD0028D6D1002FA1D0B6
:10699000F3E747B9B8F1000F09D1204602B0BDE8CE
:1069A000F04719F09FB820461AF0C0F9F2E72046E8
:1069B00018F054FC204619F095F8B9F1000FD3D027
:1069C00090E7BAF1000F8DD1CEE700BF94480020C8
:1069D000014A00211AF00FBAFFFF0F002DE9F04124
:1069E0000468274825682779254E27F042FA014692
:1069F00019B96A8DC2F305123DE0A1420BD00A68B5
:106A000023689A4207D18A68A3689A4203D10A7917
:106A100023799A4231D0304627F031FA0146E7E730
:106A2000EB6803EBC103CE00D879800722D55B6801
:106A3000A068C3F3170383421CD12146104827F0F6
:106A4000D8F9204609F0F8FCEC683946A05927F03F
:106A500043FDEB68985904EB060827F0DEFD60B1B2
:106A6000D8F80420A159284622F07F42BDE8F04121
:106A70001AF0C1B901318A42D2D8BDE8F08100BF15
:106A8000AC48002070B50D4B93F82430064623B176
:106A9000002001F023F9044670B970BDD4F8BC326F
:106AA000304653F825101AF085FA0135D4F8D8325B
:106AB000AB42F3D82046ECE70025F7E794480020E6
:106AC0002DE9F04399469BB090F82A30229D02852B
:106AD00043F0080380F82A3016462A7A04460F4607
:106AE00019F0B1FFA4F8289000902A7A3946204680
:106AF00019F0A9FF94F82A3001906FF3C30384F8CA
:106B00002A30009B8342804678D026852A7A3946EF
:106B1000204619F098FF39460090A4F828902046A6
:106B200019F023FF009A297A006827F010FD2A7ACD
:106B300069682046FFF78AFE2B7A0C2B20D1DDF8FE
:106B4000009047F6FF73994501D0984518D120462B
:106B500018F0FDFD00EBD0704610204618F0FAFD4D
:106B600047F6FF7200EBD07391454FEA630353D1B0
:106B70009E424BDA731CC845009301D1731C0193EC
:106B8000284827F0D6F8064600283CD0009BC36072
:106B9000019B046003612B7A0371876002A808F0EF
:106BA000F9FB314602A825F09EFF02A81E4925F0F8
:106BB0009CFF02A81D4925F0A7FF02A81C4925F04B
:106BC000A5FFFF2202A8002125F096FF298802A830
:106BD00025F08DFF698802A825F08BFFE96802A8DF
:106BE00025F090FF02A8002125F09CFF02A829694A
:106BF00025F09FFF02A808F019FD04E0014626F0E9
:106C000068FC002881D01BB0BDE8F0835A1CC84541
:106C10000092B5D10133B2E79045B1D19E42ADDBD0
:106C2000F8E700BFAC4800209F1102005511020098
:106C3000DD69000010B54368044613B11AF082FC08
:106C400004460B4827F015F988B1D0F8D822002364
:106C500006E0D0F8BC1251F82310A14207D001334E
:106C60009A42F6D10146024827F009F9ECE710BD37
:106C700098480020F8B590F82B3013F01002044625
:106C80000DD143F0100380F82B302921FEF776FB5D
:106C900030B994F82B3060F3041384F82B30F8BD2E
:106CA000A06810B1083026F06EFE002120461AF0D0
:106CB00054FC064698BB204617F019FB07463046A1
:106CC00005F012F8054670BB414D2146284608F0F4
:106CD00013FD0128F9D0204617F064FD65682046B1
:106CE000002D58D1FFF7A6FFD0F8D822D0F8BC125B
:106CF00006462B46934240D1D6F8D812D6F8BC02AD
:106D000001398B423FD3C6F8D812890009F09EFBA7
:106D1000C6F8BC022046BDE8F84009F08DBB3046FD
:106D2000FFF7A8FFC1E7284624F071FF00F0FD033C
:106D3000012B14D1AB6E9C4205D0EB6E9C4202D06D
:106D40002B6F9C4203D1214628461AF0ECFB6B6F57
:106D50009C42AB6F08BF6E679C4208BFAE67D5F818
:106D6000B8309F4207D104F0CFFF844203D12146BF
:106D700028461AF0D8FB2846A2E751F8230084429F
:106D8000BAD00133B6E7013350F8232000EB83007B
:106D900040F8042CB0E71AF02BFC63689A68138E55
:106DA00080B2013B984209DB138663689D68298E97
:106DB0002868890009F04AFB2860ABE713680130B6
:106DC00053F8202003EB800343F8042CE5E700BFD1
:106DD0007F1602007FB5D0F8B0620446736C002BBA
:106DE00047D120461AF097FF18B12A4B18691AF0BC
:106DF000F3FC01236363E26BD1073FD5E26B92079B
:106E00003CD5A363E36AA56B13B3336821691E699C
:106E1000D4F8103362690B440093D4F8143313444C
:106E20000193D4F818330B440293D4F81C333D215A
:106E3000134420466A4603931AF076FF32466946A9
:106E40002046E36A98476A463E2120461AF06CFFC6
:106E500020461AF060FF50B194F83D30012B00D16C
:106E60002DB1D4E90723A16A914209D1A36204B0EC
:106E700070BD01F0E7FC01F07FFCAFE70023C0E745
:106E8000994204D1636A002B08BF1346EEE7A26261
:106E9000EDE700BF944800202DE9F04F0C46B3B059
:106EA00005460121204617F00EFA0746002840D17A
:106EB00001466322204619F0C6FD5FFA80F8B8F15A
:106EC000020F179035D995F83C3002936222AB6BD4
:106ED00003933946204695F8386019F0B4FD1790B1
:106EE000C0B2FC289EBF7043001285F83800D5F868
:106EF0003920002120461AF0F2F9C0F3072385F863
:106F0000390085F83A30C0F30743C0F3076085F8CD
:106F10003C0085F83B30204618F0C1F9814658B94D
:106F2000214628461AF0CEFC039BAB63029B85F8F2
:106F30003C3033B0BDE8F08F204618F08BF90BAF32
:106F400006463946204618F0C0FB324631463846E0
:106F500025F067FEB9F1020F40F02E8197E80F008F
:106F600013AE86E80F000DF13C0A002231462046A0
:106F700018F0C3FC324605F11801504625F06BFEAF
:106F80000028D6D09AE80F0017AE86E80F004A46D0
:106F90003146204618F0B1FC3A463146304625F0DD
:106FA0005AFE0028C5D096E80F0007AF87E80F000B
:106FB00005221146384625F034FE384626F0AEF953
:106FC0008346384626F0AAF90190079B1393099B44
:106FD0001593089B149316930A9A169B9A42A3DD65
:106FE000149B013B5B449342D4BF1693169200213D
:106FF0007522204619F027FD13AE81461790002810
:1070000040F0078104F11401304625F0CBFE002842
:1070100000F0FF8017AA1A2120468DF85C90189680
:10702000FEF7ACF99DF85C30002B40F0F2801121A6
:10703000324628461BF033F9214682461AF042FCBC
:1070400071220021204619F0FEFC72221790049054
:1070500000210746204619F0F6FC049B179003F028
:10706000C041B1F1005F024606461BD123F0C04388
:107070006FF060418B4215D0B3F1805FA2BFC3F1C6
:107080007F6303F57F2303F6FF73CDE9043004F13A
:10709000140026F03EF9049B059A03FB00F76423D5
:1070A00097FBF3F702F0C043B3F1005F19D122F070
:1070B000C0436FF06042934213D0B3F1805FA2BF30
:1070C000C3F17F6303F57F2303F6FF7304F114001C
:1070D000049326F023F9049B03FB00F6642396FB3C
:1070E000F3F617A801F070FC63691F44DAF8043066
:1070F000FF1AA36928971E44DAF808308DF8AC808F
:10710000F61A702200212046299619F09CFC0022D4
:107110000F900346B3F5616F00F38680002A08BF25
:10712000034623930022002BC0F2828002B12393F6
:107130006E220021204619F086FC6F220F902490C9
:107140000021204619F07FFC73220F90259000212A
:10715000204619F078FC74220F90269000212046DA
:1071600019F071FC69220F9027900021204619F038
:107170006AFC9DF8AD300F9060F303038DF8AD30DD
:107180002D4B1B6993F83E209DF8AD30CDF8C4908F
:1071900062F304138DF8AD300BAB0FCB2DAE86E848
:1071A0000F0013AA17A92846CDF878A001F09AFC81
:1071B000169B013314930FE7B9F1010F7FF4B9AEB9
:1071C0000DF15C093A4605F11801484625F043FDEA
:1071D00000283FF4AEAE99E80F0007AE86E80F0036
:1071E000304626F09BF8304626F098F8304626F0D8
:1071F00090F8114B1B69064693F8400026F05BF9A6
:107200004FF4C04393FBF6F393FBF0FB9B08019311
:10721000DBE6149B019A013B13440A9A9A42D4BFBD
:1072200016921693102103E7A3F56163012271E71B
:1072300003F56163012276E7944800202DE9F843C5
:1072400005460E4629B9294B186900F0B7FD0646D8
:10725000D0B130461AF07EF9044680B100211AF010
:1072600072F8C0F3072385F8390085F83A30C0F387
:107270000743C0F3076085F83B3085F83C00314692
:107280002846FFF709FE0CB9BDE8F88320461AF03E
:1072900097F900278046B946474514D12A461F2151
:1072A0002046FEF76BF82A4620212046FEF766F8B6
:1072B0002A4621212046FEF761F820461AF04AF9B5
:1072C00026460446DFE7A3681B6853F82710B9F188
:1072D000000F06D1731AD3F1000949EB03090137F6
:1072E000DAE72846FFF7D8FDF9E700BF9448002009
:1072F0002DE9FF41474E05461AF07AFF30691AF032
:107300000AFD10B930691AF067FA336993F8400042
:1073100008F02AFA05F1180878B198E80F006C46D1
:1073200084E80F00D5E9011220464942524225F077
:1073300085FC286821461AF02DFE306900F03EFDDC
:10734000014640461AF07AFA3369D3F8D04207462C
:10735000A4B9002835D1306900F058FD014628460F
:10736000FFF76CFF336993F8DC22D0072FD4D3F8F2
:10737000D042A4B93369D3F8C87226E0214640460A
:107380001AF05CFA3369044687B90028E3D093F811
:10739000DC22D1071CD4D3F8D032002BEAD021460E
:1073A0002846FFF74BFF002FE4D00EE093F8DC22D5
:1073B000D2070FD4D3F8D0323BB1002808BF1C4607
:1073C000EDE793F8DC32DB0704D439460DE0002406
:1073D000D3F8C87239462846FFF730FF3369D3F82F
:1073E000D01229B1002C18BF21462846FFF726FFEE
:1073F000306900F0F7FC01462846FFF71FFF3069AF
:1074000000F0FAFC0146284604B0BDE8F041FFF761
:1074100015BF00BF944800202DE9F04FDFF8C88168
:10742000D8F81030D3F8B0529B6A2E460F4646F873
:10743000183B04460FC886E80F0094E80F0005F1DA
:10744000280686E80F00D8F810302F6493F83D70B6
:107450008BB037B994E80F002E1D86E80F0000218D
:107460001EE0013F012F1ED80023C5E90133D8F8E3
:10747000100000F0EFFC18B3D8F8100000F058FC32
:107480000138E860D8F8100000F05AFC0138286193
:10749000D8F8103093F83F309B07E0D42B68198957
:1074A00028461AF0B3F9204625F038FF2B7D073B1C
:1074B000032B10D82846FFF71BFF4B4B1D6944E0F8
:1074C000D8F8100000F014FC0138E860D8F810007B
:1074D00000F01EFCDAE7D8F810302A68DB8FD76896
:1074E0002046C3F34703B7FBF3F725F090FB814633
:1074F000287D25F0E0FF7E1E09FB0066204625F072
:107500000DFFB6FBF7F6012E8146D3D05823734307
:107510001846049308F076FF0746A0B1B9FBF6F3CE
:107520004FF0000A0393731E80468146D3460593AD
:107530005E4513D1049D2C4E3D4445453CD1384613
:1075400008F07AFFB9E7D8F8105094E80F0005F575
:10755000447585E80F000BB0BDE8F08F62680399B1
:10756000531E0B44534400935244A368216806A859
:1075700025F03DFB059B2A7D5B4504BFE36809932D
:10758000484606AB00211AF058FE2B1D0FCB09F11F
:10759000040C8CE80F002B68C9F800304846FFF750
:1075A000A7FE039B0BF1010B09F158099A44BFE7B1
:1075B00001F048F901F0E0F8D8F84430002BF7D199
:1075C0003069D0F8B0322BB1DA6C42450AD1D8F824
:1075D0004C20DA64D0F8B8320BB14146984708F134
:1075E0005808AAE71346EEE794480020014B1869B3
:1075F000704700BF944800202DE9F04FB64C99B079
:10760000002843D0C368236127F0C5FB2069002808
:1076100000F06F82836A002B00F06B821A69002AE7
:1076200000F06782DB68002B00F0638200223921C2
:107630001AF07AFB2369D3F8C802FEF741FB2369ED
:10764000D3F8D00208B1FEF73BFB2369D3F8CC0294
:10765000FEF736FB2369D3F8C402FEF731FB23693A
:10766000D3F8C002FEF72CFB2369D3F8C822002A06
:1076700040F0FE80C3F8642203F0DCF920690022A8
:107680003A2119B0BDE8F04F1AF04EBB00F020FBD4
:107690002061BBE7304490F84452002D00F0A580F3
:1076A00001362069D0F864329E42F3D390F83D3021
:1076B000012B46D11AF02FFB002842D0206900F59B
:1076C0001B7026F016FC00283BD120691AF084F8C4
:1076D0002069D0F828A0C769056ABA4540F0CC8077
:1076E0002F46456A002D08BF3D4600F001FB009083
:1076F000206900F00DFB40220190002108A82DF028
:107700003BFA4FF0000B2369D3F864221FFA8BF881
:10771000424503F51B7000F2B9800023CDE9043324
:10772000009B013B0693019B013B079326F0A1FBC5
:107730000646002840F0EC80206900F51B7026F01A
:10774000E4FB2069D0F864629EB3013E00F511733A
:10775000002E80F2F880002600223B211AF0E4FA85
:10776000236993F83C206FF3000283F83C2093F8E0
:107770003C206FF3410283F83C2093F83F2042F015
:10778000040283F83F204FF000080DF1100925692D
:10779000D5F864329845C0F2DC8000223C212846AE
:1077A0001AF0C2FA236993F83F206FF3820283F83C
:1077B0003F202069D0F86432002B3FF45DAF1AF00F
:1077C000AAFA002840F0768120694FF40072002167
:1077D000443027F046FD20692022002100F5117079
:1077E00027F03FFD2369002244E74FEA061A0AF119
:1077F00044092069D0F864329D42BFF451AF431967
:1078000093F84432002B31D1AE422FD04FEA051B02
:107810000BF1440B00EB0B01484425F0C3FA28B3ED
:10782000216908A801EB0B02494425F036FA08A8A3
:1078300025F0EDF900902069484425F0E8F9074665
:107840002069584425F0E3F9009B0744BB420DD260
:107850002369089903EB0A022B4451640999916446
:107860000A99D1640B99116583F844820135C0E708
:1078700000264FF0010814E7AA457FF436AF436AAB
:107880003D46002B3FF431AF1F462EE7434493F8AB
:10789000443213B10BF1010B35E726F0EAFA4FEA57
:1078A000081808F1440306460393206900F51B708D
:1078B000002EEFD0314626F0E2FA2269039B0290B7
:1078C0001A44314608A825F0BEFAB0F1FF3F8046C1
:1078D0001CD04FF000090CE09448002026F044FA38
:1078E00008AB03EB091384460FCB8CE80F0009F1BA
:1078F000010920694FFA89F3984500F51B7031465C
:10790000ECDC26F076FA304608F096FD029ECCE7D5
:1079100004AA3146304625F09EF968B133462A461E
:10792000314650461AF08BFBBD4205D033462A46FD
:10793000314638461AF083FB2069314600F51B704A
:1079400026F09DFAF4E69A5D002A3FF405AF013E69
:10795000FEE605EB080393F8443213B108F1010881
:1079600015E7B04502BF95F83C3043F0010385F8B8
:107970003C3095F83C306FF3410385F83C3005EB23
:10798000081344330FCB89E80F0095F83D70002FA2
:107990007FD1484625F0BDFC8346484625F0BEFC15
:1079A0002369009393F8405082462946584600F0D8
:1079B0008DFC072D009B2CD0083DEDB2022D02D886
:1079C0004D4A32F8157030BB0027049B0893069B84
:1079D0000A930025059B2946079A07EB030B0BF139
:1079E000FF3A92453ADD8A42B8D0216909930B9259
:1079F00091F83C3043F0020381F83C3008A8294656
:107A0000FFF70AFD08A825F089FC2069FFF7E2F9D5
:107A1000A4E70827D7E79B6ADD680023ED1BCDE9C3
:107A20000933B5FBF0F55545A8BF554608932F46D9
:107A300008AA35212069BA46013F0B971AF074F95C
:107A400008A825F06BFC854202DA002FF0DCBBE7CA
:107A5000BAF1000FB8DD0B9F0137B6E708BF226906
:107A60000993CDF82CA004BF92F83C3043F00203F8
:107A7000294608BF82F83C3008A8FFF7CDFC08A8CB
:107A800025F04CFC05442069FFF7A4F951465B46FC
:107A9000A2E7013F012F3FF661AF95F83C3005EBBF
:107AA000081043F0020385F83C3000214430FFF712
:107AB000B3FCAAE7236993F83D30012B7FF484AE31
:107AC000002510E0431993F844325BB900F51B70B0
:107AD00026F073F9236903EB0513443306460FCBF5
:107AE00086E80F0001352069D0F86432AB42E9D84E
:107AF0006AE619B0BDE8F08F30640300F0B50646C1
:107B000085B06E480D4626F014F90446002857D07B
:107B10004FF44972002127F0A4FB4FF0FF33C4E972
:107B200002330023C4E904338223A361E38F23F4E7
:107B3000FF7323F0010343F00303E3871123C4E938
:107B4000006584F84030582008F05CFCC4F8B002AE
:107B5000B0B31AF067FBD4F8B4321BB1D4F8B0124A
:107B600020469847D4F8B02200235360D4F8B022BE
:107B70009360D4F8B032013EDE60D4F8B032504E9B
:107B8000013D1D61D4F8B03294F840201A750123EC
:107B9000C4F868320AF0AEFF1021C4F80C0304F5F3
:107BA0001B7026F0BEF84748756974612246212192
:107BB00008F0C2F8C4F8080330B9204608F03CFCCD
:107BC0000024204605B0F0BD09F04AFB0746002816
:107BD00070D1052007F086FEC0F30723C0F30742EB
:107BE0008DF8080038468DF809308DF80A2007F026
:107BF00079FEC0F30723C0F307428DF80C008DF81F
:107C00000D308DF80E20304B0093DDE902123B461B
:107C1000204609F02FFBC4F804030020FDF744FBC5
:107C2000C4F8CC020020FDF73FFBC4F8C8020020D6
:107C3000FDF73AFBC4F8C4020020FDF735FBC4F899
:107C4000C002D4F8CC02FEF7C3FED4F8C402FEF79B
:107C5000BFFED4F8C002FEF7BBFED4F8C402022176
:107C600016F0DDFAD4F8C002022116F0D8FAD4F8E2
:107C7000CC02002118F00FF9D4F8C402002118F04A
:107C80000AF9D4F8C002002118F005F9D4F8C802A6
:107C900017F028FF002D08BF25460C497561002309
:107CA000382204F53A7025F053FED4F8080327F083
:107CB0007DF886E70AF014FFADE700BF9848002082
:107CC00094480020F97500009C540300371C020002
:107CD000014B5869704700BF944800200146034893
:107CE00009B926F0C6B826F0CAB800BF98480020E7
:107CF00010B9064B586940B190F8003303F0050302
:107D0000012B01D1406870470068704794480020FB
:107D100010B9064B586940B190F8003303F00503E1
:107D2000012B01D1006870474068704794480020DB
:107D300010B9024B586900B10068704794480020A0
:107D400010B9024B586900B1406870479448002050
:107D500010B9034B586908B1806970478220704799
:107D60009448002010B9064B586940B190F83F3054
:107D70008162C0E907126FF3410380F83F3070471A
:107D80009448002010B9034B586908B180F83D10A1
:107D9000704700BF9448002010B9024B586900B1E9
:107DA000C16270479448002010B9034B586908B16C
:107DB00090F84000704700BF9448002010B9034B72
:107DC000586908B1D0F8C802704700BF9448002035
:107DD00010B9034B586908B1D0F8D002704700BF02
:107DE0009448002010B9034B586908B1D0F8C40278
:107DF000704700BF9448002010B9034B586908B180
:107E0000D0F8C002704700BF9448002010B9034B5F
:107E1000586908B1D0F8CC02704700BF94480020E0
:107E200010B90B4B586988B1D0F8B03280F84010C7
:107E30001975C36903B15970036A03B15970436A74
:107E400003B159700022372119F06EBF704700BF8F
:107E50009448002010B9044B586918B190F80003F9
:107E6000C0F3C000704700BF9448002008B9024B1F
:107E70005869D0F8040370479448002010B9074BA4
:107E8000586948B1D0F8683200290CBF4FF0FF3272
:107E900001221344C0F86832704700BF94480020A4
:107EA00010B9054B586928B1D0F868020028D4BF32
:107EB00000200120704700BF9448002010B9034BF8
:107EC000586908B1C0F8E412704700BF9448002018
:107ED00010B9034B586908B1D0F8E402704700BFED
:107EE00094480020014B5869FFF768BF9448002070
:107EF0002DE9F04F85B09846DDE90E43164608F5AA
:107F0000B472A2429DF84070119D81468A460AD102
:107F1000A9EB06032B60AAEB06036B6006EB0903D3
:107F2000AB60564469E1B8F5B47FC8BFA8F5B47832
:107F3000B4F5B47FC8BFA4F5B474A6EB030B1FB1AE
:107F400003EBD3735B105F1C5A2398FBF3F2D2B29E
:107F5000042A94FBF3F3DBB229D1042B5FD1A045B3
:107F6000D6DC08F15A0000B207F07AFC0BFB00F0F7
:107F700009EBE030C01B28600FFA88F007F070FCB6
:107F800070430AEBE030C01B686004F15A0000B295
:107F900007F066FC704309EBE0303844A86020B27B
:107FA00007F05EFC0BFB00F00AEBE03034E0042B42
:107FB00067D1032AD3D0022AAAD108F15A0000B20D
:107FC00007F04EFC704309EBE030C01BAAEB060340
:107FD000DB1B286004F15A006B6000B207F040FC24
:107FE000704309EBE030384424B2A860204607F023
:107FF00037FC0FFA88F80BFB00F6404607F030FC20
:108000000BFB00F08642CCBF2046404607F028FC20
:108010000BFB00F0C01350443844E8606BE0032BC6
:108020009DD0002B7FF474AF04F15A0212B21046B7
:10803000039207F015FC08F15A031BB20290184690
:10804000019307F00DFC0299019B8142B6BF039A90
:108050001846104607F004FC0BFB00F009EBE0307B
:10806000C01B28600FFA88F007F0FAFB70430AEB98
:10807000E030B144C01B09EB07036860AB6020B27D
:10808000EBE09A4240F08680A04500F38380032A0B
:1080900031D801A353F822F0A9800000FD80000030
:1080A00045810000637F00000FFA88F007F0D8FBDD
:1080B0000BFB00F00AEBE030C01B686008F15A00CF
:1080C00000B207F0CDFB704309EBE0303844A86004
:1080D00020B207F0C5FB70430AEBE0303844E8609B
:1080E00004F15A0000B207F0BBFB0BFB00F009EBF8
:1080F000E030C01B286005B0BDE8F08F0FFA88F0B3
:1081000007F0AEFB70430AEBE0303844E86008F15A
:108110005A0000B207F0A4FB0BFB00F009EBE030C3
:108120003844A86020B207F09BFB0BFB00F00AEB81
:10813000E030C01B686004F15A0000B207F090FB09
:108140007043D4E708F15A0000B207F089FB70438E
:1081500009EBE030C01B28600FFA88F007F080FBC5
:108160000BFB00F00AEBE0303844E86020B207F087
:1081700077FB70430AEBE030C01B686004F15A00E3
:1081800000B207F06DFB0BFB00F009EBE030384468
:10819000A860B0E79ABB012B7FF4BAAE04F15A0095
:1081A00000B207F05DFB704309EBE030C01B24B266
:1081B0002860204607F054FB0FFA88F30290184617
:1081C000019307F04DFB029A019B8242B4BF204607
:1081D000184607F045FB0BFB00F00AEBE030C01B34
:1081E000686008F15A0000B207F03AFB704309EBEF
:1081F000E03038445644A8603E44EE607BE7012AF4
:108200002FD1022B7FF484AEA9EB0603DB1B2B607E
:1082100020B207F025FB70430AEBE03008F15A0367
:108220001BB2C01B68601846029307F019FB5A3452
:1082300024B20190204607F013FB019A8242CABF84
:10824000029B2046184607F00BFB0BFB00F009EBE6
:10825000E0303844A8600FFA88F007F001FB704363
:10826000A2E6022A01D1032BA6E6032A7FF450AE30
:10827000D7E600BF10B518220446002126F0F1FF12
:10828000054B2360054B6360054BA3600023C4E9E5
:108290000333044B636110BD271E0200231E02003E
:1082A000071E0200111E020010B5074C2046FFF702
:1082B000E1FF04F11800FFF7DDFF04F13000BDE835
:1082C0001040FFF7D7BF00BF5C4900200A460146B7
:1082D000014819F0ABBD00BF5C49002038B50D4620
:1082E00014461BB91146FFF7F1FF0346142C05FB9A
:1082F00003F003D15B0805FB030038BD073CE4B283
:10830000032CFAD81ABF034B1B5D4FF4806318444B
:10831000F3E700BFF06703000A460146014819F081
:108320008DBD00BF5C4900202DE9F047DDF82880B5
:10833000DDE908578A4691461E46044610B90020DA
:10834000BDE8F0871C22002126F08BFF25B93146BD
:108350005046FFF7BBFF054609FB05F34345EED842
:1083600066702368A4F804A003F47F4343F0190364
:108370002360074BA4F80690C4E904772581A36124
:10838000C4F80C8031463846FFF7C6FF0120D7E716
:108390005C49002007B5009313460A46014603488E
:1083A00019F06BFD03B05DF804FB00BF5C490020D1
:1083B00070B50D460446A8B101694078072813D06E
:1083C000A0F10803DBB2022B10D8094E36F81330A7
:1083D000248902FB0433CC1825B107F0BBF96843AC
:1083E00004EBD004204670BD0823F1E70023EFE73B
:1083F000366403002DE9F047036904460D4613B9BE
:108400000020BDE8F08743888688B0F806809B0688
:10841000F6D521B941783046FFF758FF0546238944
:10842000AB422DD0607807F095F970430730B5EB7B
:10843000D00F4FEAD009E3D32B466278414630464D
:10844000FFF74CFFE3688342DAD36378072B19D038
:10845000083BDBB2022B17D8194A32F813302789B0
:108460002669AF421DD208F1FF3202FB073705FB38
:10847000023337444FF0000A1E44C24506D325811B
:108480000120BEE70823EAE70023E8E73946304643
:108490004A4626F00EFF2389761BFF1A0AF1010ACD
:1084A000EBE71E44B24600274745E8D23146504626
:1084B0004A4626F0FEFE2389AA441E440137F3E70C
:1084C000366403002DE9F74F0446002875D0408834
:1084D00010F0010571D110F0200014D06378DA1F7C
:1084E000D2B2032A17D818BF354B256914BF9B5643
:1084F0004FF4807305EB8306AE4207D1638843F0E7
:1085000001036380012003B0BDE8F08F284625F009
:108510002DF80435F0E7102B14D1B4F80680B4F828
:108520000490B4F808A027694545E7D2002602E088
:1085300025F01CF801364E4507EB8600F8D357446A
:108540000135F1E7142B1DD1B4F80890B4F806A05A
:108550002769B4F804B04FEA590309FB0A78554576
:10856000CCD2002606E018F80610019325F015F885
:10857000019B01365E4507EB4600F4D34F44984417
:108580000135ECE7132BB9D1B4F80690B4F804A088
:10859000B4F808B027694D45B0D23E464FF0000808
:1085A00006E0B178304624F0F8FF033608F1010800
:1085B000D045F6D35F440135EDE70020A3E700BFC7
:1085C000ED67030008B507F025FF0649D1F824211F
:1085D0000260D1F82821C1F824010132C1F8282114
:1085E000826008BD94480020F8B5531EDBB20A2B08
:1085F000174698BF174A064694BFD05C00206030EB
:108600000D4607F007FF044600F1080C95E80F003F
:108610008CE80F0095E80F0004F1180C8CE80F00AF
:10862000A66406F118030FCB04F1380585E80F00A6
:1086300004F160036365012327712365736C13B92B
:1086400074642046F8BD1A461B68002BFBD11460E9
:10865000F7E700BFF36703002DE9F84300234D6CF3
:1086600007460C469846F5B9A26C002A6FD094F8DC
:10867000501000296BD0636C002B6CD1536C73B11C
:108680001A79072A61D11A6D002A5ED15A6DD26912
:10869000A2425AD101221A65364BC3F83021002676
:1086A0003046BDE8F8832A6DD5F80090032A4AD1F8
:1086B0002B79072B29D16B6DDE6933689BB1301D97
:1086C00024F02CFE33682B4A1B894343D2F82C013B
:1086D000834294BFC01A0020C2F82C01306819F000
:1086E00048FC0023336087B1D7F8B03223B1DA6C8D
:1086F000964223D1F26CDA64D7F8B83213B131461E
:1087000038469847304607F097FE284619F001FF93
:10871000064640B190F85C30DB0704D5C06907F02D
:108720008BFE0023F361284607F086FEB8F1000FA8
:1087300006D0C8F8009001234D4694E71346D5E7CC
:10874000C4F84490F7E7A846F6E71B6897E713B923
:10875000636C002BA3D0074BD3F824510026002DC7
:108760009ED0EB6828462146984701302D6818BFF7
:108770000126F4E7944800202DE9F0410020FFF79E
:10878000ADFA0E4F044600264FF001080CB9BDE8C3
:10879000F081D4F8B0523DB90EB9C7F83081204607
:1087A000FFF79CFA0446F1E729462046FFF754FFFD
:1087B000ED6C002818BF0646EDE700BF9448002086
:1087C000F8B54E6D1E4D306195F838710C4647BBBB
:1087D000306870B14FF4002115F075FD48B10123E8
:1087E00085F83831306822462221FCF7C7FD85F82C
:1087F00038714FF4C843A4F85830D5F824512DB936
:1088000094F858304BB903232365F8BD2B6913B195
:108810002146284698472D68F1E7BDE8F840FFF764
:10882000ABBF4FF4C843A1F85830D5F82451002D00
:10883000EBD02B6913B12146284698472D68F6E7FF
:1088400094480020044BD3F83021002AFBD00022AA
:10885000C3F83021704700BF94480020024B01222A
:10886000C3F83021704700BF9448002010B4084C72
:10887000D4F82841012C07D1406C18B1036D012BAD
:1088800018BF002010BC704710BC19F068BC00BFB6
:10889000944800202DE9F0410568044615B1286987
:1088A000BDE8F081071D384624F033FD0646384602
:1088B00024F034FD217D07463046FFF707FD227D79
:1088C00007FB00F82B4639463046FFF763FD206072
:1088D0000028E5D0084AD2F82C314344C2F82C31A4
:1088E000207D06F041FF18B12068294619F052FB9F
:1088F00023681869D4E700BF944800202DE9F04FA1
:108900001C4699B0CB6CADF814301B0C8DF81630AA
:10891000136B06931546BDF81C30526BDDF888903A
:1089200062F30803ADF81C30EB6A8246884683B1D7
:108930001CB12268234B9A420BD1239B249CCDE986
:1089400000932A4605AB41465046A04719B0BDE802
:10895000F08F239B0FCB08AF87E80F00D9E90012F7
:1089600038465242494224F069F904B90CAC154B1F
:10897000C4E90033C4E9023310AE0DF1500B2246B6
:10898000394628461AF0FAF8039094E80F0086E872
:108990000F00D9E90012304624F050F9039B012B57
:1089A000D4D123993246584624F055F90028E6D010
:1089B000CDE9006BDDF890C005AB2A464146504634
:1089C000E047DCE7010000E010B56C22002104461E
:1089D00026F047FC24F0C6FDC0F3072384F84D3091
:1089E0004FF48073C4E90D33B4F8503084F84C0070
:1089F00043F4875343F01F03A4F85030044B23661D
:108A0000C0F307406C2384F84E00636110BD00BFC3
:108A1000010000E02DE9F04FA9B00E460690154682
:108A200005939BB3C969002215A800F099FE01289F
:108A30002CD106F1580A5046B78CB6F8269024F08F
:108A400068FC0028ACBF9AE80F0095E80F0009AC5D
:108A500084E80F003946204624F0CFF849462046E6
:108A600024F0D0F81E4BDDF824A00FCB0DF1340814
:108A700088E80F0007EB0A030DF1440B0793EB683E
:108A80000A9A9A421BDD15A81AF086F829B0BDE8AB
:108A9000F08F2A462146584624F0DDF848B1059B60
:108AA00006980094CDE901B315AA43463146FFF775
:108AB00025FF099B3B4409930B9B3B440B93AB68FD
:108AC000099A9A42E5DD0A9BCDF824A04B440A930B
:108AD0000C9B4B440C93079B013B0B93CFE700BFD0
:108AE000605103002DE9FF474B6B002B80460D467C
:108AF00014463EDD8B6B002B3BDD21460722FFF742
:108B000073FD466D074629466C22304626F0D9FA99
:108B100000233B65204624F0FCFB8146204624F0E0
:108B2000FDFB05F1440302932B8F0193AB8E009361
:108B300007F1180A2B6B02464946504619F0D8FB3C
:108B4000D4E90012504624F079F8326E0A4B9A426A
:108B500002BF94E80F00583686E80F00EB69012247
:108B60003946404683F8502004B0BDE8F047FFF78F
:108B700027BE04B0BDE8F087010000E02DE9F04F0A
:108B8000CB69C3B007460D461446002B4AD091F876
:108B90005030022B46D94B6B002B43DD8B6B002BE7
:108BA00040DD6C2227A826F08CFA2E982FA919F008
:108BB000CDFF012836D1624B3F9A9A4202BF94E81A
:108BC0000F003DAE86E80F00BDF8BE305B062CD42A
:108BD000062221463846FFF707FD6C2227A90646E4
:108BE000406D26F06EFA204624F093FB8046204626
:108BF00024F094FB05F1440302932B8F0193AB8E79
:108C0000009306F1180902462B6B4146484619F0BD
:108C10006FFBD4E90012484624F010F8314638467C
:108C2000FFF7CEFD43B0BDE8F08F2E99002214A8C7
:108C300000F096FD0128F5D1149B002BF2D01B69A2
:108C4000002BEFD03B1D0FCB0DF1100C8CE80F006B
:108C5000804694E80F0008AE86E80F002B68D7F82E
:108C600008A014330FCB0DF1300989E80F00BB6C5D
:108C7000E3B14A463146304623F0EDFF0028D1D01B
:108C8000CAF10002C8F10001304623F0D7FF96E890
:108C90000F0007F1180484E80F000096149B324679
:108CA0001C6914A927AB3846A047BBE79CE80F0016
:108CB0000DF1400888E80F0032464146404623F057
:108CC000CAFF0028AED0204624F023FB05F1440B58
:108CD0008246204624F022FBCDF808B02B8F01936A
:108CE000AB8E00932B6B02465146304619F000FBC9
:108CF000D4E90012304623F0A1FF204624F009FBFE
:108D00008246204624F00AFBCDF808B02B8F019351
:108D1000AB8E009302462B6B5146404619F0E8FAA1
:108D2000D4E90012404623F089FF4A4641464046B6
:108D300023F091FF00283FF475AFCDF80080ADE738
:108D4000010000E010B56C220446002126F089FAEB
:108D5000FF2384F8583024F005FCC0F3072384F87F
:108D60002D304FF0FF336365154B84F82C00A36260
:108D7000C0F307404FF6FF73C4E9113384F82E00A7
:108D800024F0F0FBC0F3072384F84C00C0F3074045
:108D900084F84D3084F84E00052006F0A3FDC0F3A2
:108DA000072384F85030002384F84F0084F85A30A9
:108DB000C0F307406C2384F85100636110BD00BF0D
:108DC0009C5403002DE9F0478EB00C4616990646D8
:108DD000084691469A4619F060FB8046002841D12A
:108DE00006AD03460A465046294622F05DFEBDF810
:108DF0002070002F36D0BDF81E309BB3D9F800107C
:108E0000BDF922200A441344013B0493DAE9031319
:108E1000C91AD9F8043002921944BDF92430C91B8B
:108E2000C91A03910F44D4E90912013F059702AF13
:108E300052424942384606F1380923F0FFFE4246C5
:108E40004946384624F085F818B9069B6BB923715A
:108E500041E0E0680028F8D04246494624F079F81D
:108E60000028F2D00EB0BDE8F0879DF82830013B15
:108E7000172B4FF000011FD80091BDF82030BDF82E
:108E80001E20E06A19F052F80146A8B9E06A08B15C
:108E900019F06FF8BDF82020BDF81E1014481F32DD
:108EA00000235211009352010E2318F0E6FFBDF883
:108EB0002030C3800146E0629DF8283023711A2BD0
:108EC00009D1E3690B93284622F0BEFD206008B16A
:108ED0009DF8280020710023A760256121463046B7
:108EE000179C1A46A047284622F0D5FDBAE700BFD6
:108EF000744900202DE9F04FC1B09046456D8F6A4E
:108F000004900C4600F1380241461CA80C9323F053
:108F1000A2FE002800F0038194F859300A9394F8D7
:108F20005B301A0700F1FE80404624F0F2F9099008
:108F3000384622F03AFE236BD8E90012C318814666
:108F40001AA80B9324F0F9F9A36BE16B15931B9B03
:108F5000226E0B441B93002A40F0FF800025636DB6
:108F6000059394F85B30E0690599DB0802934FF0B4
:108F7000000A099BCDF804A00093636B3A4628448D
:108F800006F0A2FD4619049A1B9BD26B4B449342F8
:108F9000C0F203810A9B022B40F02C8194F85B30D5
:108FA000E069DB080093636B3A46711B284425F0A7
:108FB00057FE8146404624F0ACF91A9BA0EB09000D
:108FC00000EBD07003EB60031A93636C0693A36C01
:108FD0000793DDE9063228A8934288BFCDE906232E
:108FE00019F09DFA94F858308DF8B73020AB2B93D8
:108FF000E36AADF8B4301B0C8DF8B630236C3093B7
:10900000A36E2F9394F86430B4F865208DF8BB30CC
:1090100034A894F86730ADF8B8208DF8BA3019F05C
:109020002EFB94F858308DF8F03097F91630002B5D
:1090300008BF0123089324F095FAC0F30722C0F378
:1090400007438DF859208DF85A30C1B2D2B2DBB245
:109050004FF0000B8DF858000E9112921093CDF83E
:1090600044B0059B002B56D0E3695A195B5D1392FF
:10907000002B50D01A9B159AD3180F931A930023E4
:1090800017939946731B14931799059B994203D222
:10909000149B9942C0F0C680059BAD1B5B190593DC
:1090A00000F0178294F85B30E0690599DB080293C1
:1090B00000230193099B0093636B3A46304406F00A
:1090C00003FD06EB0009D8F800301A930A9B022B27
:1090D00040F0018294F85B30E069DB080093636B39
:1090E0003A46A9EB0601304425F0BAFD0546404654
:1090F00024F00FF91A9B401B00EBD07003EB6003C8
:109100001A931B9B0B9A1344049A1B93526C934221
:10911000354640F3FB813398002840F0F98141B097
:10912000BDE8F08F286838B14FF4002115F0CBF876
:1091300010B9236A0993FBE694F85B30DB080293CD
:109140006FF060430193236B0093636BA26AE16944
:1091500034A825F0C2FD349BECE700297FF4FEAE75
:10916000D8F804100029BFF6F9AE93685B1A0B9982
:10917000002BB8BF5B42C1F50071B3EB410FC4BF18
:109180004FF0FF331360236E1D68002DFFF6E6AE2F
:109190005A681B9B13441B93E1E694F85B30E0692B
:1091A0000599DB08CDE901A3099B0093636B3A465F
:1091B000304406F089FC1B9B0B9A1344226E1B93D0
:1091C000304482B113F5806F0DDB1368002B0ADA8F
:1091D0001660D8F804101B9B226E5B1A5360236E36
:1091E000D8F804209A60E3699B5D3546002B96D041
:1091F0000646C8E60A9B032B7FF4E7AE94F85B3083
:10920000E069DB080093636B3A46711B284425F044
:1092100027FD8146404624F07CF81A9BA0EB09000C
:109220000344D1E6069A4FF6FF739A421DD0079A7F
:109230009A421AD0B44BE0691B6829449847824689
:1092400017AB139819AA18A925F0F9FC94F85B300C
:109250005B066ED5189A232A15D1B9F1000F07D1F4
:10926000179B11934FF001090EE74FF0000AE7E753
:10927000B9F1010F00F00C81B9F1020F00F01E816D
:109280004FF0000B55E0B9F1010FF9D1202A179BDF
:1092900040F01781119A9B1A072B40F0EF80139B27
:1092A00011990622591824A825F00BFF00239DF8D8
:1092B00090008DF8963019F01AF901469DF891004A
:1092C00019F015F900EB0110C3B29DF892000D934F
:1092D00019F00DF901469DF8930019F008F900EB1B
:1092E0000110C1B29DF8940019F001F981469DF872
:1092F000950019F0FCF800EB0910C2B20D9824F0AB
:109300000BF9C0F30722C0F307438DF859208DF8FD
:109310005A30C1B2D2B2DBB28DF858000E9112921F
:109320001093BBF1000F00F0CF804FF0000B4FF017
:10933000020994F85B30580604D5B9F1020F08BF52
:10934000AAF1070ADDE91812384622F0FBFB1B9B45
:109350000B991A9A0D9059180139209223910244C1
:10936000179914982193013A814222924DD394F88F
:109370005B10C9071CD50F9924912692FA680498AE
:10938000DDF830C013443A699B1A97F915209B1AEF
:10939000089A25931344013BA28D279394F82E300D
:1093A000ADF8F1208DF8F33034AA24AB0021E0476A
:1093B00094F85B309B0728D50F9B24930D9A1A9B3A
:1093C0000498DDF830C01344013B2693D7E90332FB
:1093D0009B1A5B00032293FBF2F31B9A134497F949
:1093E000162002EBD27203EB6203089A2593134412
:1093F000013BA28D279394F82E30ADF8F1208DF823
:10940000F33034AA24AB0021E047069A4FF6FF73ED
:109410009A4241D0079A9A423ED0069B53453BD888
:109420005245134638D9E36CADF8B4301B0C8DF8B7
:10943000B630B4F84F30ADF8F13094F851308DF8C3
:10944000F3300498DDF830C020AB34AA0021E047A7
:109450000C9B0193189B009304983B461AAA28A9D9
:10946000FFF7B0FC0D9B002B3FF40EAE636BDDF8F5
:1094700034A09A441A9B53441A9305E694F82E306C
:10948000109394F82C300E9394F82D30129348E7F3
:109490004FF0000BD9464CE7B9F1020F09BF0E9B04
:1094A000E36A8DF8B430129B0BBF8DF8B530ADF880
:1094B000B430109B1B0C8DF8B630C9E74FF0000993
:1094C000E2E54FF0000BDFE54FF0010B4FF0020932
:1094D000DAE5B146F7E50A9B032B7FF412AE94F868
:1094E0005B30E069DB080093636B3A46A9EB060149
:1094F000304425F0B5FB0546404623F00AFF1A9B91
:10950000401B0344FCE500BF5C5A03004E46A8E53F
:1095100018F02FFD03E600BF38B570220021044685
:1095200025F09FFE24F010F8C0F3072384F82100F3
:10953000C0F3074084F8223084F8230024F004F8B4
:10954000C0F3072384F82400C0F3074084F82530D3
:1095500084F8260024F006F8C0F30723FF2584F8DA
:10956000290084F82A30C0F30740022384F82E3003
:1095700084F82B0084F82D5023F0F4FFC0F3072368
:1095800084F83E00C0F3074084F83F3084F8400080
:1095900023F0E8FFC0F3072384F85A300E4B6363CF
:1095A000B4F8483084F8590023F4FF5323F01F0324
:1095B0006FEA1333C0F307406FEA033384F85B00AC
:1095C00084F8205084F83B5084F8585084F86C504C
:1095D000A4F8483038BD00BF9C5403002DE9F04F7B
:1095E00006460D4687B00C220021284625F039FE9C
:1095F00096F81080D6F80C90B8F1000F18D1D9F871
:109600001030002B44D005F043FE07464948DFF8F0
:1096100024B124F02EFC06F1140A0446002C3CD19F
:10962000B8F1010F34D106F1140024F0D7F92FE07E
:1096300005F02EFE074600B3B8F1010FE6D1DFF8C2
:10964000F8B08DF80480DBF82001CDF800900022FE
:10965000694622F0A9FF824690B122F0F0FF00F1A6
:109660000802034607CA85E807005C69DBF82001A9
:109670000022514622F0A7FF0BE0B8F1010FC5D13F
:109680000222494606F1140024F0D9FA0028BDD080
:109690000024204607B0BDE8F08F2368002B3FD0A0
:1096A0006368002B3CD000221146504624F08EFA0D
:1096B00023682A46314620469847012830D12B8915
:1096C0000BB3B8F1010FE4D1504624F087F9002F15
:1096D000DFD0012348468DF8043025F03DFE009090
:1096E00095E80700144D059402AB83E8070069462E
:1096F000D5F82001002222F082FF0146B0B900987F
:1097000006F09AFEC4E76878AE88142802D1760085
:109710002E81D6E706F01EF846430736F608F7E72F
:109720002146584624F0ABFB044677E7D5F82001E4
:1097300000229FE7A44900209448002038B5054640
:109740000C4606481C2124F0ECFA284605F03CFDA6
:109750002046BDE8384005F06DBD00BFA44900209B
:1097600070B50E4686B0154600214C22044625F001
:1097700078FD16B9002006B070BDE660304618F0DE
:10978000AAFD207405F04EFD002835D0214BD3F8FA
:109790001C012064E5B1AB78D3B104F1200120466F
:1097A000FFF71CFF034620600028E3D028686060B4
:1097B0002A7922725A682146184690470128DAD140
:1097C000E06AB8B1237AABB1002118F03FFB11E099
:1097D000237C8DF808300022E3680193694622F06B
:1097E000E3FE064640B122F02AFFC368E362036944
:1097F000236066640120BEE704F120012046FFF7E4
:10980000EDFE034620600028B4D0002DCED1656067
:109810002572CFE79448002010B5054824F089FA56
:10982000044618B11C22002125F01BFD204610BD66
:10983000A44900202DE9F0411F460D4B06469046F5
:10984000D3F81C01002222F0DAFE054668B122F0AE
:10985000F6FE037AC0F80C80012B044603D1406861
:1098600025F07AFD6060C4E904672846BDE8F08110
:109870009448002073B506460D46002941D003796F
:10988000CBB92C467379002B3CD06078A0F10B0348
:10989000032B37D905F068FFA0B30121204618F04B
:1098A0003EFC78BB2021204618F039FC10B320463E
:1098B000FEF708FE26E049781429E2D0A888FEF7D2
:1098C00005FD2B8983420446DBD001462846FEF77E
:1098D00091FD0128D5D000946B78EA88A9880B48BF
:1098E00018F0CBFA044660B100232A46194618F056
:1098F000A6FBC7E72146054818F0FDFA04460028F4
:10990000D6D10024204602B070BD00BF8C49002093
:109910002DE9F0410B7D022B96B007460C4617D976
:109920008B690BB10B7F9BB101AD216807F1380248
:10993000284623F090F958B1BE6C3368307DB3F8F7
:10994000088000F047FB034628B121463846984777
:1099500016B0BDE8F0816768002F40F08880284687
:1099600023F0D7FC0690284623F0D8FC237D8DF801
:109970002F30E37D8DF82E30A369B4F81520ADF8B3
:109980002C20CDE907080A971BB1227F012A08BFC6
:109990000023099395E80F000CAF87E80F00D6E984
:1099A000011238465242494223F048F9D6E90132C1
:1099B00002998A1A01993046C91A18F089FC099B44
:1099C00005908BB1606A10B9206A23F0A2FC216A6D
:1099D0000A904A68029B09689A1A019B5B1A00FB6D
:1099E0000233099A1A440992337D063B0F2BAFD8F4
:1099F00001A252F823F000BF579A0000679A0000B6
:109A000051990000519900005199000051990000AE
:109A1000519900005199000051990000499A0000A5
:109A2000419A0000539A0000399A000051990000B1
:109A3000519900005F9A000005A81CF0D0FC87E750
:109A400005A81AF0A2F983E7032105A81DF024FE5A
:109A50007EE70421F9E705A81CF04BF878E705A894
:109A600019F03BFA74E705A81BF0A1F870E722692A
:109A70002946284623F0EFF800283FF469AF226A10
:109A8000002A75D1284623F044FC0690284623F08E
:109A900045FC237D8DF8353094F828308DF836302C
:109AA000CDE90708A368207B67680C938DF8340024
:109AB00005F050FE2169029B4A6809689A1A019BC9
:109AC0005B1A43430C99DB0801FB02331F44A36973
:109AD0000B9700220A92002B51D1099395E80F00B1
:109AE0000EAF87E80F00D6E90112384652424942CC
:109AF00023F0A4F823690FCB12AC84E80F00D6E959
:109B0000011220465242494223F098F8D6E9013228
:109B100002998A1A01993046C91A18F0D9FB0590A2
:109B2000337D063B0F2B3FF613AF01A252F823F013
:109B3000CD9B0000DD9B0000519900005199000071
:109B4000519900005199000051990000519900006D
:109B500051990000BF9B0000B79B0000C99B00000B
:109B6000AF9B000051990000AF9B0000D59B000007
:109B70002946284623F06FF8002883D1E8E6217FA4
:109B8000012912D0606A099310B9206A23F0C1FB41
:109B9000216A0A904A68029B09689A1A019B5B1A1B
:109BA00000FB0232099B134497E7134695E705A88B
:109BB0001CF05FFDCCE605A81AF0B6F9C8E6032153
:109BC00005A81DF039FEC3E60421F9E705A81CF03D
:109BD00032F8BDE605A819F05AFAB9E605A81BF057
:109BE000C8F8B5E6044BC20003EA002302F4FC62A5
:109BF00043EAD0001043704700F8FFFF034630B53A
:109C000008466AB1FF2A4FEAD3010AD1A2F6FF0241
:109C100002EA0322DB0003F4FC631343194488B215
:109C200030BDD4439B08E4B2C0F3451513FB02F3E7
:109C300011FB02F104FB0533084AC50A04FB0515B4
:109C4000DB1000F01F0003F4FC6302EAC50204FB12
:109C50000011134303EB112398B2E1E700F8FFFF73
:109C600070B5044608467AB12178A5786378FF2A52
:109C70004FEAD10109D11448DB0000EA052003F4C2
:109C8000FC631843084480B270BDD4439B08E4B21F
:109C9000C0F3451613FB02F304FB0633EE08C50AB6
:109CA000654306FB0255084EDB1000F01F0003F46D
:109CB000FC6306EAC50512FB01F204FB00222B43FC
:109CC00003EB122398B2DFE700F8FFFF2DE9F04F16
:109CD00089B04368019383680293C3680393D0E912
:109CE00006530493D0E9044390F8227090F8218041
:109CF0000668079383468946002F40F04781002C71
:109D00003ED1B8F1FC0F26D8029B9C4280F24081E4
:109D1000A6F1020BAA46002729E057789378FF00A6
:109D200007F4FC6700EA03233B43177803EBD703F0
:109D300026F811304A440131019B9942EDDB039B27
:109D40001E44049B01341D44029B9C4280F22081EE
:109D50002A460021F0E79048F6E73BF8021F5046FC
:109D60004246FFF77DFF0137ABF80000CA44019B74
:109D70009F42F2DB039B1E44049B01341D44C3E756
:109D8000B8F1FC0F1ED8029B9F4280F20181B31EE6
:109D9000AB464FF0000A2FE014F808203BF8021FF2
:109DA0005046FFF75DFF08F10108ABF80000CA4418
:109DB000019B9845F0DB039B1E44049B1D44079BBD
:109DC00001371C44029B9F4280F2E280A6F1020B05
:109DD000AA464FF00008EBE714F80A2033F8021FF8
:109DE000059312FB08F25846120AFFF739FF059B4C
:109DF0000AF1010A1880CB44019A9245ECDB039BDF
:109E00001E44049B1D44079B01371C44BBE79BF881
:109E10002230013B032B00F2BB80DFE803F0024A53
:109E20006B8B7B789AF80220DB0803EBD2031F2BA5
:109E3000A8BF1F23D8023B889AF80120C3F345131B
:109E400003EB92033F2BA8BF3F2380B200EB4310EC
:109E50003B789AF8002003F01F0380B203EBD20393
:109E60001F2BD4BFC0181F30398880B2002C40F09F
:109E70008480424605F084FC059B27F8020B0133E1
:109E80000593CA44059B019A9342C0DB039B1E4481
:109E9000049B1D440CB1079B1C44069B0133069395
:109EA000069B029A934273DA00233746AA4605932B
:109EB000E8E79AF802307A78DB08C3EBD20323EAAA
:109EC000E373D8023B889AF80120C3F34513A3EB50
:109ED000920323EAE37380B200EB43103B789AF8D5
:109EE000002003F01F0380B2A3EBD203002BA8BF16
:109EF000C018B9E79AF802307A789AF80100D208C7
:109F0000DB0813FB02F33A888008C2F3451210FB0A
:109F100002F080115B11400100EBC3203A789AF8FF
:109F2000003002F01F02DB0880B213FB02F300EBEB
:109F3000531099E79AF802007B789AF80120C0083C
:109F4000C0EBD3003B880028C3F34513A3EB920377
:109F5000B8BF4042C002002BB8BF5B4280B200EBEA
:109F600043103B789AF8002003F01F03A3EBD203C1
:109F7000002BB8BF5B42184476E7059BE25CB8F162
:109F8000FC0F9CBF12FB08F2120A73E7002386E75E
:109F900009B0BDE8F08F00BF00F8FFFF08B521F061
:109FA00037F82020FEF70EFB064BC360064B03611B
:109FB00000238361054B4360BDE808400448082145
:109FC00023F0AFBEA197020067970200FE6703006F
:109FD000D049002038B504460748074D23F049FF13
:109FE00018B10378A34201D1406838BD0146284624
:109FF00023F045FFF4E700BFD04900202DE9F04FE2
:10A000008FB008AE86E80F009DF86C301C9F02935D
:10A010003046DDE9195423F07CF98346304623F0BD
:10A020007DF9FB6CADF834301B0C97F84F608DF860
:10A030003630029B97F84CA097F84D9097F84E80D9
:10A040000190F743142BFFB211D00F3B0C2B20D8FB
:10A05000DFE813F0CE00CE00CE000D001F001F0081
:10A060001F001F001F001F001F0043016D00099902
:10A07000089B0D980391029323F002FAFC2EDDE970
:10A0800002312BEAEB7211D956000021019B994253
:10A090000ADB0FB0BDE8F08F25F8130001335B45F4
:10A0A000FADB35440131F1E70023F8E75B0004FBFC
:10A0B000013318994FEADA0A4FEA99094FEAD808AA
:10A0C00004EBD4740AFB06FA09FB06F908FB06F850
:10A0D0000B4424F0010456004FF0000E019A9645FF
:10A0E000D7DA4FF0000C1BE033F81C10C1F3451019
:10A0F00007FB0090C01000F4FC620292AF48CA0A4D
:10A1000007FB028200EAC202029801F01F0102432B
:10A1100007FB01A102EB112225F81C200CF1010C18
:10A12000DC45E1DB354423440EF1010ED6E7099905
:10A13000089A0D980391029223F0A2F9FC2EDDE912
:10A1400002212BEAEB730ED95E000021019B99429C
:10A150009FDA002202E025F8120001325A45FADBAC
:10A1600035440131F2E7520004FB012218994FEA0D
:10A17000DA0A4FEA99094FEAD80804EBD4740AFBCB
:10A1800006FA09FB06F908FB06F80A4424F0010464
:10A190005E004FF0000E019B9E45BFF67AAF4FF078
:10A1A000000C1EE032F81C1049BAC1F3451007FB41
:10A1B0000090C01000F4FC6302938048C1F3C423F4
:10A1C00007FB038300EAC303029801F01F01034366
:10A1D00007FB01A103EB11235BBA25F81C300CF13E
:10A1E000010CDC45DEDB354422440EF1010ED2E7E2
:10A1F000029823F060F9089B0999189A434301FBE0
:10A200000433FC2E13442BEAEB7123D900FB1B44CF
:10A21000414300270C44019A9742BFF63AAF2E46BD
:10A220009E464FF0000C0FE0029A86F800A086F8D8
:10A23000019086F80280102A04BF9EF80320F27075
:10A24000864406440CF1010CDC45EDDB0D4423444F
:10A250000137E0E70AFB06F2039200FB1B4409FB0F
:10A2600006F24143049208FB06F64FF000090C4445
:10A27000019A9145BFF60DAFAE469C464FF0000ADD
:10A2800024E09CF80080039A08FB07284FEA28285E
:10A290008EF800809CF80180049A08FB07284FEA9A
:10A2A00028288EF801809CF80280029A08FB076833
:10A2B0004FEA28288EF80280102A04BF9CF80380F9
:10A2C0008EF80380844486440AF1010ADA45D8DB1B
:10A2D0000D44234409F10109CAE71A2023F0EBF8E1
:10A2E000089B099A03FB00FC189B02FB04CC9C44CE
:10A2F0000AFB06F3039309FB06F3049308FB06F33A
:10A3000005932BEAEB73434300FB1B440293E318D2
:10A310004FF000080793019B9845BFF6BAAE2E4652
:10A3200064464FF000093AE094F803E094F800A086
:10A33000BEF1000F3CD0A27805994FF47F43B3FBE8
:10A34000FEF35A43C2F3072207FB0212617806921A
:10A350005943049AC1F3072107FB012103FB0AF3C8
:10A36000039AC3F3072307FB0323C3F307230EFB5F
:10A3700003F31B123370069BC1F307210EFB01F19F
:10A38000C3F3072209120EFB02F27170C2F3072217
:10A39000B27086F803E00444064409F10109D94586
:10A3A000C2DB029B1D44079B08F101089C44B2E7F5
:10A3B00086F800A063787370A278E9E700F8FFFFE1
:10A3C00091F8513013F0200F024B01D118F009B869
:10A3D000FEF720BBCD9D020070B591F84430022BF2
:10A3E00090B006460C46154627D904A818F097F8F1
:10A3F00094F844308DF8273000230793636AADF852
:10A400002430D4E90F011B0C8DF82630A36A0C937D
:10A410000DAB83E803002B6802936B680393084B32
:10A420000193E36900933046236A02AA04A9FEF768
:10A43000C9FC0F9808B117F09CFD10B070BD00BFAB
:10A4400039A5020091F85830022B02D9014BFEF7D2
:10A4500051BD704739A502002DE9F04FDDB00B6BFF
:10A4600003900C46002B00F0B98091F83C20022AA2
:10A4700040F2B480CD69A26AD1E90810854202D1C8
:10A48000914200F0AB8003EBD3735B105B428542DB
:10A49000D4BF5E191E180C968542ACBFC3EB0506EF
:10A4A000C3EB00069142D4BF581898189142ACBF34
:10A4B000C3EB0103C3EB02030F93039B0D9003F166
:10A4C00038090CA94A4608460E9622F0C4FB00281B
:10A4D00000F08480206AA26AE369656A904240F0D5
:10A4E000CE80AB42D4BF40934095216BAB42B8BF06
:10A4F0002B460139013B429301F0010303EB610359
:10A5000000EB6101439140A9C31A4A4608464193B2
:10A5100022F0A1FBE8B1A56B1DB1656B003D18BF32
:10A5200001252C2200214EA824F09BFE40AB4E9327
:10A5300094F82E30A28D8DF84F3194F83C30ADF860
:10A540004D218DF84C31002D4BD103984EA9FFF7CA
:10A55000DFF994F83D30990740D04EA818F08FF8F5
:10A5600094F82E308DF85B3147F6FF73559394F8CD
:10A570003C30256B8DF8583194F83D30A28DADF804
:10A5800059216E10DA076FEA050505F0010510D5AF
:10A59000E2690398931B4093236A3244991B521B30
:10A5A0003344419142925B1B40AA4EA943931FF052
:10A5B0006BF994F83D309B0710D5626A0398931BA2
:10A5C0004093A36A3244991B521B334441914292F7
:10A5D0005B1B40AA4EA943931FF056F95DB0BDE83E
:10A5E000F08F40A822F095FE419BDDF80C9143933B
:10A5F000D4E90D23409F1344064697FBF3F203FB77
:10A60000127705F0FFFE4FF0020840ABDDF804A121
:10A610005490054656938DF85481D14503DA284667
:10A6200005F00AFF95E728463246FF2124F019FE7F
:10A6300000203B46844686420CDC03984EA9FFF777
:10A6400067F9419B01334193439B013343930AF1E3
:10A65000010AE2E7626B9A4209DBD21A00FA82F041
:10A6600003FA82F38DF8548101300133E3E7A16BE3
:10A670000A449342D4BF05F800C00023F2E7AB427E
:10A6800071D1216B9042D4BF4190419201398242F5
:10A6900001F00105B8BF024605EB61055D1B013AFB
:10A6A00003EB610340A9439208464A464095429312
:10A6B00022F0D1FA00283FF44CAFA56B1DB1656BB9
:10A6C000003D18BF01252C2200214EA824F0C9FD11
:10A6D00040AB4E9394F82E30A28D8DF84F3194F804
:10A6E0003C30ADF84D218DF84C31002D3FF42DAFAD
:10A6F00040A822F00EFE419BDDF80C91439380466A
:10A7000005F080FE40AB569302238DF85431D4E916
:10A710000D23419F54901344064697FBF3F503FB2A
:10A720001575B94501DA30467AE74246FF213046D1
:10A7300024F097FD636B0398AB42B4BF0022012263
:10A740008DF85421A26B4EA913449D42A8BF002549
:10A75000FFF7DEF8419B01334193439B0133013501
:10A7600043930137DDE7904204F1240704F11C050F
:10A7700080F20A81294608A822F0D5FDDDE9086AA1
:10A7800039460AA822F0CFFDDDE90A57AB1B069334
:10A79000A7EB0A030793AB1BA7EB0A0283EAE37B51
:10A7A000ABEBE37B82EAE273A3EBE2739B4504939A
:10A7B000D8BF0499226BCEBF5B014FEA4B1393FBCA
:10A7C000F1F39B49C8BF93FBFBF311F8038002FB35
:10A7D00008F808F13F084FEAE813B54205932B4605
:10A7E000A8BF3346A3EBE813B54210932B46B8BF7E
:10A7F000334603EBE813574512933B46A8BF534635
:10A80000A3EBE8135745119310A93B46B8BF534635
:10A8100003EBE8134A460846139322F01CFA00287B
:10A820003FF497AE4FEAE813049A03F001014FEAB0
:10A830002829002301EB282124A80DF1C8089345FD
:10A84000CDE916331490CDF85480189340F3B180BD
:10A850000AEB01020492AAEB09020592AA1B9A4292
:10A8600007EB010BA7EB0909019340F39580059ACB
:10A87000CDF800902B46314600F0F2F80123049AFF
:10A88000CDE900B32B463146404600F0E9F894F894
:10A890003D305B071DD403230193AB1B53440DF5DF
:10A8A00080780093A7EB0A03F31A314652464046DC
:10A8B00000F0D6F802230193069B3B440093079BCC
:10A8C0004EAEEB1A3A462946304600F0C9F8CDE9BB
:10A8D000168610A822F01DFD0746FCF787FEFDF73F
:10A8E00007FA054610A822F092F9854203D910A86C
:10A8F00022F08DF90546284605F084FD119BDDF810
:10A900004CB013932A46FF21064624F0AAFC2C22C1
:10A91000002119A824F0A5FC10AB199394F82E304F
:10A920008DF87B3094F83C30A28D8DF87830DDF8CE
:10A930004490ADF8792010AB1F9621934FF000089A
:10A94000CB4546DA139B119A9A4208D0013B1393E8
:10A950000398022319A98DF88030FEF7D9FF3046FD
:10A9600005F06AFD24A820F070FB32A820F06DFBF2
:10A9700094F83D3058073FF5ECAD40A820F065FB5A
:10A980004EA820F062FBE4E5394608A822F0CBFC93
:10A99000DDE9086A2946F4E6049ACDF800B02B46B2
:10A9A000314600F05DF80123CDE90093059A2B466E
:10A9B00069E7CDE9007352466B18314400F050F856
:10A9C0000123CDE900735246A5EB0903A6EB09016B
:10A9D0005AE706EB080A5146109A00974B4614A80E
:10A9E00020F017FB01468DF8800018B93A46504612
:10A9F00024F037FCB84407EB08039D4205D9139BAC
:10AA00000133139309F101099AE7022303988DF8A2
:10AA1000803019A9FEF77CFF139B2A460133FF21E2
:10AA20003046119313934FF0000824F01AFCE9E725
:10AA30000168030038B5094C0025D4F8480108B175
:10AA400005F0FAFC04F5A4701C2107351FF03AFE4E
:10AA50001C2D04F11C04F0D138BD00BF9448002027
:10AA60002DE9F843089E9DF8249015460F4638219D
:10AA7000044698461FF026FEB54204D1B9F1030FF3
:10AA800009D1013D013EB54205DD2B4635461E4646
:10AA90003B464746984639462A4604F1080022F0CC
:10AAA0004CFC3246414604F1100022F046FC237E65
:10AAB00069F3020323762A46394604F11C00A8EB09
:10AAC0000707761B22F039FC87EAE77286EAE6730D
:10AAD000A2EBE772A3EBE6739A4294F83430304865
:10AAE0002060D4BF0022012262F3000384F83430D6
:10AAF0000022DB07C4E90922227121D537B14FF4C6
:10AB0000801393FBF7F373439B12A36236B14FF4A8
:10AB1000801393FBF6F37B439B126362A26A217E50
:10AB2000E26211F007014FEAA2031BD194F834103E
:10AB30006FF3410184F83410002AB8BF5B4222E071
:10AB400036B14FF4801393FBF6F37B439B126362A1
:10AB500037B14FF4801393FBF7F373439B12A36257
:10AB6000626ADCE7012904D194F8341041F0020153
:10AB7000E0E702290AD1002AD8DD94F8342042F017
:10AB8000020284F834202363BDE8F8830329D3D17B
:10AB9000002AE9DD94F834206FF34102F1E700BFA9
:10ABA000E9A602002DE9F347DDF828A040F267147A
:10ABB000A3421E46A8BF26465445A8BF544626EACF
:10ABC000E67624EAE474B4420546BABF04F5B470EC
:10ABD000801BA01B80B21F46A5F88800C5E904644D
:10ABE00005F108009146884622F0A7FBB32F134BCE
:10ABF0002B60D8BF00224FF00103C8BF0122BAF179
:10AC0000B30F2B7118DDA4F1B403B32B94BF00274D
:10AC10000127009233B24A46414605F1180020F060
:10AC20002AFA23B24A46414605F150000A9702B07B
:10AC3000BDE8F04720F01FBA1F46EAE7D1AA02009C
:10AC40002DE9F04F06468DB008460C4690461D464D
:10AC500022F05FFB0746204622F060FB2368B360CA
:10AC60006368F3608742A8BF0746A36833617F101B
:10AC70004745E368A8BF474627EAE778C6E90538AD
:10AC8000337F65F300033377B44B3360002F4FF00D
:10AC9000020333714FF0000503DC35620DB0BDE8EF
:10ACA000F08FAF4B1946D3F8602142451ED11C23CB
:10ACB00003FB05120F2FD2F85C0100F10100C2F86E
:10ACC0005C01D2F85821CCBF4FEA28100120024481
:10ACD0006B43CC18B2F57A7F03F5A473A8BF4FF489
:10ACE0007A720B44C4F858213362D7E70135042D3A
:10ACF00003F11C03D7D19B4B00245A6932B9002CB5
:10AD000035D0196922699142B8BF1C46013D03F153
:10AD10001C03F2D16CBB1C2005F07CFB4FF0FF3311
:10AD20000446236134622068C4F8188008B105F035
:10AD300083FB062008FB000005F064FB00EB4803E2
:10AD400002334FEA8806E360331D0344012FC4E950
:10AD5000000008F10109A3601AD1B4230370E2686E
:10AD600000231380E2685780A268138096E71C4690
:10AD7000CCE763690F2F03F101036361CCBF4FEA96
:10AD800028130123B3F57A7FA8BF4FF47A73C8E77D
:10AD90004FEA091005F03EFBC6F101030193B31021
:10ADA0000493002300EBC90208939B460DF1100E9B
:10ADB0000DF1200C0021019F002F34DC07EB4B0725
:10ADC000033701970BF1010BB34536DCB7100131A6
:10ADD0004EF8047B042906F003074CF8047BEAD103
:10ADE0009DF82C10049F029107998F424FEA830E21
:10ADF00003F1010C6BD140F823700899029F42F8CF
:10AE000023500F443946099F39440A9F39446768E3
:10AE1000F9546768F95C0901F9546346B34505F1D3
:10AE20000105C3DD0BE0DDF80490ABEB060709EB91
:10AE3000470705370197013EC4E70429D0D003F145
:10AE40008047013F40F2D32150F8276001FB08F80A
:10AE5000B6EBA82F4FEAA8254FEA870103D152F895
:10AE60002760B5421DD0C8F309080431B8F5007F4A
:10AE70004550C8BFC8F580685550C8BF08FB08F8E2
:10AE80006168D5BF08FB08F84FEAE8384FEAD838C0
:10AE9000C8F10F0801F803806568E95C0901E9540D
:10AEA0000133991E1D46002975DA002B03F1FF318D
:10AEB000D8BF002103EB010CE16800230B80194689
:10AEC000614576DB0DB0BDE8F04F05F0B5BA791EEF
:10AED000039105998F420EF1040A21D040F80E70BB
:10AEE00042F80E506168089FCF546768F95C090109
:10AEF000F954039940F80A10029F099942F80A5040
:10AF00000F4439460A9F04313944676807F80C102A
:10AF1000676817F80C10090107F80C1002337DE779
:10AF2000069940F80E708F4242F80E5008991BD0D7
:10AF3000DDF824E067687144F9546768DDF808E0DB
:10AF4000F95C0901F954039940F80A100A9942F88A
:10AF50000A508E44714667680831D7E7DBAD0200BE
:10AF600094480020DC490020099F01EB07090A9959
:10AF70008944616801F803906768F95C0901F95434
:10AF8000039940F80A1042F80A50029F61680C3792
:10AF900001F80C70BCE752F8216040F8256050F8C9
:10AFA000216042F825606668775C77550139013584
:10AFB00079E7E56825F81310A56850F8216025F8B1
:10AFC00013604FEA430E52F82150AB4201D1614564
:10AFD00001D1013374E7A66850F8217036F80E509D
:10AFE000BD42A8BF3D4626F80E500131EBE700BF39
:10AFF0002DE9F04FB3B014463D9D0B939DF8FC3006
:10B000006A6B10900D911393D5E911012B6B2B9264
:10B01000AA6B2C925F4232AA6FF0090802E9030082
:10B020004FF00A092D9797FBF9F708FB07F838B29C
:10B03000A8EB030804F014FC7E1C834630B204F035
:10B040000FFC064607F15A0000B204F009FC8246E4
:10B0500007F15B0000B204F003FCA9EB080208FB57
:10B0600000F30AFB023393FBF9F35B112A93309B45
:10B0700010981B022E93319B08FB06F60BFB026611
:10B080001B0296FBF9F676112F93299622F041F9CF
:10B090008346109822F042F9139B17900F2B07D18B
:10B0A000102022F008FA0BFB00F3149300230FE0AA
:10B0B000139B142B04D0062B72D14FEA4B03F4E7F9
:10B0C0004FEA4B031493409B179A149901FB0233E8
:10B0D000119395F8513003F01002C3F30013189345
:10B0E0002B6B1A921593002B67D1696C6A6BA86B56
:10B0F000631E5B1A534301EB23210B9BAA6C013B9C
:10B100009B1A434302EB2322109B9B688B42A8BFF0
:10B110000B461D46109BDB689342A8BF13461E4694
:10B12000109BD3E90007BA42A8BF3A4622AB81423E
:10B13000A8BF0146009325A821AB20F077F824ABE7
:10B1400029460093324623AB20F070F821A80FC89F
:10B15000BBF1010FC5BF121A1202159A0BF1FF3590
:10B16000C8BF92FBF5F20C92179A012AC5BF5B1A71
:10B170001B02002302F1FF32C8BF93FBF2F31B93C3
:10B1800000F180030E9301F180031E9300231C93B2
:10B190001693DDE91632934215DB33B0BDE8F08F2C
:10B1A000139822F088F90BFB00F31493139B122BD6
:10B1B00089D01B2B7FF47AAF85E700230C931B9378
:10B1C0001E930E93E2E7159B63BB1E9B1C9A03EB39
:10B1D00022231293159B0F93139B063B0E2BDCD857
:10B1E00001A252F823F000BF11B300009BB1000090
:10B1F0009BB100009BB100009BB100009BB100001F
:10B200009BB100009BB10000D9B200009DB30000CB
:10B2100089B2000053B3000031B600009BB10000BA
:10B2200061B60000109B10995D68169B1D4422AB0F
:10B2300000932A46096821AB25A81FF0F7FF109953
:10B2400024AB00932A46896823AB1FF0EFFFBBF1C4
:10B25000010F239D2199249B229A12DD6D1A0BF177
:10B26000FF302D029B1A95FBF0F50C951B0293FB0A
:10B27000F0F30F9301F180030E9302F18003129318
:10B28000AAE700230C93F4E74FF00008409DCDF8A7
:10B290007480CDF86480199B9B456FDD0E9B03EB9A
:10B2A000282211120BD48C4209DD1D98129B03EB4E
:10B2B0002023181203D40B9E864200F3F58000234E
:10B2C0002B60199B0F9A013319931D9B13441D93F7
:10B2D0000C9B04359844DEE74FF0000C4099E046A3
:10B2E000409BCB1A9B4549DD0E9B03EB2C252F126F
:10B2F0000AD4BC4208DD129B03EB28205FEA202E13
:10B3000002D40B9B73454BDC4FF000030B7098E0AD
:10B310000027DDF800C11D973E46B3452EDD0E9B8C
:10B3200003EB272005120CD4AC420ADD129B1D9AB8
:10B3300003EB22215FEA212E03D40B9B734500F31C
:10B340009381409A4FF0000302F816308CF80130D8
:10B35000E4E104230793189B0693409B0B9A0D98F6
:10B36000CDE904B30F9B03930C9B0293129B0193B3
:10B370000E9B009321463C9B1FF0A9FF409B149A13
:10B3800013444093119B0BB15B441193169B013303
:10B390001693DDE91B2313441C93FAE60323D9E734
:10B3A000EAB22D0654BFC2F17F02803AC3B259BF40
:10B3B00052004FF0FF3652000126000655BFC3F180
:10B3C0007F03803B5B005B0054BF199319933C9B48
:10B3D0000EFB03700D9B03EB0009185C1A9B0870B1
:10B3E00054BF4FF0FF350125002B3ED007EB060A76
:10B3F000BAF1FF3F30D0544537DD0EEB050ABAF104
:10B40000FF3F24D00B9B53452FDD3C9B19F8066072
:10B410005D43B04219F8055007D0199BC3F58077FA
:10B420005E4300FB0766C6F30726A8421FBF5543CD
:10B43000C2F5807300FB0355C5F307252E44761033
:10B440000E700F9B98440C9B01319C4448E74FB908
:10B45000012C17D1012E15D1C2F1FF024243121265
:10B460000A70EEE7651EAF42F3E78FB90136F3D0FD
:10B47000012CF1D0BEF1000F10D1013502D00B9B91
:10B48000012BDED1199BC3F1FF0343431B123DE7A0
:10B4900004F1FF394F45EDD1012EEAE70B9B5A1E0F
:10B4A0009645CED1012DECE7DDF8F0C0DDF834E0B3
:10B4B0008F0000FB0C77DDF834C0BC445EF80770E9
:10B4C0002F605FFA82F91A9F1206DEB259BFC9F1E6
:10B4D0007F094FF0FF32A9F1800901221B0659BFF5
:10B4E000C6F17F064FF0FF33803E0123002F00F0AE
:10B4F00083808F18B7F1FF3F74D0BC427CDDC71842
:10B50000B7F1FF3F69D0DDF82CE0BE4574DD5CF893
:10B51000220023900CEB82013C9ACF7853430CEB32
:10B5200003025CF8030092F803A02490BAF1000F24
:10B530000ED1EB78C6F1FF0673431B12EB7057BBBD
:10B54000EB78C9F1FF0909FB03F31B12EB70B8E6B6
:10B550002499286821F0CAFF0028F0D1EA784AB17E
:10B56000C6F1FF0306FB0AFA02FB03AA4FEA2A2AE6
:10B5700085F803A08DF893602968249822F0C2F81A
:10B58000C0F3072328706B70C0F30743C0F3076054
:10B59000AB70E870D3E72399286821F0A7FF002853
:10B5A0007FF48FAEEA783AB1C9F1FF0309FB07F7E0
:10B5B00002FB03773F12EF708DF88F902968239874
:10B5C00022F0A0F8C0F3072328706B70C0F3074384
:10B5D000C0F30760AB70E87073E651B9012C17D166
:10B5E000012A15D1EB78C9F17F0909FB03F3DB11BF
:10B5F000ACE7631E9942F2E779B90132F2D0012C2F
:10B60000F0D078B9013303D00B9B012B7FF459AEF6
:10B61000EB78C6F17F067343E9E7671EB942F0D1C4
:10B62000012AEDE70B9A013A90427FF44AAEECE72B
:10B63000189B089300230793119B0693409B0B9A3A
:10B640000D98CDE904B30F9B03930C9B0293129BBF
:10B6500001930E9B009321463C9B1FF02CFF8DE62F
:10B66000189B08930123E6E7C2B2000654BFC2F15B
:10B670007F02803ACBB259BF52004FF0FF305200E8
:10B680000120090655BFC3F17F03803B5B005B00CF
:10B6900054BF199319933C9B0EFB03590D9B4B44CC
:10B6A0001F930D9B13F80980409B03F816804FF001
:10B6B000FF338CF801301A9B54BF4FF0FF3101214A
:10B6C000002B45D02B18B3F1FF3F36D09C423FDD15
:10B6D0000EEB01039A4601332AD00B9B534537DD0D
:10B6E0001F9B185C3C9B59431F9B8045595C07D0AE
:10B6F000199BC3F58075584308FB0500C0F307206C
:10B7000088451FBF5143C2F5807308FB0311C1F385
:10B710000721409B0844401003F816000F9B1D9A18
:10B720001A440C9B1D9201360CF1020C1F44F4E5E7
:10B730005DB9012C19D1012817D10D9B13F80930DF
:10B74000C2F1FF0253431B1200E6611EA942F1E75A
:10B75000B5B90130F1D0012CEFD0BEF1000F15D1F9
:10B76000013102D00B9B012BD8D10D9B13F809207E
:10B77000199BC3F1FF035A4312128CF80120CDE745
:10B7800004F1FF384545E8D10128E5E70B9B5A1E37
:10B790009645C3D10129E7E7F0B5478A85B005464C
:10B7A000C7F3080700224FF0140E93B29F4201D84E
:10B7B00000202EE0AB680EFB02F69C1953F806C081
:10B7C000A088A1EB0C0383420CD2A07C022802D1FA
:10B7D000E08818441DE038B9E068C35C002BF7D15D
:10B7E0008C45F5D00132E0E7032814D1ADF80E30D6
:10B7F000144B228A0093A16802230DF10E0023F05E
:10B80000E2FA30B1AB6833449A68DB88801A03EB04
:10B81000600005B0F0BD0128CAD1ADF80E30094B6B
:10B82000228A0093A16802230DF10E0023F0CBFAC7
:10B830000028EED0AB6833449A68801ADA68DB8857
:10B84000105AC6E7DBBB02002DE9F0470F4602683D
:10B850008169D2F818A00346002900F01481427CC7
:10B86000DAF8044012F0020904EBC10509D054F8DB
:10B870003130DAF80070C3F313031F443846BDE8D3
:10B88000F08728796A7912FB00F2002A00F0FD8027
:10B890009AF813203F2A00F2FA80B3F80E8054F889
:10B8A0003130DAF800403E69C3F313030E211C4423
:10B8B000FCF70CFD9AF8133003F01E03022B4FD156
:10B8C0004A4649461DE0B8F1000F47D195F804C03B
:10B8D0004FF0000E0BE011F00701237819D143F36C
:10B8E000C013DBB206F80E3001310EF1010E2B79D8
:10B8F0007345F0DCB8F1000F01D064440021064428
:10B9000001326B799342DEDC0021384616F09EFA54
:10B91000B4E701F1FF39B9F1050F16D8DFE809F0F6
:10B920000306090C0F1243F38013DAE743F34013C5
:10B93000D7E743F30013D4E743F3C003D1E743F35E
:10B940008003CEE743F34003CBE743F300030CF15E
:10B95000FF3CDBB21FFA8CFC0134C3E7C446B7E7F7
:10B96000042B3BD1DFF82CE14A46494615E011F0A3
:10B97000030123781CD19B091EF8033006F8093017
:10B98000013109F101092B794B45F0DCB8F1000FC9
:10B9900001D064440021064401326B799342B3DD47
:10B9A000B8F1000F18D195F804C04FF00009EAE78C
:10B9B000012902D1C3F30113DEE7022902D1C3F347
:10B9C0008103D9E703F003030CF1FF3C1EF80330B9
:10B9D0001FFA8CFC0134D1E7C446E6E7082B33D1CB
:10B9E0004A464B46DFF8B09021E094F800C013F0CF
:10B9F00001030BBF4FEA1C1C0CF00F0C19F80CC014
:10BA000019F80CC006F80EC01EBF01F1FF3189B253
:10BA100001340EF1010E013395F804C0F445E4DC65
:10BA2000B8F1000F01D00C440023064401326979BB
:10BA300091427FF769AFB8F1000F03D129794FF038
:10BA4000000EE9E74146FAE7102B7FF45DAF4A4666
:10BA50000DE014F801CB06F803C0013395F804C0DB
:10BA60009C45F6DCC91A064414FA81F401326B795C
:10BA700093427FF749AFB8F1000F02D12979002333
:10BA8000ECE74146FBE70F46F8E61746F6E64F4679
:10BA9000F4E600BF22680300266803002DE9F043A6
:10BAA000092A876985B080460C461646994605D016
:10BAB000002A42D1002005B0BDE8F083202138469D
:10BAC000FFF76AFE05460028F4D0FB68002B36D14C
:10BAD00000207A683B8A02EBC50243435188092E55
:10BAE000C1F30B1001464FEA231304BF01B2490012
:10BAF00008330B441B09A380537923811179E1801A
:10BB000092F90630638192F90730A3813B7D33B10E
:10BB10005A1E0A44B2FBF3F212FB03F39BB2E38119
:10BB2000FB7CA561C3F343032374637C092E6FF38D
:10BB30000003637460D00120BDE71146BFE7B9F18F
:10BB4000000FC5D0D8F818004946FFF725FE002899
:10BB5000BED0D8F81820D2F80C80D27C930634D40A
:10BB600098F80B203F2A17D8D8F80090244BCDE93D
:10BB70000250D8F80820009322F0404202234946A0
:10BB800002A823F020F90028A3D0A0EB0900401060
:10BB9000D8F8043018569CE702F0C002402A97D12A
:10BBA000D8F80090174BCDE90250D8F80820009340
:10BBB00022F040420423494602A823F004F9002859
:10BBC00087D0A0EB09008010E2E7D8F80420D8F86D
:10BBD0000810525D095C002A3FF47AAF00293FF457
:10BBE00077AFD8F8003098F80D00013A0B4400FB0D
:10BBF000023313F9010C6CE74900E1809BE700BFB9
:10BC0000B7BB0200C9BB0200C37A9B0742BF034B0C
:10BC100000225A65C07AC0F3400070479448002063
:10BC2000C27A930717D5002390F8A810036722F073
:10BC30001302C272C0E91A33074A8367C0E9163398
:10BC4000C0E9233363F30301C0E91433C0E90333CC
:10BC500080F8A810536570479448002010B504463A
:10BC600001F024FA94F8A8301B0701D0236F43B9E0
:10BC7000D4F8D8302BB120460249BDE8104003F07B
:10BC8000A3BB10BD5DBC000010B5FCF721F8124845
:10BC900022F04FF80446E8B1DC22002123F0E1FA5B
:10BCA000E37A0E4823F0060343F00603E3722246CC
:10BCB000212104F041F82062FCF70AF800232370E8
:10BCC0000123074AA372074BE061C4E909234FF43B
:10BCD0008073E362204610BDD848002077BD020083
:10BCE0000A0A0332900164000146034809B922F0B0
:10BCF000C0B822F0C4B800BFD8480020014B186D6E
:10BD0000704700BF94480020014B586D704700BF3A
:10BD10009448002070B50C460546FCF76DF82146A6
:10BD20001FF0C3FF0D4E7065B0B92846FCF75AF8F6
:10BD300021461FF0BAFF706570B92846FCF73EF83F
:10BD400021461FF0B2FF706530B92846FCF75EF857
:10BD500021461FF0AAFF706570BD00BF9448002007
:10BD6000F8B5154E0128356D04460F4605D012284A
:10BD700014D8124BC340D90710D5726D21462846FE
:10BD80001FF0DCFF2846FFF73FFF98B9EB7ADA0691
:10BD900004D560F30413EB720120F8BD3A46706DD0
:10BDA0002146F9F7EBFA2846FFF72EFF80F0010055
:10BDB000C0B2F2E70020F0E794480020100F040022
:10BDC00038B590F89830013380F898300446D0F8B0
:10BDD000A40023F075FB238D984225D9012384F814
:10BDE000983006F087FE1F4DC4F8A40004F19C01B2
:10BDF00020461FF01FFF296D0420FFF7B1FF80B31D
:10BE000094F898300322013B93FBF2F202EB4202DA
:10BE10009B1A012B1FD0022B20D013BB296D0520AC
:10BE2000BDE83840FFF79CBF237803F0FD03012BEA
:10BE3000D7D1226BD4F89C30616B9B1AD4F8A02028
:10BE4000521A94F82410524303FB032311FB01F10F
:10BE50008B42C3DCC5E7296D0620E1E7296D072089
:10BE6000DEE738BD94480020F8B5894D0446806E61
:10BE70006865E37A1B071FD42B6DDE69E8B904F10E
:10BE800030013046FFF746FF236F6865002B00F056
:10BE90000A81D4F8D83033B17E49204603F094FAB1
:10BEA0000023C4F8D830204601F000F92046FFF7FF
:10BEB000ABFE002800F0F780F8BD236F002B00F0E8
:10BEC000EB80A36B266B626BF61AE36BA664D21A47
:10BED000A36DE264334403EBD3735B10A365E36D9E
:10BEE000134403EBD3735B10E365D4E9160104F14B
:10BEF000600383E80300002E94F82430B8BF764234
:10BF00009E4204DC002AB8BF5242934205DA94F8FC
:10BF1000A93043F0020384F8A930686D0028CBD023
:10BF2000802112F0DEF980F0010717F0FF0740F0E2
:10BF300084812B6DDB7A1807BED4206F08B1FAF725
:10BF4000DDFB204601F0D2F92046FFF75DFE002818
:10BF5000B2D1236F002B5AD194F8A930D90756D407
:10BF6000A66E002E53D04FF40041304612F0ABF9CC
:10BF7000002840F06A81A36C2A6DE16C92F826C01B
:10BF800083EAE37EAEEBE37EE64507DA81EAE17E13
:10BF9000AEEBE17EF445C8BFC4E92300D4F88C00C1
:10BFA0000344D4F89000C4F88C300144C4F89010D5
:10BFB00092F827E083EAE37CACEBE37C81EAE17072
:10BFC000F445A0EBE17001DC864520DA844540F3BE
:10BFD0004181002BCCBF02230123B4F8A8101B0120
:10BFE00021F4F87143F480730B43A4F8A8301021B6
:10BFF0003046F9F7C3F92046FFF706FE38B9286D39
:10C00000324610211FF09AFE286DFFF7FDFD2046F5
:10C01000FFF7FAFD00287FF44FAFA37A022B07D178
:10C02000206A28B122F0CBFE10B1206A22F0B8FEBF
:10C03000236F002B7FF440AFE37ADA0718D4E0686F
:10C0400023F03EFA296D0B8D984209D9002F40F05C
:10C050000681E37A43F00103E37206F04BFD2061B1
:10C06000236F002B7FF428AFE37ADB077FF524AF43
:10C07000206923F025FA296D4B8D98427FF61CAF7D
:10C08000002F40F0F38006F035FD206114E700BF7B
:10C09000944800205DBC00004FF4005112F013F9E9
:10C0A00000283FF4ECAE686DA16E8842D4E90C2301
:10C0B0003FF407AFC4E90E23637A94F8A920A06F78
:10C0C000B3FA83F35B0963F3820284F8A920C8B151
:10C0D0006B6D984216D022461921F9F74FF9204688
:10C0E000FFF792FD00287FF4E7AEA26F19212046EA
:10C0F0001FF024FE2046FFF787FD00287FF4DCAE0A
:10C100006B6DA367A06E002842D16B6DC4E91A3332
:10C11000002B3FF4D6AE06F0EDFCE37AB4F8A8208D
:10C12000E0606FF30003E3720023C4E91433C4E951
:10C130002333C4E912332367637A22F47F7222F037
:10C140000302012BA4F8A8202CD12E6DF37A1F072F
:10C150003FF5B2AE686D042112F0B5F888B1686D94
:10C1600012F0C5F80746706F002833D1002F39D080
:10C17000686D11F030FD3046FFF746FD08B96B6D74
:10C1800073672046FFF740FD00283FF49AAE93E620
:10C190002A6D0321F9F7F2F82046FFF735FD002854
:10C1A000B3D089E6686D802112F09BF80028CCD1CD
:10C1B000A26F6B6D296D9A4206D1296D0120FFF7A0
:10C1C000CFFD0028C1D177E61820FFF7C9FD002870
:10C1D000F3D171E612F08BF88742034615D1686DF2
:10C1E000002FC6D1706F6B6D9842C8D02A6D142194
:10C1F000F9F7C4F83046FFF707FD0028C1D12A6DD2
:10C20000686D1321F9F7BAF8B5E7706F83B928B9EB
:10C21000686D002FACD12A6D1321F3E72A6D14212C
:10C22000F9F7ACF83046FFF7EFFC0028F0D0A8E7AC
:10C230000028EDD02A6D1521F2E7296D0220FFF7C5
:10C240008FFD00287FF475AE36E6304615F082F992
:10C25000064686E60029CCBF08230423BDE6082055
:10C26000FFF77EFD00287FF4F4AE25E60920FFF7F6
:10C2700077FD00287FF407AF1EE600BF2DE9F043ED
:10C28000C37A044618079DB007D4A26B236B9A4269
:10C2900003D1E26B636B9A4248D0FBF719FD04F1BE
:10C2A0003001FFF737FDA36F8342054623D02246B6
:10C2B0001821F9F763F82046FFF7A6FC60BB2A4671
:10C2C000182120461FF03AFD2046FFF79DFC18BBC1
:10C2D000A06F22461921F9F751F82046FFF794FC88
:10C2E000D0B9A26F192120461FF028FD2046FFF784
:10C2F0008BFC88B9A567E37AA06E190716D57F4B2A
:10C3000003211A6DF9F73AF82046FFF77DFCE37A2E
:10C3100028B16FF3C303E3721DB0BDE8F083C4E935
:10C320001A00C4E9030060F3C303E372734DA36E04
:10C330006B65A37A276F022B07D1206A28B122F000
:10C340003EFD10B9206A22F026FD686D002800F03D
:10C35000D080802111F0C5FF00283BD1296D0B2032
:10C36000FFF7FEFC0028D7D0C7B994F8A9305A07C8
:10C3700004D40023C4E90333A366CDE7E37ADB07E3
:10C3800006D5296D0A20FFF7EBFC0028F1D1C3E7A1
:10C390002046FFF715FD0028F3D1BDE72A6D0D21DA
:10C3A0003846F8F7EBFF2046FFF72EFC0028B3D104
:10C3B000C4E90300A0660026CDE904664FF4807549
:10C3C000A84677B9B8F1000F36D105B901254FF06D
:10C3D00001083AE00023C4E90333A366002FEAD141
:10C3E0009AE770220021384614F02DFB0390304468
:10C3F0006E22002106B2384614F025FB6F228146DA
:10C4000003900021384614F01EFBB9F1010F0546D8
:10C410000390B8BF4FF0010901283846B8BF012585
:10C4200008FB09F915F096F849F30F2808FB05F504
:10C4300045F30F250746C4E7002D58D02EB9B5F5B2
:10C44000807F02D1B8F5807F20D076424FF48033D0
:10C4500036B293FBF8F24FF0000993FBF5F304AF0B
:10C4600015B20FFA83F843462A46314604F15800C4
:10C47000CDF80490009720F03EFFCDE900794346C7
:10C480002A46314604F1600020F035FFD4F8D85038
:10C490003DBB04A802F07EFF214604A820F023FB48
:10C4A0004FF4806104A820F022FB4FF480622946FB
:10C4B00004A820F021FB124904A820F016FB114922
:10C4C00004A820F023FB0F4904A820F021FB4FF023
:10C4D000FF3104A820F022FB04A803F0A7F8C4F859
:10C4E000D80020461DB0BDE8F043FFF78DBB012505
:10C4F000ABE7002F3FF410AFC8E700BF944800201F
:10C500005DBC0000E3BB02002DE9F04F044691B092
:10C51000002800F0E780A84D2865C369002B00F0D3
:10C52000E180FFF77DFBC37A5E0740F1DB80C369E2
:10C53000D3F8D0320193002B40F0D4803422002174
:10C5400003A822F08EFE2378012B1FD1236C0393C6
:10C55000636C0493636813B103A920469847A37AD8
:10C560002046022B14BF9DF81F804FF00008FFF7F4
:10C5700057FB019B6B659DF81E302372012B0FD179
:10C58000E66906F0B7FAC6F80C0310E0022B03D1F7
:10C59000D4F8B0300593DDE7042BDBD10A23F9E7AB
:10C5A0002378042B03D1BDF91C30002BE8D123786C
:10C5B000012B40F08380E069039E04992664616446
:10C5C00090F8002302F00603022B07D103689B1B9F
:10C5D000013B039343685B1A013B049302F005029D
:10C5E000012A06D1DDE90332049343689B1A013B1B
:10C5F0000393FBF77DFBE069FBF78AFBD4F8B400FB
:10C6000048B1DDE90312A36B8B4202D1E36B934285
:10C6100001D012F0E6FF039B2363666F049B636304
:10C62000BDF91C30C4F89430BEB1B3B130466E656C
:10C6300012F0C5F8F0B10021686DE66A762214F0B8
:10C6400002FAD4F894305E43464306F500463614A9
:10C6500002A912200296FFF783FB237A012B2046C2
:10C6600029D1FFF701FC237A6372236BA363636B09
:10C67000E3632EE0D4F8942094F82430A666002AD0
:10C68000D8BF5B42E36420461FF0D2FB0028E4D011
:10C6900076220021E66A14F0D6F9D4F8943002909C
:10C6A0007343434303F500431B14E365636620466D
:10C6B00000F01CFED1E7FFF7E1FDD4E7022B40F0CC
:10C6C000E4809DF81E10E37A012903F008020CD1E2
:10C6D0009AB12046FFF7A4FAB8F1000F7FF42EAF0D
:10C6E000C5E9148811B0BDE8F08F32B123F0090319
:10C6F000E3720023E36084F8AC30D4F8B860059BA3
:10C70000D4F8B0A0C4F8B030002EE2D0304611F01A
:10C7100029FA68650028DCD0802111F0E2FD9DF83F
:10C720001E9094F8ACB084F8AC9080F00107B9F199
:10C73000010FFFB23BD1BBF1000F3FD106F0DAF998
:10C740000599E06009290BD13046002111F023FA48
:10C750003046F8F781FD2046FFF756FA48B3B8E7B0
:10C760000B2907D13046002111F015FA3046F8F7B1
:10C7700087FDF0E7EFB10A2930460CD111F0F7F947
:10C780002046FFF741FA0028A3D1296D4846FFF75C
:10C79000E7FA70B99DE71B294BD111F0E8F9204663
:10C7A000FFF732FA002894D1296D2720EFE7002FF8
:10C7B00042D100236B658CE794480020002FF8D00D
:10C7C000BBF1010FF5D1059B0A2B15D0E37AD807F1
:10C7D0001BD4E06822F074FE238D9842E37A12D9CC
:10C7E00043F00103E372059B0A2BE2D106F082F9C4
:10C7F0002061296D0820CAE7296D0220FFF7B0FAF1
:10C800000028E3D165E7D907D3D5206922F058FE87
:10C81000638D9842CDD906F06DF9059920610A29FA
:10C8200002D1296D0920B2E709298DD00B2999D0B1
:10C83000304611F09CF98EE7B9F1000FB9D1BBF188
:10C84000010FB6D1BAF10A0FCDF814A006D0E37AE1
:10C85000002262F30003E260E372AAE7296D0B2075
:10C86000FFF77EFA00283FF434AFE37ADA0706D503
:10C87000296D0A20FFF774FA0028E8D129E720463D
:10C88000FFF79EFA0028F3D123E7042B40F0B6818E
:10C890009DF81E20E37A012A03F0080160D10029E7
:10C8A0007FF417AFD4F8B860059B94F8ACA0C4F837
:10C8B000B03084F8AC20002E3FF40BAF304611F0BE
:10C8C00051F9686500283FF404AF9DF81E3013B19C
:10C8D0000023ADF81C30802111F003FD9DF81E30BF
:10C8E00080F00107012BFFB240F0E780BAF1000FA2
:10C8F00070D106F0FFF80599E0600A294CD1686D07
:10C9000011F05DFFB0B3304611F0AAF900283AD11A
:10C91000BDF91C304FF0000AC5F854A0002B3FF4BD
:10C92000D8AE304611F09CF9BDF91C3007460028FE
:10C9300000F03F81534580F22881BDF91C305B42F5
:10C940009A45BFF6C6AE1421304611F010F92046C4
:10C95000FFF75AF900287FF4BCAE0AF1010AECE7B0
:10C9600000299FD023F00903E3720023E36084F8D9
:10C97000AC3097E7686D102111F0A5FC0028C2D1FA
:10C98000304611F06DF9002FC2D0296D0120FFF75C
:10C99000E7F90028BCD19CE6142905D1BDF81C306C
:10C9A000013BADF81C30B3E7132903D1BDF81C30AF
:10C9B0000133F6E71B29304676D111F0D8F820462E
:10C9C000FFF722F900287FF484AE002FA0D0296D54
:10C9D0002720DCE7BAF1010F9AD1E37ADB0710D503
:10C9E000206922F06DFD638D984291D906F082F89E
:10C9F000059920610A2951D1002F89D0296D09207C
:10CA0000C5E7E06822F05CFD238D9842E37A41D9C6
:10CA100043F00103E37206F06DF8059B20610A2BD9
:10CA200020D16A6D286D08211FF088F9286DFFF765
:10CA3000EBF800287FF44DAE686D11F0C0FEB0B188
:10CA4000304611F012F901280CD9304611F008F9DE
:10CA500080F00101C9B2304611F09DF8686D2021C7
:10CA600011F023FCE37A43F00103E37250E7686DB1
:10CA7000102111F028FC0028E2D1002FF2D02A6DFD
:10CA8000686D0821F8F77AFC286DFFF7BDF80028DB
:10CA9000E8D01EE6D8077FF53BAFA1E714293FF4A5
:10CAA0007DAF132982D0304611F061F82046FFF7A0
:10CAB000ABF800283FF42CAF0BE6002B7FF428AF37
:10CAC000BAF1010F7FF424AF059B0A2B1AD1686DD0
:10CAD00011F075FE10BB686D102111F0F4FBE8B980
:10CAE00087B1296D0B20FFF73BF900283FF4F1AD2A
:10CAF000E37AD9070CD5296D0A20FFF731F9002810
:10CB00003FF4E7ADE37A0022E26062F30003ACE7B2
:10CB10002046FFF755F90028EDD1DAE5304611F04F
:10CB20009FF8E37A50B3DA070AD49FB90A21304656
:10CB300011F01DF82046FFF767F80028E2D0C8E59D
:10CB4000304611F092F80128EFD9686D202111F0DC
:10CB5000ACFBD7E7296D0B20FFF702F900283FF463
:10CB6000B8AD2046FFF72CF900283FF4B2AD296D8F
:10CB70000A20FFF7F5F80028D8D1AAE5DB07C1D4D1
:10CB80000121304611F007F8BCE73FF4A2ADBDF932
:10CB90001C309A45BFF69DAD1321304610F0E7FFDB
:10CBA0002046FFF731F800287FF493AD0AF1010A1F
:10CBB000EDE7002B10DABDF91C305B429F42BFF657
:10CBC00088AD3046F8F75CFB2046FFF71DF80028DB
:10CBD0007FF47FAD0137EEE73FF47BADBDF91C304C
:10CBE0009F42BFF676AD3046F8F736FB2046FFF79A
:10CBF0000BF800287FF46DAD0137EFE7032B7FF4CE
:10CC000068ADD4F8BC30002B3FF463AD069A03EB5B
:10CC1000C20153F832709DF81E304E68012B08D1C6
:10CC2000A36B9F4202D1E36B9E4202D02046FFF7E6
:10CC300025FB2046FEF7E8FF00287FF44AAD9DF86B
:10CC40001E30012BC4E90C7620460AD1FFF70CF9FF
:10CC5000237A63722046FEF7D7FF00283FF405AD24
:10CC600037E5FFF70BFBF3E770B5C37A43F0020338
:10CC7000C372234B1A6D824204BF00225A650378A7
:10CC8000013B012B04460D4611D8866E99B1436FC6
:10CC900099420DD08EB9D4E91B369D4201D10023B3
:10CCA000E366EEB9A36F9D4201D10023A36770BD77
:10CCB00000234367EEE741676EB100232246172148
:10CCC000A3663046F8F75AFB3246172120461FF07C
:10CCD00035F8002DDFD1266F0023E366002EE4D067
:10CCE00000232246172123673046F8F747FB3246D8
:10CCF000172120461FF022F8002DD3D1D5E700BF21
:10CD00009448002038B50D4618B1BDE83840FFF70B
:10CD1000ABBF084821F0ADF8044610B9064B586582
:10CD200038BD20462946FFF79FFF2046FEF7DCFF6F
:10CD3000F2E700BFD8480020944800202DE9F04FCA
:10CD400089B0CDE9021204469B4613F0FBF8054674
:10CD500020B96FF0604009B0BDE8F08F10220021CB
:10CD6000204613F070FE112207900021064620464F
:10CD700013F069FE07900746204614F021FC4FF09F
:10CD8000000801906FF06049019B984506D16FF053
:10CD900060439945DDD0C9F10000DCE7A36829496B
:10CDA0001B6853F828A0504611F093FA28B94FF4A5
:10CDB0008051504611F087FA20B94B4608F101081E
:10CDC0009946E1E7022D1AD0032D1DD0012DF4D193
:10CDD000A169DAF818303144029A5B449342ECDBE3
:10CDE000039A9342E9DC5B1A83EAE37089EAE9710A
:10CDF000A0EBE370A1EBE9718842DEDADEE7216A9D
:10CE0000DAF82030C91BE7E7DAF8181004910AF1C4
:10CE1000140020F083FA049900EBD07001EB60035A
:10CE2000A1690593314404F11400049120F076FACD
:10CE3000801B0499059BC01B00EBD07001EB6001C7
:10CE4000CAE700BF010004002DE9F04F89B0CDE929
:10CE5000021204469B4613F06EF8054620B96FF0A7
:10CE6000604009B0BDE8F08F12220021204613F087
:10CE7000EAFD1322079000210646204613F0E3FD49
:10CE800007900746204614F09BFB4FF000080190E6
:10CE90006FF06049019B984506D16FF0604399455A
:10CEA000DDD0C9F10000DCE7A36828491B6853F80E
:10CEB00028A0504611F00DFA28B94FF48051504681
:10CEC00011F001FA20B94B4608F101089946E1E753
:10CED000022D1AD0032D1DD0012DF4D16169DAF88D
:10CEE00014303144029A5B449342ECDB039A934240
:10CEF000E9DC5B1A83EAE37089EAE971A0EBE3708D
:10CF0000A1EBE9718842DEDADEE7E169DAF81C308C
:10CF1000C91BE7E7504650F8143F049320F0F9F995
:10CF2000049B00EBD07003EB60032046059350F8A0
:10CF3000141F3144049120F0ECF9801B0499059BE7
:10CF4000C01B00EBD07001EB6001CBE701000400D7
:10CF50002DE9F7431E4603294FF0010313700446E1
:10CF60001746337024D112F0E6FF022863D003285D
:10CF70003BD0012856D0002500236FF06042691C89
:10CF80002046FFF761FF6FF06043984204BF002323
:10CF90003370454900236A1E2046FFF755FF6FF0A6
:10CFA0006043984201D100233B7003B0BDE8F08399
:10CFB00012F0C8FF02286DD0032845D0012860D0A8
:10CFC0000025691C00236FF060422046FFF7B6FE83
:10CFD0006FF06043984204BF00233370324900234E
:10CFE0006A1E2046FFF7AAFED9E71222002120463A
:10CFF00013F029FD1322804601900021204613F0F2
:10D0000022FD81460190204650F8145F20F081F9FE
:10D01000A0EB0803A3EB090303EBD37305EB630554
:10D020004544A9E7122200212046656913F00BFD53
:10D0300001900544A0E7132200212046E56913F082
:10D0400002FD01902D1A97E710220021204613F0CF
:10D05000FAFC1122804601900021204613F0F3FCD7
:10D060008146019004F11400A56920F057F9A0EB66
:10D070000803A3EB090303EBD37305EB63054544F6
:10D080009FE7102200212046A56913F0DCFC0190E7
:10D09000054496E7112200212046256A13F0D3FCAF
:10D0A00001902D1A8DE700BF010000E02DE9F34744
:10D0B000056F0446002D00F0A18090F8A8301F07EE
:10D0C00000F09C8090F825604021284611F0FBF884
:10D0D00008B9C4E91600284612F02DFF0746284675
:10D0E00012F030FF94F8A89009F00F09B9F10C0F75
:10D0F00080467DD14FF0000AC4F858A000283CD1EA
:10D10000E36DC6F164065E432846642396FBF3F69E
:10D11000E665F9F703F80646284612F024FFCDF835
:10D12000009033460246E16D28461EF027FE414638
:10D130000246E065284612F018FFE37A9E075DD4A8
:10D14000A36D002B5AD1E36D002B57D1284612F066
:10D150000AFF06462846F8F7E1FF002E00F39F80FD
:10D16000002832DD8EB30123324600212846F9F72C
:10D17000EFF8E37A9A0728D540E0494620461EF0AA
:10D1800040FE636DD4F88020C4F85CA0C1189142C1
:10D190000646B8BFD61AD4F8882099199142C8BF5C
:10D1A000D61A514933466FF060422846FFF7C6FD54
:10D1B0000123821900212846F9F7CAF8E37A980773
:10D1C0001CD4A36DD3B9E36DC3B9002F6CD0224634
:10D1D0000E212846F8F7D2F8E37A13F002030DD1B6
:10D1E00094F8A820236763F3030284F8A82005E0DD
:10D1F000B9F1030F05D0A36D002B49D002B0BDE8F3
:10D20000F0874FF0000AC4F85CA007BBA36DC6F11D
:10D2100064065E432846642396FBF3F6A665F8F79A
:10D22000C9FF06462846F9F71DF8CDF80090A16D14
:10D230000346324628461EF0A1FD3A460146A06547
:10D24000284612F092FEE37A9907D4D5D6E74946EC
:10D2500020461EF0D6FD236DE26FC4F858A0C11819
:10D2600091420646B8BFD61AD4F884209919914243
:10D27000C8BFD61A33461C496FF060422846FFF7F4
:10D28000E3FD0123811900222846F9F761F8DAE766
:10D29000E36D002BB2D1B8F1000F96D156E700280C
:10D2A00093DA0123424260E72846F8F783FF0646F7
:10D2B0002846F8F7D7FF002E0EDC002887DD002E69
:10D2C00085D001233A4631462846F9F741F8E37AFA
:10D2D0009B077FF57CAF91E70028BFF678AF01236D
:10D2E0003A464142F0E700BF010000E02DE9F04F6F
:10D2F000836C85B004461BB9C36C002B00F07A81A7
:10D30000266F002E40F0CE8020461EF091FD06468E
:10D31000002800F06F81256F8021284610F0D3FF90
:10D3200080B9B84A6FF060430093114604F17C0065
:10D330001FF05DFCE26F6FF060439A4204BFB14B97
:10D34000E36781E0284612F0FDFD022830D0032873
:10D350003AD001284DD1A96900236FF06042013114
:10D360002846FFF7EBFCC4F88000AA690023013AC5
:10D37000A4492846FFF7E2FCC4F88800284612F0CA
:10D38000DAFD02283BD0032844D0012856D10023DF
:10D390006FF0604269692846FFF756FDE0676A69E9
:10D3A000002398492846FFF74FFDC4F88400C1E7E1
:10D3B00000236FF06042296A2846FFF7BFFCC4F8DB
:10D3C00080002A6A0023D3E705F11400AF691FF03B
:10D3D000A5FF00EBD07007EB600700236FF0604201
:10D3E000791C2846FFF7AAFC0023C4F880007A1EA7
:10D3F000BEE7844BC4F880306FF06040BCE7002388
:10D400006FF06042E9692846FFF71EFDE067EA69B0
:10D410000023C6E7284650F8147F1FF07AFF00EB80
:10D42000D07007EB600700236FF06042791C28463C
:10D43000FFF70AFD0023E0677A1EB2E7714BE3674E
:10D440006FF06043C4F88430D4F880206FF06043FC
:10D450009A4204BF6B4BC4F88030E36F0BB9694B41
:10D46000E367D4F884301BB96FF06043C4F88430AC
:10D47000D4F8803013B9634BC4F88030D4F88830C6
:10D480001BB96FF06043C4F88830A06E202110F003
:10D490000CFF00220C213046F7F770FFE37A980763
:10D4A00000F1A8804FF48075B0462F464FF0000A77
:10D4B00070220021404613F0C6FA029050446E22BA
:10D4C00000211FFA80F90FFA80FA404613F0BBFAE8
:10D4D0006F22834602900021404613F0B4FABBF15C
:10D4E000010FB8BF4FF0010B01280290B8BF012017
:10D4F000684340F30F25404614F02CF807FB0BFB64
:10D500004BF30F2780460028D2D1C7B9002D74D025
:10D5100001270020CDE90200C9F10001019002A815
:10D520004FF48033009093FBF7F209B293FBF5F3CD
:10D5300012B21BB204F148001FF0DDFE0AE0002D1C
:10D540005DD0BAF1000FE4D1B7F5807FE1D1B5F538
:10D55000807FDED194F8A85005F00F05032D3046EA
:10D5600052D1F8F77FFE07463046F8F723FE0095C4
:10D5700002463B46A16C30461EF000FC0746304692
:10D5800012F0D1FC10F0010552D00025810758BFE0
:10D5900027EAE77710F0040301D1002D4CDC0207E5
:10D5A00001D425EAE575636DD4F8802059199142BC
:10D5B000B8BFD51AD4F8882059199142C8BFD51AD6
:10D5C000236DE26FD9199142B8BFD71AD4F88420DD
:10D5D000D9199142C8BFD71A39462A46304612F0A7
:10D5E000C4FCE37A9B0705D4236D3B442365636D3C
:10D5F0002B44636505B0BDE8F08F012588E7012560
:10D6000087E700BF010000E012F0ADFC05463046A0
:10D61000F8F784FD0C22009203462A46E16C30465E
:10D620001EF0ACFB0546304612F07DFC0027ADE74E
:10D63000002FABDD2F46B2E71D46B4E72DE9F04FD2
:10D6400089B00E4617460021012280460293DDF87C
:10D650004CA013F0F8F9022207900446002140463E
:10D6600013F0F1F9F2780790950758D512F0010FF1
:10D670006FF040424DD094424DD0924B0393924B69
:10D6800001930025CAE90155CAE90355CAF81450A7
:10D69000CAF8005039464046069713F05EFF4FF037
:10D6A000010B0446DDF81890002C46D04F453DD1C3
:10D6B0008649204610F00DFE0146002840F0DA8031
:10D6C0007E220590204613F0BEF904909DF81020AC
:10D6D0000790002A00F0DF80F27812F0010013BFFB
:10D6E0000422062201460599204613F0ACF9F2788F
:10D6F00007904F4502F002024CD0129B1844002ABA
:10D7000049D10544DAF80820129B1A44CAF80820C7
:10D710004BE0904206D1F2786FF34102F270F2785A
:10D72000D107AAD4684B0393664BA9E74FF40011C5
:10D73000204610F0C8FD0028BAD0DAF8142012B93B
:10D74000DAF808300293029B069ACAF80430DCB17A
:10D75000974219D1D8F80820F178126852F827407A
:10D76000C1F3800106AA40461EF076FD64B1019B1C
:10D7700020469847039BCAF800002046984701229C
:10D78000CAF80400CAF80C20DDF81890484609B021
:10D79000BDE8F08F32B1DAF80820029B2A44024437
:10D7A0009A42CADC4F450544ACD1DAF814109AF815
:10D7B00018200131D207CAF8141047D51822DAF818
:10D7C0001000514302F042FE83460028DED0DAF812
:10D7D0001410182202FB0101204641F8184CF17880
:10D7E00011F001011ABF04220021062213F02BF9C7
:10D7F000DAF814200790182101FB02B242F8140C49
:10D80000F17811F001011ABF0522002107222046FC
:10D8100013F019F9DAF814200790182101FB02B26D
:10D8200042F8100CDAF8142001FB02B09DF8102029
:10D8300040F8082CDAF8142001FB02B212F8041C9C
:10D840006FF3000102F8041CCAF810B0019B2046D7
:10D850009847DAF80020904203DD019B2046984764
:10D860000246CAF80020DAF80C200132CAF80C206F
:10D870004FF0000BF27812F0040F0CBF01214FF0B3
:10D88000FF31494400290691FFF657AF404613F097
:10D8900064FE044606E7039B20469847BBF1000F51
:10D8A00001D1129B1844F278DAF80810930705D5D5
:10D8B000029B6A1802449A423FF73FAF0844CAF8F5
:10D8C0000800C3E7D9C20200B9C202000100060085
:10D8D0002DE9F04F7A22A9B00021044613F0B3F8E5
:10D8E000C343C0F3800203F0010343EA42039DF8FF
:10D8F0005B202190C0F3C00043EA800322F00702BE
:10D90000134300217B2220468DF85B3013F09BF8F7
:10D910007C2221908DF858000021204613F093F8C6
:10D920007D2221908DF859000021204613F08BF8BC
:10D9300027222190C5B2002120468DF85A5013F0BD
:10D9400082F89DF85B602190C3B216F00108039342
:10D9500040F09A8015224146204613F074F81422B4
:10D96000219005904146204613F06DF821900490D7
:10D97000204611F002FF0690102200212046D4F824
:10D98000189013F060F830220746219000212046BD
:10D9900013F059F83422824600212190204613F0DA
:10D9A00052F883072190204648BF574412F0D6FA18
:10D9B000B944A9EB00001790122200212046D4F8A8
:10D9C000149013F040F830220746219000212046A1
:10D9D00013F039F83422824621900021204613F0BA
:10D9E00032F821904007204648BF574412F0B1FA60
:10D9F000B944A9EB00001890B8F1000F56D10DF111
:10DA0000600A01220021204613F01DF802220A902C
:10DA100021900021204613F016F86FF040430B9040
:10DA20002190B8F1000F44D0984240F0878094F8DC
:10DA30002B30590700F182800023199300279DF8AD
:10DA40005B6016F0040502D0A3681D8E013D039BA8
:10DA5000012B01D1F3073BD5A3681B8E9D42C0F07B
:10DA60008B800A9A6FF040439A4202D00B9A9A42F6
:10DA700002D12046F7F760FE00223321204629B06C
:10DA8000BDE8F04FF7F77ABC14220021204612F0CF
:10DA9000DAFF1522219005900021204612F0D3FFD5
:10DAA00021900490204611F058FE64E70DF15C0AC5
:10DAB000A7E70A9A9A4211D0039B012B3ED1ADB140
:10DAC0000027012D199714D116F00405BCD12F465B
:10DAD000DAF800303B44CAF80030BDE794F82B3048
:10DAE00013F0080F039BE8D1012BA5D10023199354
:10DAF000012516F004021CBFA3681A8E4FF0000621
:10DB000018BF02F1FF3237460DF18408A3681B8E5F
:10DB1000934218D80EB1059BFF1A9DF85B30DA07C7
:10DB2000204626D511F029FE19ABCDE900A3014608
:10DB300033463A4628461EF055FB80E700231993EA
:10DB4000002DD6D17AE79DF89C30CDF804806FF394
:10DB500000038DF89C30049B009316A9069B204679
:10DB6000FFF76CFD219B05990B4402461F440136CB
:10DB7000CCE711F0F2FDD7E79DF89C3043F00103AC
:10DB80008DF89C3021AB0193049B00932A46069BA1
:10DB900016A92046FFF752FD039B9DF85B200C90D1
:10DBA000012B07D1D0075FBFDAF8003021995B1A4B
:10DBB000CAF80030189B1193179B129302F0010BC7
:10DBC000674B684A6848694FDDF894801A95BBF145
:10DBD000000F0CBF194611461491654906BF0E4649
:10DBE00001460646109163486349089608BF1346EC
:10DBF000229A0F9204BF0E460146239A07910F996D
:10DC00000E93269B18BF0646A1EB02024FF01800A8
:10DC10000D961392594E00FB038208BF3E4615969F
:10DC20000992002B34D01399474600223B7DDB0735
:10DC300055BF3B69FB68D218C91A099B1837BB420C
:10DC4000F4D143464FF0000993F814C01CF0010FC3
:10DC500017D191FBF2FE1E699F68586806FB0EFE05
:10DC60007745A8BF77468742B8BF0746BE451EBF67
:10DC70004CF0010C83F814C04FF00109DF60921BD7
:10DC8000C91B099818339842DED1B9F1000FCAD1E7
:10DC900027220021204612F0D6FEC3B209930023AA
:10DCA000CDE91B331CAB01931BAB1D9000930F9A66
:10DCB000249B06999DF858001EF094FABBF1000FC2
:10DCC00008D0099B012B05D1204611F046FD1B9B76
:10DCD00003441B932946204613F03FFC259E05462E
:10DCE00018B11A9B0C9A9A4214D1304602F0A4FB48
:10DCF000039A199B012ADAF8002040F08681BBF1D3
:10DD0000000F40F0828105990B44D31A0C9DCAF88C
:10DD10000030A1E61A49284610F0DBFA9DF85B10A6
:10DD20008146C1F3800120B11AAA20461EF094FA60
:10DD3000D4E701467E22284695F82B7012F083FE28
:10DD40001D90C0B2C7F3C008C7F38007002800F0D9
:10DD50001181269A914515D14FF000091AE000BFB4
:10DD60008FC20200ABC202009DC2020005CC0200BD
:10DD700081C202001DD3020013D30200FBCB0200BC
:10DD800001000600334653F8181B8D4240F0EB802B
:10DD9000D6F80C9095F82B3023F00C03BBF1000F54
:10DDA00000F0E58043F0080305F1140685F82B30F8
:10DDB0003046079B984748451DD0284611F092FEF3
:10DDC0006B691D93AB691E93EB691F932B6A2093BC
:10DDD0004946159B304698471DAA31212846F7F73A
:10DDE000CDFA284613F0B6FB2A462A21F7F7C6FAE1
:10DDF000284611F077FE95F82B30C3F3C002424558
:10DE000003D1C3F38003BB4202D0284611F02DFC9E
:10DE10009DF85930012B00F0B480022B40F0BD80FA
:10DE200021980D9B013020F0010605F11400984760
:10DE3000301A109B00EBD0760021284698470E9BA5
:10DE40000746002128469847381A761000EBD07014
:10DE500006EB6006BBF1000F09D0099B012B06D130
:10DE6000079B05F1140098471B9B1B1A1B936C2200
:10DE70000021284612F0E7FD6D22002180461D900A
:10DE80008146284612F0DFFD1D9013900746284674
:10DE900011F05DFC0F90284611F05CFC08F0C043C7
:10DEA000B3F1005F0F99139A14D128F0C0486FF0B6
:10DEB000604398450ED0B8F1805FA2BFC8F17F687B
:10DEC00008F57F2808F6FF7808FB01F34FF0640996
:10DED00093FBF9F907F0C043B3F1005F12D127F0CB
:10DEE000C0476FF060439F420CD0B7F1805FA2BF84
:10DEF000C7F17F6707F57F2707F6FF77784364232D
:10DF000090FBF3F26B691199AF69CB1A9944129B9C
:10DF1000DF1B1744BBF1000F45D0089B00212846AA
:10DF200098471B9B1844374410EB090662D02846DB
:10DF300011F0D8FD6B6933446B61EB693344EB61DD
:10DF4000AB693B44AB612B6A3B442B62284611F022
:10DF5000C9FD00233A463146284611F05DFCBBF16D
:10DF6000000F2CD048E009F101091E46F2E643F00B
:10DF7000040319E795F82B3023F00C0385F82B30B8
:10DF800039E70D9B219E05F1140098470E9B361A28
:10DF9000002128469847361A5CE7109B0021284646
:10DFA0009847064656E7089B5946284698471B9BC4
:10DFB0004E4418440744002EB9D1002FB7D1079B17
:10DFC00005F114009847049B1E181C9B00211E4459
:10DFD0002846089B9847149B0644002128469847EA
:10DFE0001B9B304418449DF85B101B901AAAC1F388
:10DFF00080019AE6002F9AD1099A012ADDE91B03D4
:10E00000DDD1049A1344C01AEDE721990B44059918
:10E010000B4413447AE600BF034B0449DA6D916068
:10E02000DB6D0022DA60704794480020D1D80000F0
:10E030002DE9F04F00219BB0044613F08EFA014603
:10E04000002877D1202212A821F00BF910220021FC
:10E050000AA821F006F912220021204612F0F3FC52
:10E06000302206460E900021204612F0ECFC3422AD
:10E0700005460E900021204612F0E5FC00214207E3
:10E080000E904FF01002204648BF761912F0DBFCCC
:10E09000302205460E900021204612F0D4FC342296
:10E0A000002107460E90204612F0CDFC83076369DD
:10E0B0000E90204648BFED191E4411F04AFFA36997
:10E0C000361A20461D440C9611F048FF2D1A0D9566
:10E0D00000230693A36806991A8E8A4200F2628290
:10E0E000129802F0A9F9139802F0A6F9149802F018
:10E0F000A3F9159802F0A0F901220021204612F0A0
:10E10000A2FC022205460E900021204612F09BFC44
:10E110006FF040439D420E9001D0984202D12046BC
:10E12000F7F70AFB002233212046F7F727F91BB047
:10E13000BDE8F08F81220021204612F084FC0546C4
:10E140001290002840F04E81204613F003FA8122FD
:10E15000294612F078FC0746129000285FD0294625
:10E160008622204612F06FFC2946872280461290B4
:10E17000204612F068FC461CB6001290304602F0B1
:10E1800041F9043E0546324607EB880120F099FF2D
:10E190006FF06043AB514FF0010A00206FF0604315
:10E1A00055F820209A4240F020811790800002F01C
:10E1B00029F913901798DFF810B3800002F022F9C4
:10E1C00000261590179B9E42C0F011814FF0000869
:10E1D000BE4846464346179A9342C0F045811422F2
:10E1E0000021204612F02FFC07460E90204611F029
:10E1F000C4FA179B013B07FB1303A3EB0803B348C7
:10E2000023EAE3730027179A974202D2002E40F0C8
:10E210003D81BAF1000F02D0284602F00DF98222AA
:10E220000021204612F00FFC05460E90002840F019
:10E230004681204613F08EF98222294612F003FC13
:10E2400007460E9000285BD029468322204612F014
:10E25000FAFB2946842280460E90204612F0F3FBFA
:10E26000461CB6000E90304602F0CCF8043E05463F
:10E27000324607EB880120F024FF6FF06043AB517A
:10E280004FF0010A204611F068FA6FF060438346B0
:10E29000002055F820209A4240F01481169080000A
:10E2A00002F0B0F812901698800002F0ABF8002649
:10E2B0001490169B9E42C0F00D81002783483E4675
:10E2C0003B46169A9342C0F0428100211522204617
:10E2D00012F0B9FB169B0E90013B00FB13B0C01B64
:10E2E0007A4920EAE0700027169B9F4202D2002E56
:10E2F00040F03F81BAF1000F02D0284602F09CF8AE
:10E3000015220021204612F09EFB142280460E901A
:10E310000021204612F097FB272207460E9000218D
:10E32000204612F090FBC2B2511E4D424D410E905C
:10E3300001220021204612F086FB0222064600211F
:10E340000E90204612F07FFB6FF040439E4208BFC4
:10E3500094F82B600E9008BF86F008068146204690
:10E360000CBFC6F3C006002611F0F7F97F228246E3
:10E370000021204612F067FB129B0293149B01932D
:10E38000169B03953146C2B20E9000935046434609
:10E390001DF0E2FF6FF04043994508BF94F82B1041
:10E3A000189008BF81F0040120460CBFC1F380051E
:10E3B000002511F0E2F9802206460021204612F0E5
:10E3C00042FB00230393139B0293159B0193179B1E
:10E3D0000E900093C2B23B46294630461DF0BCFF6A
:10E3E000199033E64FF0000AD7E60130D8E655F829
:10E3F0002630364A934235D14FF000095F4624E07B
:10E400004946204613F0A9F8314980460FF061FFD4
:10E410000146C0B905908722404612F014FB01283E
:10E4200005990E900FD18622404612F00CFB8642D1
:10E430000E9008D1404611F08DF9B84203DB4046FA
:10E4400011F088F9074609F10109204613F0B8F8E0
:10E450008145D5D3002F159BB6BF002243F8267007
:10E4600043F826200136ADE655F82320824205DD2B
:10E4700006F16046653616440133ACE615990CBFCB
:10E4800051F8232041F823209044F5E755F8272040
:10E49000824212DD06EBD671DDF854C002F1604213
:10E4A0006532491003FB021191FBF6F14CF827107D
:10E4B000B61A159A52F827209B1A0137A3E64FF097
:10E4C000000ADFE60130E4E6010000E09AFFFF1FEA
:10E4D0000100060055F826309A4A934235D19A4FEA
:10E4E0004FF0000924E04946204613F036F89749DA
:10E4F00080460FF0EEFE0146C0B9059084224046EA
:10E5000012F0A1FA012805990E900FD183224046FE
:10E5100012F099FA86420E9008D1404611F017F990
:10E52000B84203DB404611F012F9074609F1010930
:10E53000204613F045F88145D5D3002F149BB6BF74
:10E54000002243F8267043F826200136B1E655F83C
:10E550002320824205DD06F160466536164401330C
:10E56000AFE614990CBF51F8232041F8232017443B
:10E57000F5E755F827308B4212DD06EBD672DDF851
:10E5800050C003F160436533521000FB032292FB3D
:10E59000F6F24CF82720F61A149B53F82730C01ACD
:10E5A0000137A1E61B68069A684953F822502846AD
:10E5B0000FF08FFE8246002840F09D8101468422A4
:10E5C000284612F040FA87220E908046514628468F
:10E5D00012F039FA07460E90002800F08C81B8F14D
:10E5E000000F00F0888183225146284612F02BFA52
:10E5F000862206460E905146284612F024FA8522BD
:10E6000007900E905146284612F01DFA8822C3B298
:10E610000E9051462846059312F015FAB0446FF05B
:10E6200040420E90C3B2904412981499099351F845
:10E63000281050F8283001EB0309079B50F82610EA
:10E640001F441744A9EB0109159A139952F8272082
:10E6500051F8270051F823100244531A2846272264
:10E660005146089312F0EFF90E90C0B2012805F15F
:10E67000140B5AD1059BCBB958461EF04AFE804672
:10E6800058461EF04BFE0746129B53F8263028468C
:10E69000994411F05CF81B22A9EB000900212846DF
:10E6A00012F0D1F90E90A9EB000614E0059B022BA5
:10E6B000584612D11EF02DFE804658461EF02EFE02
:10E6C0000746129B1A220021284653F8266012F0B2
:10E6D000BAF90E900644002354E01EF01AFE80465C
:10E6E00058461EF01BFE0746059B129A032B2FD09F
:10E6F000012BE6D152F8266000211A22284612F09A
:10E70000A2F9A9EB080909EBD97906EB69090E9082
:10E7100006461B220021284612F095F9361A06EB10
:10E72000D6760E9009EB6606D5E758461EF0F1FD49
:10E73000804658461EF0F2FD059B022B0746D3D1BA
:10E74000A2E700BF9AFFFF1F010000E001000600E2
:10E7500052F8266000211A22284612F074F91A2273
:10E760000E9000210644284612F06DF91B228046C7
:10E770000E900021284612F066F90E904044A9EB55
:10E780000008012395F82B2063F3C30285F82B20A2
:10E79000139B079A53F82290099B022B00F0E58007
:10E7A000032B00F0AC80012B00F0C3801822002165
:10E7B000284612F048F90E90814495F82B306AF300
:10E7C000820385F82B30284610F0C1FF404500F049
:10E7D000DD806B690E93AB690F93EB6910932B6A25
:10E7E0001193284611F07EF9414658461EF005FA6D
:10E7F000394658461EF006FA284611F073F90EAA5B
:10E8000031212846F6F7BAFD284612F0A3FE2A4623
:10E810002A21F6F7B3FD6C220021284612F013F9E5
:10E820006D22002107460E908046284612F00BF913
:10E830000E9083468246284610F089FF05902846B0
:10E8400010F088FF07F0C042B2F1005F059B13D1C2
:10E8500027F0C0476FF0604297420DD0B7F1805F5C
:10E86000A2BFC7F17F6707F57F2707F6FF777B43D6
:10E870004FF0640893FBF8F80BF0C043B3F1005F6E
:10E8800013D12BF0C0436FF0604293420DD0B3F12F
:10E89000805FA2BFC3F17F6303F57F2303F6FF739D
:10E8A00058434FF0640A90FBFAFA0C9B46441E440E
:10E8B0006B69F61A0D9BD1449944AB69A9EB030926
:10E8C00056EA090317D0284611F00CF96B69334456
:10E8D0006B61EB693344EB61AB694B44AB612B6A11
:10E8E0004B442B62284611F0FDF800234A4631467E
:10E8F000284610F091FF069B0133FFF7EABB182270
:10E900000021284612F09FF818220E900021814421
:10E91000284612F098F8192207460E900021284642
:10E9200012F091F8089B0E9038441F1A4FF0010A1C
:10E9300043E7089BDB1B03EBD37309EB630318224C
:10E9400000212846059312F07EF8192281460E9088
:10E950000021284612F077F8059B0E90A9EB0009DC
:10E9600009EBD97903EB690927E7089B28464B4453
:10E97000994610F0EFFE1922A9EB00090021284664
:10E9800012F061F80E90A9EB000916E7284610F086
:10E99000E1FEB8427FF41DAF3DE700BF034B0449E1
:10E9A000DA6D1161DB6D00225A61704794480020D6
:10E9B00031E0000010B5064CA06DC00001F022FD52
:10E9C000E065FFF729FBBDE81040FFF7E7BF00BF98
:10E9D0009448002013B516220021044612F033F8A3
:10E9E00010F0FF0301900ED0084A916D8B420AD8B7
:10E9F000D26D02EBC30152F833304968204602B0B1
:10EA0000BDE81040184702B010BD00BF9448002078
:10EA100037B50D4614462B7CC96833B90C22204605
:10EA200020F04FFB63780BB328E0012B1CD1084684
:10EA300000F000FF164920F084FCB8B901AB0C22AD
:10EA4000214605F114001EF0EAFF78B9019B0C2B5A
:10EA50000CD12378192B1EBF637019232370638890
:10EA600043F020036380DDE7022B02D0002003B0D7
:10EA700030BD0E2353704FF0011353602378192BD0
:10EA800001D10120F3E7638823F001036380F8E7F5
:10EA90009F9703002DE9F04390F82150D0F848806B
:10EAA000072DD8F8009085B004460ED0A5F10803D4
:10EAB000DBB2022B0BD8204A32F81370638C1B0791
:10EAC00007D5D8F820301E6920E00827F6E7002790
:10EAD000F4E7237C012B26D1384601F093FC06464F
:10EAE00070B103AB009302463B460C2148461DF033
:10EAF000AAFC10B9039B9F4206D0304601F09CFC53
:10EB0000002005B0BDE8F083C8F80460072D266337
:10EB10000DD0083DEDB2022D0BD8084B33F815305F
:10EB200063630120EDE7002BEAD1E368CBE7022322
:10EB3000F6E70023F4E700BFBE640300B8640300F7
:10EB40002DE9F04F0546D0F848A090F8210085B097
:10EB500000F000FE074600283BD02C8DB5F826B00B
:10EB6000E600B6FBF0F60096A98C33480E235A4611
:10EB700013F083F90BFB04F4804650B36B8CD0F890
:10EB800010901B0712D5DAF8203019692246484642
:10EB900020F097FA95F821300E2B20D1CAF81C806E
:10EBA0000120C5F82C8005B0BDE8F08F2B7C012B2F
:10EBB00011D103AB0093DAF8000023464A460C213A
:10EBC0001DF041FC10B9039B9C42E3D0404613F07A
:10EBD000D0F90020E7E7002BDCD1EB68D5E70BFB91
:10EBE00006F60123701EBB40013C013B48444C44E7
:10EBF000DBB2861B0021B042D0D022780A411A40F5
:10EC000018D0BC469146BCF1070F07D93944C9B2A8
:10EC1000072900F80199EED9013CEBE7CCF1080E89
:10EC200002FA0EFE49EA0E0EBC445FFA8EF95FFA54
:10EC30008CFCE8E79146E9E78C4900202DE9F04398
:10EC40000B7C012B89B006460C4643D1C86800F006
:10EC5000F1FD674920F075FB68B920461DF036FCD0
:10EC6000054640B1A0640C2001F0CCFB074638B942
:10EC700020461DF000FC0025284609B0BDE8F083C1
:10EC8000E16802221EF0DBFF18B1384601F0D4FB28
:10EC9000EEE72F60628C94F82130100704D5002530
:10ECA00020461DF0E8FBE7E7DA1F032A0BD8E379DB
:10ECB000002BF4D12046FFF7EDFE01280546EFD1E9
:10ECC0004FF0000850E00B3B032BF9D82046FFF72C
:10ECD00037FFF2E7002BE2D1CF683B69002BCAD0A7
:10ECE0004B8C97F801901907D9D4A9F10703032B8E
:10ECF00005D820461DF0EAFB0028D8D1BBE7A9F1D2
:10ED00000B03022B204604D81DF0E0FB0028DDD1C8
:10ED1000B1E71DF0DBFB7B88DA062BD43B8900F1E1
:10ED200024082BBB0FCF01AD0FC597E8070085E87E
:10ED300007004846BDF8085000F00CFD6843073056
:10ED4000C010ADF80C0001A9404613F0F2F90128FB
:10ED50000546A5D1C4F82C80B8F8083013B9238D26
:10ED6000A8F808304FF00108E76A2FB9012583E7BA
:10ED70003946E9E7B846EDE7638CDB0703D50121A7
:10ED8000384613F0D2F939462046FAF773FD0546A6
:10ED900000283FF46DAF874224D020461DF06BFB66
:10EDA00020461DF093FBC561E562A579002DDDD1FC
:10EDB00000F038FA0028D9D0237C8DF80C30E26AB4
:10EDC000E3680293D368019301A9A36C3046FAF774
:10EDD00031FD00283FF44CAF606420461DF076FB07
:10EDE000C561C3E7E762B8F1000FDED0BEE700BF40
:10EDF0009F9703002DE9F04F91F8217087B01B2FEA
:10EE00000E4604921C4658D88B4B43FA07F919F06A
:10EE1000010952D1D1F848B0BBF1000F4DD0DBF859
:10EE200000300293384600F095FC054604981EF029
:10EE300070FA337C814A012B14BF00230C23039307
:10EE40006368934282463CD1FB1F032B8CBF3B4639
:10EE500010230593CDF80090012302460599DBF8B5
:10EE6000400013F063F84B46804690B9DBF8400051
:10EE700020B113F07EF8CBF8409000230093704847
:10EE8000059B0122514612F0F8FF8046A8B1CBF84D
:10EE90004000049B0FCB84E80F00E160049B626894
:10EEA000DB68D8F810B09A4207DC142F00F0A0807D
:10EEB00026D80A2F0DD8062F25D8002007B0BDE888
:10EEC000F08F01336360E3680133E360DBF8408077
:10EED000E4E70F3F042FF0D82168039805FB0AF3FD
:10EEE0004D43318D514301EBD50100220092DB08E7
:10EEF0005A46014402981DF0A6FA0028DDD14EE0E2
:10EF00001B2FE9D0D9E72068318D0823B3FBF5F337
:10EF1000B0FBF3F403FB1404736B514301EB830167
:10EF20006843039B01EBD0011944337C012B19D1B9
:10EF300005FB0AF30733DB080133184604910393FA
:10EF400001F060FA05460028B7D000220092039B2A
:10EF50000499024602981DF076FA30B1284601F075
:10EF60006BFAAAE7F3681D690D44092F23D00A2F15
:10EF700029D0082F17D084F0070464B22846012155
:10EF800001238B40013B376B9BB2C1F1080CCA4592
:10EF90001DDC337C012B02D1284601F04DFAC6F866
:10EFA0002C8001208AE705EBA400E44304F003046D
:10EFB00064000221E4E705EB6400E44304F001048B
:10EFC000A4000421DCE7281908210024D8E70278EE
:10EFD00022411A40D2B2641A64B2002C57F822209F
:10EFE0004BF82920BCBF6446013009F10109CEE786
:10EFF0002368318DB8F8085003981B01514301EB89
:10F00000D3010023009301442B4602985A461DF079
:10F010001AFA00287FF451AF2368318DF28C6468AE
:10F0200000900C3301FB0237490853460BEB0502F5
:10F0300004FB01715EE700BF7F78E0F7010000E0AC
:10F040008C49002010B5FAF7E7FB044680B1094966
:10F0500013F0B7FD0849204613F0B5FD07492046D7
:10F0600013F0B3FD0649204613F0B1FD054B636173
:10F0700010BD00BF11EA00003DEC0000F5ED0000FE
:10F08000AFC40200A397030070B5224C2578002D71
:10F090003ED14FF4EA722946204620F0E2F84FF4C0
:10F0A0004971201D1EF03DFEDC2104F144001EF0DC
:10F0B00038FE194B63660323A36589231748E3626F
:10F0C00001264323236784F8246000F005FC25F023
:10F0D000AEF9F9F7E9F809F0F3F81FF094FE00F043
:10F0E0001DFE00F08BFBFFF765FC00F03BF9F6F727
:10F0F000A7F813F033F8FAF751FFF7F79BFB12F07C
:10F10000E0FB29462846FAF719FBFFF79BFF26701C
:10F1100070BD00BF94480020D4C3B2A1CDAB34125F
:10F1200010B5044640681DF09AFA044B01460422CB
:10F130002046BDE810401EF0D4BD00BFBDC6020091
:10F1400038B5044605698369406810B9002528462A
:10F1500038BD002DFAD0002BF8D01DF080FA2946DA
:10F16000021D04F124001FF07DF805460028EDD0B3
:10F17000042104F130001EF0D4FD014BE363E6E707
:10F18000B5C6020038B5044605698369406810B900
:10F190000025284638BD002DFAD0002BF8D01DF0F0
:10F1A0005EFA2946021D04F124001FF05BF80546B3
:10F1B0000028EDD0042104F130001EF0B2FD014B17
:10F1C000E363E6E7B9C6020030B5124CD4F81C314F
:10F1D00087B00546DBB9104B93E8070006AB03E99F
:10F1E000070013E903002A468DE80300039B0B4840
:10F1F00018211DF0B4F90A49C4F81C011DF012FAD7
:10F20000D4F81C01003818BF012007B030BD012020
:10F21000FBE700BF9448002070510300005A030030
:10F22000A7970300024BD3F81C011DF0F6B900BFED
:10F230009448002030B5124CD4F8203187B00546F0
:10F24000DBB9104B93E8070006AB03E9070013E9AD
:10F2500003002A468DE80300039B0B4818211DF08C
:10F260007EF90A49C4F820011DF0DCF9D4F8200128
:10F27000003818BF012007B030BD0120FBE700BFF8
:10F28000944800207C5103002C5A0300AD970300E2
:10F29000024BD3F820011DF0C0B900BF94480020F4
:10F2A00010B50446014606481EF0A3FD63690BB184
:10F2B000204698472046BDE8104001F0BDB800BF89
:10F2C0004049002010B50A4C012304F1AC0084F839
:10F2D000A4301EF0CEFD28B9D4F8A800BDE8104037
:10F2E0001FF059BDD4F8A800BDE810401FF058BD6C
:10F2F0009448002070B5436805460BB983682BB16C
:10F300001748174E1EF0B5FD044604B970BDA5425E
:10F3100021D0636B002B03DA94F85C30DB061AD53E
:10F3200022682B689A4216D16368A3B16A68934237
:10F3300011D10B4821461EF05CFD63690BB12046DC
:10F340009847204601F078F8FFF7BCFF04481EF00C
:10F3500090FD0446D9E7214630461EF090FDF8E7BF
:10F360004049002010B5094C602120461EF0D9FC10
:10F3700000222121064800F0DFFC44F8040CFFF7CE
:10F38000A1FF002324F8083C10BD00BF4049002025
:10F3900041F4000010B56022044600211FF061FF17
:10F3A0004FF4FA732363002363626423E36201234F
:10F3B0006364044B236294F85C3043F0100384F8D8
:10F3C0005C3010BDFFC90200F8B504460F480F4F6E
:10F3D0000D461EF04EFD002608B93046F8BD036804
:10F3E000A34200D064B94368AB4200D045B9FFF7EF
:10F3F00057FFFFF767FF38461EF03BFD0126EBE79E
:10F40000014638461EF03BFDE6E700BF40490020BC
:10F4100070B505460948094E0C461EF02AFD00B994
:10F4200070BD0368AB4204D14368A342F8D0002CFE
:10F43000F6D0014630461EF022FDF0E7404900209C
:10F440002DE9F047774D95F8A53005F1AC0083F034
:10F45000010385F8A5301EF00CFD0027044605F1D8
:10F46000AC060CB9BDE8F087206D20F029F894F8BF
:10F470005C30DA0740F19980606D20F021F8A26DD0
:10F48000531C15D0824213D894F85C306FF30003FC
:10F4900084F85C30636B9B1A1844606395F8A53060
:10F4A00094F85C2083F0010363F3820284F85C200B
:10F4B00003F020FB206585F8A47094F85C30D80731
:10F4C0006DD495F8A520C3F38001914267D062F313
:10F4D0008203190784F85C30DAB21ED4636B002B08
:10F4E0001BDBD30609D4A3693BB120469847636A66
:10F4F00003446362E36A0344E36220461DF041FB78
:10F50000E3680BB12046984794F85C3043F0080359
:10F5100084F85C302046FFF7EDFED4F83490B9F162
:10F52000000F39DB236B9945C8BF63632046236A0C
:10F53000D4F834A09847A36A834280463CD06368DD
:10F54000A06213B101462068984795F8A430002BBB
:10F5500036D1A3686BBB636B534501D1C4F83490BB
:10F56000D4E90C03834217DB94F85C10626C11F051
:10F57000020129D0002A33D12B4821461EF039FC44
:10F58000FFF7A0FE2369002B48D163690BB1204629
:10F590009847204600F050FF95F8A43083B92146E3
:10F5A00030461EF06CFC04465BE7636B0344636308
:10F5B0007EE741462046984795F8A430002BCAD0F4
:10F5C00030461EF056FCEEE7D4F83CC02AB1B2F14A
:10F5D000FF3F05D0013A626412B9BCF1000FCBD0F5
:10F5E0008342226CCCBF1B1A00239B1AE26B63631D
:10F5F000002AD1D011B9A36B5B426363B1FA81F3E6
:10F6000094F85C10E0635B0963F34101636A84F87A
:10F610005C10E16A6162C4E90B32BDE7204698479D
:10F62000B3E700BF944800204049002038B590F867
:10F630005C30DA06054606D543680BB9836813B11A
:10F640002846FFF757FE20481EF073FB04460028AB
:10F6500038D0602229461FF034FD2B68AB421B4B8B
:10F6600008BF246093F8A52094F85C3062F382030D
:10F6700084F85C3003F03EFA94F85C3020656FF358
:10F68000000384F85C30DB061AD5A3693BB1204641
:10F690009847636A03446362E36A0344E362204673
:10F6A0001DF06FFA236A204698476368A0620146FE
:10F6B0000BB120689847A36813B1A16A2046984708
:10F6C000FFF700FE204638BD404900209448002046
:10F6D00000286FF0704307DA064A9042ACBF1B1A4D
:10F6E0009B1A43F0005070479842A8BF184640F05C
:10F6F00000507047010000F02DE9F047054600205A
:10F700000E4600F00DFCDFF848A004464FF000095B
:10F7100014B94846BDE8F087204600F001FCA36814
:10F720005345074611D1D4F80C80D8F80030AB42CD
:10F730000BD1D8F80430B34207D1204600F022FBA9
:10F74000404600F079FE4FF001093C46E0E700BF7B
:10F750003FD402000638C0B22F289ABF014B185C74
:10F7600000207047BA9703001A289DBF034B23FA65
:10F7700000F000F001000020704700BF807FF90515
:10F78000FF2A034610B5084614D092B18B4210D020
:10F79000094C01EB014103EB0343214023400432B8
:10F7A0005B1AD208534301EB5310204040EA10404B
:10F7B00080B210BD1846FCE71FF8E007024BDA6E76
:10F7C0004261D866704700BF94480020014B4269EF
:10F7D000DA66704794480020074BDB6E03B9704728
:10F7E0005A68824202D01A68824203D11A7E42F0DD
:10F7F00001021A765B69F1E7944800200148042170
:10F800001EF08FBA544A002038B504460848084D07
:10F810001EF02FFB014609B9084638BD0868037879
:10F82000A342FAD028461EF02AFB0146F3E700BFA8
:10F83000544A002010B504461FF05BFD08B9074884
:10F8400004E0235C2E2B02D10130204410BD2F2B6D
:10F85000F5D05C2BF3D00138F0E700BF62A10300C4
:10F8600000280EDBB0F5B47F0FDA5928174B10DCF7
:10F8700033F8100047F6FF73984208BF4FF400407A
:10F88000704700F5B47000B2EAE7A0F5B47000B2BA
:10F89000E8E780B2A0F15A02592A03D8C0F1B400B7
:10F8A00080B2E5E7A0F1B40292B2592A85BFC0F553
:10F8B000B47080B233F8120033F81000044A054BDC
:10F8C0004042904208BF1846704700BFC46403001E
:10F8D0000180FFFF0080FFFF014B9866704700BF6B
:10F8E00094480020122882B002D902B01DF03ABE1E
:10F8F00000EB4000094B1A181B5AADF804309DF874
:10F900000430002063F307009DF8053063F30F20F7
:10F91000937863F3174002B0704700BFEB99030080
:10F92000122882B002D902B01DF01CBE0139C9B242
:10F930000429F8D8C0EB001001EB41010144094B48
:10F940005A185B5AADF804309DF80430002063F378
:10F9500007009DF8053063F30F20937863F3174099
:10F9600002B07047CE980300122882B002D902B0CC
:10F970001DF0F8BD0139C9B20329F8D801EB4101E6
:10F980000C2202FB0010094B1A181B5AADF8043068
:10F990009DF80430002063F307009DF8053063F301
:10F9A0000F20937863F3174002B07047EA97030083
:10F9B000F8B50F4615460021142204461E461FF0D6
:10F9C00050FC064B2760002D08BF1D46C4E90256B7
:10F9D000069B2361079B6360F8BD00BFFFC902005F
:10F9E0005A2882B02CD83C280BD83A2807D821288E
:10F9F00017D8072840D01C2831D005283CD0002338
:10FA00002BE0A0F13D02D2B2012393401C4A1A40E0
:10FA1000EAB91C4A1A40002AF1D15A28EFD11A4BF0
:10FA20001BE0A0F12202D2B201239340174A1A40F0
:10FA30006AB9174A1342E2D13428E0D10F230CE00F
:10FA40006F2806D86D2806D862380128D7D8FF233A
:10FA500003E07628D3D14FF48073019309E00023AB
:10FA60008DF807300B4B1A889B78ADF804208DF881
:10FA70000630019802B070476FF06043EDE700BFB9
:10FA800082004110018120089C5403008D00010177
:10FA900002808000249A0300FF280FD068B18928D3
:10FAA00002D8074B185C7047064A136B23B1926A61
:10FAB0007630C0B29042F5D3002070473F207047A7
:10FAC000279A0300944800202DE9F04F91B0064694
:10FAD00008939DF8703004931B9B0691039213B119
:10FAE0001B9A00231360002E00F0FC80307800B3D6
:10FAF000039B002B00F0F880049B13F003031BD042
:10FB00007D49002000E00130069B83420BD0335C2E
:10FB10000D2BF8D841FA03F2D407F4D4069A8242A6
:10FB200001D903B101301B9B1BB11B9A4FF0FF336E
:10FB3000136011B0BDE8F08F049A8DF8333012F0E5
:10FB4000010209921A9A0D9318BF6FF060421A923F
:10FB50000193DDF834B0069B5B457AD906EB0B03C5
:10FB6000079316F80B30002B73D01A9B002B70DD17
:10FB7000049BBBF1000F01D143F004030293099BE6
:10FB8000002B4FF000051A9B0E9518BF6FF06043D5
:10FB90000EA906EB0B000A931EF0BBFE0E9B0F9303
:10FBA000029B009503F0080307464FF0FF3AA94671
:10FBB000A8462C460B93079B1A5D002A42D0079853
:10FBC0000FA91EF0A6FE09F1010305930B9B0090FF
:10FBD00063B139460DF133001EF0BEFF30B1DDE9EF
:10FBE0000E43DDF81490009F0E93E4E7009A03980B
:10FBF00039461BF0A7FF804408B1089B9844BAF12E
:10FC0000FF3F09D1089BA8EB03020A9B9A4203DD40
:10FC1000029B59076AD4A2460A2F32D00D2F30D04A
:10FC20000022364BD1B2595C39BB00981EF012FF4E
:10FC300020B938461EF00EFF002849D00E9CDDF892
:10FC400014904546BAF1FF3F21D0029B5A07544613
:10FC500026D40D9C002C40D10DA930461EF059FE33
:10FC60001B9B0146002B3BD0039822461BF06AFFEA
:10FC700001901B9B019A1A6032E08F4202F101024F
:10FC8000CFD1002CDED1BAF1FF3FDED14546B9F12C
:10FC9000000F04D00D2F03D1009B0A2B00D10E9C26
:10FCA0001A9B5B1B1A93019B2B440193002CD0D011
:10FCB00033785C440A2B0D94CBD00D2BC9D0335D27
:10FCC0000A2B02D00D2B7FF444AF01340D94C0E712
:10FCD000BAF1FF3F08BF454681E71B9B002BC8D107
:10FCE0000D9826E7304624E7039822E7631CD7D116
:10FCF000DDF81490CBE700BFFEDBFFFFB19A0300F5
:10FD0000054B0022C3F88420D3F89C2012B1D3F80D
:10FD1000A0001047704700BF9448002010B5054C64
:10FD2000182120461DF0FDFF01232373BDE810407C
:10FD3000FFF7E6BF08490020F8B506460F480F4612
:10FD400015461DF0F6FF0446B0B14FF0FF330361D6
:10FD5000037D07606FF300030375866002F0CAFE3F
:10FD6000237D606043F002032375054BE5600122AB
:10FD700083F88320FFF7C4FF2046F8BD0849002020
:10FD80009448002038B5064D0446014628461EF02A
:10FD900030F80123AB732046BDE8384000F04CBB7F
:10FDA000084900202DE9F0475B4D95F888303BB9B4
:10FDB000012385F8883095F880302BB985F8883094
:10FDC00001263046BDE8F08702F094FE804640B937
:10FDD000D5F898300133642B94BF1A460246C5F813
:10FDE0009820DFF838914FF0000A4846A5F882A025
:10FDF0001EF03FF8044694BB4848DFF820911EF0FF
:10FE000038F84FF0FF360446002C70D140461FF002
:10FE100057FBD5F890300344D5F89400C5F89030DE
:10FE20001FF04EFBB0F5FA7F13D3D5F89030642263
:10FE30005343B3FBF0F0C0B290429CBF101AC4B25F
:10FE4000002385F88140C5F8903002F053FEC5F8D4
:10FE500094000023C5F8846085F88830B1E7214616
:10FE600048461EF00CF8237D0746D8072ED460685C
:10FE70001FF026FB236898421DD32669002E0FDD54
:10FE8000013E266102F036FEA368606083B995F8F2
:10FE900082300BB92369DBB1B5F88230B3B1A4E786
:10FEA00002F028FEA3686060002BF0D0002EEED098
:10FEB00020469847EBE795F882303BB923692BB988
:10FEC000237D99070FD52046FFF75CFF3C4692E75C
:10FED000237D9A0703D52046FFF754FFDCE743F064
:10FEE00001032375D8E743F001032375EEE7237D73
:10FEF00013F001070AD160681FF0E2FA2368984204
:10FF00002CBF3B461B1A9E4228BF1E462146484630
:10FF10001DF0B5FF044677E794480020084900200B
:10FF20000146034809B91DF0A4BF1DF0A8BF00BFDA
:10FF3000084900202DE9F04F93B01F460B1E0B938C
:10FF40001C9EA34B18BF034691460A9300253878A0
:10FF500068B94D450B990A9C2CBF09F1FF322A461E
:10FF60004B460020A047284613B0BDE8F08F252857
:10FF700007F1010707D06C1C2A464B46DDE90A5100
:10FF8000A8472546E3E700230DE02D2A2AD0302A92
:10FF900006D0303A092A4FF0000812D80A2432E07D
:10FFA00043F001030F46394611F8012B2B2A1CD0D0
:10FFB000EBD8202A1CD0232A1DD02A2A2BD04FF080
:10FFC00000083A782E2A7AD17978A1F130000928F0
:10FFD00007F1010243F4806368D8174600244FF00C
:10FFE0000A0C28E043F00203DCE743F00403D9E7FE
:10FFF00043F00803D6E743F01003D3E704FB0822DD
:020000021000EC
:10000000A2F130080F46394611F8012BA2F1300059
:100010000928F3D9D5E756F8048BB8F1000FBCBF17
:1000200043F00203C8F100080F46CAE70CFB0422A4
:10003000A2F130040F46394611F8012BA2F130002D
:100040000928F3D9BB461BF8012B6C2A40D038D8BD
:10005000682A45D06A2A4CD0BB465F4617F8010B88
:10006000782888D8612847D8252884D0242882D9A0
:1000700000F0F702502A7FF47EAF58286DD0502848
:1000800067D19BF8011043F488731022562908BFEA
:10009000BB469BF80010582903F4806001D050291A
:1000A00078D100285FD123F00C035EE02A2905D126
:1000B00056F8044B023724EAE474C3E717460024D9
:1000C000C0E7742A01D07A2AC6D143F48073C4E70A
:1000D0007A786C2AF9D143F4407307F1020BBCE73C
:1000E0007A78682A02D043F08003B6E743F0C00371
:1000F000F3E743F40073B0E7A0F162023549D2B2EE
:100100004FF0010A0AFA02F21140C1B9732800F057
:10011000F48063287FF42FAF13F0020400F0D8803E
:1001200005F1010B2A460B9916F8040B0A9D4B4664
:10013000A847002C00F0DF8054465A46D3E000F078
:10014000DF02582A09D0502A9BD06F2807D0622896
:1001500007D023F010030A229BE7102299E7082218
:1001600097E7022295E723F00D0343F0200313F4F1
:10017000007172D0CDE907830023CDE9042306F195
:10018000070A2AF0070A06940293FAE80223CDE947
:1001900000233DE069291FD064291DD0002859D0D3
:1001A00023F00D035629E2D1B2460B995AF8043BCD
:1001B0000A985A681268119200922944A9EB050224
:1001C0001B68FFF7B7FE05440BF101075646BEE674
:1001D00011EE02008560480008B123F001039F057D
:1001E0001ED5073626F00706B24670685AF8081B77
:1001F0000694CDE9078300230593C30F00280293DB
:1002000004920B4602DA4B4260EB4000CDE900302D
:10021000DDE90A014B462A461EF004FF0546D3E7F6
:10022000D80506F1040A01D5316802E059060CD55B
:100230003178CDE90224CDE9048300294FEAD17356
:100240000193B8BF4942009112E01F06ECD5B6F900
:100250000010EEE723F00C03A4E7D80506F1040A2A
:100260000DD5CDE90483CDE90224019133680093D3
:10027000DDE90A014B462A461EF091FECEE75906FB
:1002800007D53178CDE904830023CDE90224019319
:10029000D9E7316813F0800F18BF89B2F2E70B99E4
:1002A000DDF828C04B462020E0470AEB05020AF1A2
:1002B000010AC245F3D3B8F1000F08F1FF3308BFBC
:1002C000002308F1010A1D4408BF4FF0020A27E786
:1002D000A246EAE7551C0B99DDF828C04B462020C2
:1002E000E04701342A464445F4D3A8EB0A03D0453D
:1002F00038BF00239B445D4629E60D933346002C0E
:1003000053F804BB0C9314BF21464FF0FF315846FD
:100310001EF0F1FF0D9B13F4806282460D9202D015
:10032000A04228BFA24613F002030E931AD1AAEBF3
:1003300005032A460F9307E0561C0B99DDF828C0E9
:100340004B462020E04732460F9BD3189845F3D800
:10035000A8EB0A03D04538BF00230AF101021D446F
:1003600003EB020A5E46A5EB0B0B05E01C462A4692
:100370004B46DDE90A51A84706EB0B0516F8010BC1
:1003800028B10D9B002BF2D0631E002CEED10E9BEA
:10039000A3B12A46AAEB050407E0561C0B99DDF829
:1003A00028C04B462020E047324613194345F4D37A
:1003B000A8EB0A03D04538BF00231D440C9EC6E5B8
:1003C0000CB41FB506AC0A4654F8043B0094014631
:1003D00004480394FFF7AEFD04B0BDE8104002B03E
:1003E000704700BF09EE020007B5009313460A46A6
:1003F00001460348FFF79EFD03B05DF804FB00BF14
:1004000009EE020008B109F087BE0148704700BF3D
:10041000F848002038B5054648B109F07DFE04468D
:1004200018B12A4600211EF01CFF204638BD014CA1
:10043000FBE700BFF8480020034A904202D008B111
:1004400009F092BE704700BFF848002010B559B1BE
:10045000074CA04204D1BDE810400846FFF7D2BFC8
:10046000BDE8104009F06CBEFFF7E6FF004810BD84
:10047000F84800202DE9F047BC4B0846D3F8BC51A2
:100480000C4611F067F8064618B9002205F1400144
:1004900021E0B74920460EF06DF9804600287BD058
:1004A000B44930460EF066F918BBB24930460EF03A
:1004B00061F930BB304611F04DF8AE490EF05AF9F3
:1004C0000746B8B3002205F58071204610F01AFDEA
:1004D000002205F5B671204610F014FD4FF480326D
:1004E00005F14C01204610F00DFDA34A05F158011D
:1004F0001BE00121304611F030F88442D5D1BDE82F
:10050000F0870021304611F028F88442D2D1002231
:1005100005F1B80110F0F6FC042205F598712046AB
:1005200010F0F0FC042205F54D712046BDE8F047BF
:1005300010F0E8BC914930460EF01CF970B1394614
:10054000304611F00AF8844208D13A4605F1AC0170
:1005500010F0D8FC3A4605F1E801E6E78749304655
:100560000EF008F970B10121304610F0F6FF844218
:1005700008D1002205F1400110F0C4FC002205F56D
:100580008071A8E77E4930460EF0F4F80246002854
:10059000B5D105F164019EE77A4920460EF0EAF8EC
:1005A0000746002876D0304610F0D4FF05F1C40A83
:1005B00005F59879074618B3414610F0CEFF8642FC
:1005C0001ED16C4938460EF0D5F8C8B120225146EC
:1005D000204610F097FC012205F18801204610F01A
:1005E00091FC012205F55071204610F08BFC04228D
:1005F0004946204610F086FC082205F59E718EE7DC
:10060000002205F17001204610F07CFC002205F16B
:100610007C01204610F076FC002205F5C2712046D0
:1006200010F070FC20225146204610F06BFC202276
:1006300005F5C871204610F065FC042249462046A5
:1006400010F060FC202205F5BC71204610F05AFC29
:10065000012205F19401204610F054FC05F1D0016F
:100660002046802210F04EFC474930460EF082F8BA
:1006700048B1002205F53271204610F043FC2022DB
:1006800005F5387151E7414930460EF073F80028FE
:10069000EFD134E73E4920460EF06CF8804618B1A1
:1006A0003A4605F50B7140E73A4920460EF062F8EC
:1006B000074600287AD0304631490EF05BF805F144
:1006C000C40905F1D00A05F5987705F59E7602462E
:1006D00040B3424605F51771204610F013FC042282
:1006E0003946204610F00EFC08223146204610F014
:1006F00009FC4FF4A02205F51A71204610F002FC07
:10070000254A4946204610F0FDFB244A5146204622
:1007100010F0F8FB224A3946204610F0F3FB214A3C
:10072000314602E705F16401204610F0EBFB04229C
:100730003946204610F0E6FB08223146204610F0EC
:10074000E1FB4FF4A02205F17001204610F0DAFB26
:10075000124A5146204610F0D5FB0F4A4946204622
:1007600010F0D0FB104A05F17C01D0E7944800203E
:10077000785403004C63030040000100DC63030075
:100780003C5B0300BC5A0300EC5F030010600300F5
:100790005C5F0300E05A03002000050080000500B4
:1007A000040005000800050001000500DE492046A0
:1007B0000DF0E0FF804610B33A4605F1880120466F
:1007C00005F5A47610F09EFB3A463146204610F01F
:1007D00099FB042205F59871204610F093FB08223E
:1007E00005F59E71204610F08DFB4FF4003205F1A7
:1007F0007C01204610F086FB4FF4003290E7CB4995
:1008000020460DF0B7FF0746E8B3424605F18801E0
:10081000204605F5A47610F075FB42463146204689
:1008200010F070FB042205F59871204610F06AFB69
:10083000082205F59E71204610F064FB4FF400324B
:1008400005F17C01204610F05DFB4FF4003231468B
:10085000204610F057FB4FF4403205F5DA71204680
:1008600010F050FBB24A05F5BC71204610F04AFB6F
:100870004FF4403205F5C271204610F043FBAC4AFC
:1008800005F5C87151E6AB4920460DF073FF80466F
:1008900000284FD03A4605F16401204610F032FBA3
:1008A0003A4605F1DC01204610F02CFB3A4605F5EE
:1008B000AA71204610F026FB042205F59871204607
:1008C00010F020FB082205F59E71204610F01AFB5F
:1008D0004FF4803205F14C01204610F013FB964A8C
:1008E00005F15801204610F00DFB4FF4A02205F150
:1008F000B801204610F006FB4FF4A02205F50E715A
:10090000204610F0FFFA4FF4A02205F58071204632
:1009100010F0F8FA894A05F1C401204610F0F2FA05
:10092000874A05F17C01204610F0ECFA854A05F172
:100930009401FAE5844920460DF01CFF00283BD0C5
:10094000424605F58671204610F0DCFA042205F5D2
:100950009871204610F0D6FA7C4A05F1D001204665
:1009600010F0D0FA4FF4003205F50271204610F075
:10097000C9FA774A05F17C01204610F0C3FA744A9F
:1009800005F50571204610F0BDFA724A05F1C40163
:10099000204610F0B7FA6F4A05F5BC71204610F0FA
:1009A000B1FA6C4A05F5C871204610F0ABFA4FF465
:1009B000003205F5C271B8E5674920460DF0DAFE50
:1009C00000284AD005F1AC0105F5A47600222046A6
:1009D00010F098FA00223146204610F093FA05F5FF
:1009E000D4710022204610F08DFA05F1D00180224A
:1009F000204610F087FA05F598710422204610F081
:100A000081FA05F17C01524A204610F07BFA4FF43E
:100A100000323146204610F075FA05F5DA714FF4D0
:100A20004032204610F06EFA05F1B8014FF4403222
:100A3000204610F067FA05F508714FF44032204661
:100A400005F5C87510F05EFA414A2946204610F0B7
:100A500059FA4FF40032294667E5404920460DF027
:100A600089FE074680B3002205F16401204610F09C
:100A700049FA002205F1F401204610F043FA002261
:100A800005F5F871204610F03DFA4FF4803205F17B
:100A90004C01204610F036FA05F5EC76264A05F1B1
:100AA0005801204610F02EFA4FF4A022314620467D
:100AB00010F028FA4FF4003205F5F271204610F0DC
:100AC00021FA4FF4C0222BE6254920460DF052FEB4
:100AD0008046002846D03A4605F16401204610F0D1
:100AE00011FA3A4605F5CE71204610F00BFA3A4657
:100AF00005F58C71204610F005FA3A4605F592711D
:100B0000204610F0FFF9042205F59871204610F0F8
:100B1000F9F9082205F59E71204610F0F3F94FF41B
:100B2000802205F17C0100E5985A030098620300D9
:100B3000200003002863030040000100200005009E
:100B40000400050008000500FC5B030080000200B3
:100B5000010002002000020004630300D85B0300D0
:100B600050620300DA4920460DF004FE0746A0B3A8
:100B7000424605F16401204610F0C4F9424605F1F1
:100B8000F401204610F0BEF905F5C876424605F599
:100B9000C271204610F0B6F920223146204610F0EE
:100BA000B1F9202205F1C401204610F0ABF904226E
:100BB00005F59871204610F0A5F9082205F59E71FB
:100BC000204610F09FF94FF400323146204610F0D5
:100BD00099F9802205F1D001A7E4BE4920460DF025
:100BE000C9FD8046A8B33A4605F16401204610F0DD
:100BF00089F93A4605F5B071204610F083F93A4676
:100C000005F58C71204610F07DF93A4605F5FE7128
:100C1000204610F077F94FF4803205F14C01204660
:100C200010F070F9AC4A05F15801204610F06AF94D
:100C30004FF4802205F1B801204610F063F9A74A6D
:100C400005F17C01204610F05DF9A54A05F1C401CB
:100C50006BE4A44920460DF08DFD0746C0B105F5B3
:100C6000E07642463146204610F04CF94FF400320F
:100C70003146204610F046F94FF4003205F5E67192
:100C8000204610F03FF94FF4403205F5DA714CE49C
:100C9000954920460DF06EFD804688B105F5E07659
:100CA0003A463146204610F02DF94FF400323146D5
:100CB000204610F027F94FF4003205F5E67134E4D0
:100CC0008A4920460DF056FD0746B0B3424605F16D
:100CD0006401204610F016F9424605F1F401204661
:100CE00010F010F9802205F1D001204610F00AF929
:100CF000042205F59871204610F004F9082205F544
:100D00009E71204610F0FEF84FF4803205F14C0140
:100D1000204610F0F7F8704A05F15801204610F00F
:100D2000F1F8734A05F51171204610F0EBF84FF415
:100D3000002205F51471FFF7F8BB6E4920460DF04F
:100D400019FD50B13A4605F16401204610F0DAF879
:100D50003A4605F1DC01FFF7E8BB674920460DF094
:100D600009FD20B1002205F51D71FFF7DEBB6349C7
:100D700020460DF0FFFC0028F4D1614920460DF01B
:100D8000F9FC00284FD005F140010022204610F068
:100D9000B9F895F82830012B0CBF05F1F40105F1E5
:100DA000E8010022204610F0ADF8042205F5987104
:100DB000204610F0A7F8082205F59E71204610F095
:100DC000A1F84FF4A02205F17001204610F09AF826
:100DD0004C4A05F1D001204610F094F84FF4A022BF
:100DE00005F1B801204610F08DF84FF4A02205F56A
:100DF0004171204610F086F8434A05F1C4012046AF
:100E000010F080F8414A05F1AC01204610F07AF864
:100E10003F4A05F18801204610F074F83D4A05F17B
:100E2000A001FFF782BB3C4920460DF0A3FC30B186
:100E30002E4930460DF09EFC00287FF470AE3749F5
:100E400020460DF097FC064650B1002205F16401E2
:100E5000204610F057F8002205F54471FFF73BBB20
:100E60002F4920460DF086FC074650B1324605F169
:100E7000AC01204610F046F8324605F54A71FFF7FE
:100E800054BB284920460DF075FC064600284BD07F
:100E90003A4605F1B801204610F034F83A4605F517
:100EA0004771204610F02EF805F54A76042205F128
:100EB0007C01204610F026F804223146204610F02E
:100EC00021F820223146204610F01CF82022BDE6F1
:100ED000445C0300205C03004000010001000400AA
:100EE00020000400745A0300E062030070630300F2
:100EF000020006003C5B0300905B0300B45B030050
:100F0000F05E0300800005002000050001000500E0
:100F10000400050008000500145F0300C85F03001B
:100F2000805F0300A45F0300AF4920460DF022FC60
:100F3000804650B1324605F1640120460FF0E2FFD1
:100F4000324605F52071FFF7F0BAA84920460DF0AA
:100F500011FC074620B1424605F52671FFF7BBBAE2
:100F6000A34920460DF006FC064620B13A4605F599
:100F70002971FFF7B0BA9F4920460DF0FBFBC8B1BD
:100F8000324605F5237120460FF0BCFF05F18806B7
:100F9000202205F5387120460FF0B4FF212231469A
:100FA00020460FF0AFFF0122314620460FF0AAFF86
:100FB0000422B6E5904920460DF0DCFB20B100226A
:100FC00005F52F71FFF7B1BA8C4920460DF0D2FB21
:100FD0000028F4D18A4920460DF0CCFB20B1002234
:100FE00005F52C71FFF777BA864920460DF0C2FB54
:100FF000074620B1002205F53571FFF796BA824900
:1010000020460DF0B7FB064620B13A4605F53B7188
:10101000FFF78BBA7D4920460DF0ACFB074680B147
:10102000324605F1640120460FF06CFF324605F1AF
:10103000DC0120460FF066FF324605F5B071FFF780
:1010400074BA734920460DF095FB064620B13A4626
:1010500005F53E71FFF769BA6E4920460DF08AFB2F
:10106000074650B1324605F1E80120460FF04AFF2D
:10107000324605F1AC01FFF758BA674920460DF03A
:1010800079FB064600287FF465AA644920460DF0E6
:1010900071FB78B14FF4803205F14C0120460FF01E
:1010A00031FF5F4A05F1580120460FF02BFF324611
:1010B000FFF751BA5B4920460DF05CFB38B30022C4
:1010C00005F1700120460FF01DFF002205F17C01A3
:1010D00020460FF017FF002205F5C27120460FF0E1
:1010E00011FF202205F1C40120460FF00BFF202242
:1010F00005F5C87120460FF005FF042205F598712B
:1011000020460FF0FFFE012205F194015EE54649FD
:1011100020460DF02FFB0028D1D1444920460DF088
:1011200029FBD0B1002205F1640120460FF0EAFE50
:10113000002205F1F40120460FF0E4FE042205F53B
:10114000987120460FF0DEFE082205F59E712046BC
:101150000FF0D8FE4FF4C022E3E4354920460DF0ED
:1011600009FB00287FF491A9324920460DF002FBCB
:10117000064600287FF4B2A92F4920460DF0FAFA5E
:10118000804638B1324605F1400120460FF0BAFEE4
:101190003246DEE5294920460DF0ECFA074608B153
:1011A00042464AE7264920460DF0E4FA064620B1B9
:1011B0003A4605F55371FFF7B8B9224920460DF0BC
:1011C000D9FA00283FF49BA905F556753246294601
:1011D00020460FF097FE4FF40032294620460FF0CC
:1011E00091FE4FF4A02236E40C6103005860030026
:1011F00034600300C4600300EC5F03001060030070
:10120000E8600300A06003007C6003000862030044
:1012100030610300E46103009C610300C0610300CE
:10122000400001005461030078610300BC620300C8
:10123000B8630300946303004C630300DC630300A2
:10124000385F030074620300044BD3F8BC3193F899
:101250003C300BB11DF031B91DF02BB99448002082
:10126000034BD3F8BC0108B190F83C00704700BFB5
:10127000944800202DE9F04794B0CDE902210546BD
:101280001F46FFF7EDFFDDF87080344C28B94FF4AE
:101290006370FFF7BFF8C4F8BC01D4F8BC41A5BB2C
:1012A000F6F716FD06463046F6F752FD8146304603
:1012B000F6F71EFDB0F5A07F29DDB0F5347FACBF99
:1012C0004FF0010A4FF0020A94F83C3013BB84F847
:1012D00028A0C4F82C90E660039B23821B0CA37407
:1012E0009DF80A30BDF8082063751D4BA4F8132043
:1012F000C4E90688C4F8208023606762002F31D1DA
:1013000004211220FEF70CFB2FE02E46CBE74FF016
:10131000030AD9E7E36A4B45D9D194F828305345FD
:10132000D5D1039920691CF0D4F80028CFD0E37CF4
:10133000227D607D029943EA022343EA00401CF0CB
:10134000C8F80028C3D0636ABB42C0D1A369434533
:10135000BDD1204614B0BDE8F08700BF94480020FE
:1013600075040100C3481CF0C7F8C0F3072384F8D4
:101370003130636A84F83000DF07C0F3074084F837
:10138000320040F16D8205211220FEF7C9FAC0F348
:10139000072384F83430636A84F83300DE07C0F32F
:1013A000074084F8350040F16082B3481CF0A4F88F
:1013B000C0F3072384F83730636A84F83600C0F33B
:1013C000074084F83800D80740F15282AB481CF03F
:1013D00093F8C0F3072384F8390004F5C27AC0F308
:1013E000074084F83A3084F83B0004F5C879504649
:1013F000FFF72AFF4846FFF727FF04F559764623F3
:101400004FF000083046CDE900389D4A9D495023F1
:1014100004F55E77FEF7CCFA5023994A994938468D
:10142000CDE90088FEF7C4FA314650461DF04AFA6D
:1014300004F14C06394648461DF044FA3046FFF7A1
:1014400003FF636AD90740F1188202211220FEF7D8
:101450008BFAC0F307238DF81000C0F307408DF816
:1014600011308DF81200049930461DF023F93046F2
:1014700047F6FF711DF000FAE16AC1EBC101EF29E7
:10148000C5BFA02350310121B1FBF3F130461DF05F
:10149000A6FFE16A01EB8101EF29C5BF5031A0230E
:1014A0000121B1FBF3F130461DF0BCF83046662156
:1014B0001DF00EF93946304604F158061DF002FAC7
:1014C0003046FFF7C1FEFF21304604F140061DF013
:1014D000FFF83046FFF7B8FEFF2130461DF0F8F860
:1014E000216B30461DF0E6F894F8342094F8333040
:1014F00094F8351043EA022343EA014130461DF0D7
:101500009BF9E16930461DF0A5F994F82830E16AAD
:10151000012B00F0B681022B14BF0A230C23594380
:10152000EF29C5BF5031A0230121B1FBF3F13046B3
:101530001DF0B4F894F82830E16A012B00F0A38183
:10154000022B14BF0A230C235943EF29C5BFA02344
:1015500050310121B1FBF3F130461DF0A5F8E16AED
:101560000029B8BF033189100902304604F164062E
:101570001DF0AEF93046FFF767FE94F82830E16AB7
:10158000012B14BF08230C235943EF29C5BF503149
:10159000A0230121B1FBF3F130461DF06DF9FF21CD
:1015A00030461DF095F8E38E94F83810304643EA43
:1015B00001411DF07FF894F83A2094F8393094F8FE
:1015C0003B1043EA022343EA014130461DF09AF8FA
:1015D000E16A7729C5BF283150230121B1FBF3F11E
:1015E00030461DF0A3F8012130461DF0ABF894F809
:1015F000333094F8342094F8351043EA022343EA58
:10160000014130461DF018F994F82830E16A012BA9
:1016100000F03B81022B14BF102314235943EF2900
:10162000C5BF5031A0230121B1FBF3F130461DF0BD
:10163000D6FE94F82830E16A012B00F02881022BB5
:1016400014BF0A230C235943EF29C5BF5031A023EF
:101650000121B1FBF3F130461DF020F894F8283059
:10166000E16A012B00F01581022B14BF0A230C2321
:101670000AE000BF1A171500302B280037322F0060
:10168000FFC90200BF9A03005943EF29C5BF50317B
:10169000A0230121B1FBF3F130461DF005F8122023
:1016A000FEF720F9C0F307238DF81400C0F30740BC
:1016B0008DF815308DF81600059930461DF094F818
:1016C000E16AEF29C5BFA02350310121B1FBF3F13D
:1016D000304604F598761DF081F83046FFF7B4FDEA
:1016E000304621691DF03AF8E16A01EB4101EF292A
:1016F000C5BFA02350310121B1FBF3F130461DF0ED
:1017000027F8E16A01EB4101EF29C5BF5031A02361
:101710000121B1FBF3F130461DF034F87F21304652
:1017200004F59E761DF028F83046FFF78DFD227DEA
:10173000E37C617D43EA022343EA014130461DF028
:101740000DF8E16A01EB4101EF29C5BF5031A0233B
:101750000121B1FBF3F130461CF0FAFF7F21304646
:1017600004F170061DF008F83046FFF76DFD94F89F
:101770002830E16A012B00F08E80022B14BF082371
:101780000C235943EF29C5BF5031A0230121B1FBE0
:10179000F3F130461DF070F8FF2130461CF098FF41
:1017A00094F8393094F83A2094F83B1043EA022335
:1017B00043EA014130461CF07DFF676A17F00107DC
:1017C00077D11220FEF78EF8C0F307238DF81800AA
:1017D000C0F307408DF819308DF81A00069930468D
:1017E0001CF0E8FF3846F6F7B3FA00EB4000EF28AC
:1017F00053DD3846F6F7ACFA00EB400000F150013B
:10180000A02391FBF3F130461CF0C2FF7F2130464C
:101810001CF0DEFF0020F6F79BFA3B283FDC00209F
:10182000E76AF6F795FA3B2801F3D5800120474394
:10183000EF2F41F3DC800020E76AF6F789FA3B28B6
:1018400041F3D2800020F6F783FA2823143090FB6E
:10185000F3F000FB07F15031A02391FBF3F125E0F9
:1018600004211220FEF780F891E51BF06DFE9FE544
:1018700002211220FEF754F8ABE51220FEF732F8F1
:10188000E7E50E234BE60E235EE61823C6E60E239D
:10189000D9E60E23F8E6102373E70121B3E7002011
:1018A000F6F756FA3B304E28B9D8002130461CF0E6
:1018B00075FF94F8333094F8342094F8351043EAE7
:1018C000022343EA014130461CF0B6FF94F8283069
:1018D000E16A012B01F08E80022B14BF1023142328
:1018E0005943EF29C5BF5031A0230121B1FBF3F1CA
:1018F00030461DF069FD94F82830E16A012B01F0B3
:101900007C80022B14BF0A230C235943EF29C5BF47
:10191000A02350310121B1FBF3F130461DF049FD08
:10192000E16A01EB8101EF29C5BFA02350310121FC
:10193000B1FBF3F130461CF0B7FEE16A01EB810127
:10194000EF29C5BF5031A0230121B1FBF3F130468F
:1019500004F1C4061CF0A2FE3046FFF775FC1BF034
:1019600001FEC0F307238DF81C00C0F307408DF87B
:101970001D308DF81E00079930461CF089FF232189
:10198000304604F1D0061CF091FF3046FFF75CFCB6
:10199000914BD3F8BC315B6ADA074FF002014FF08C
:1019A000120041F12D80FDF7DFFF8DF82000C0F31C
:1019B0000723C0F307408DF821308DF822000899E5
:1019C00030461CF065FF7F21304604F5B0761CF0F0
:1019D0006DFF3046FFF738FC304601211CF052FF06
:1019E0000121304604F580761CF0ACFE3046FFF74E
:1019F0002BFC94F82830E16A012B01F01080022BB7
:101A000014BF102314235943EF29C5BF5031A0231D
:101A10000121B1FBF3F130461DF0E1FC94F82830D0
:101A2000E16A012B00F0FE87022B14BF1023142360
:101A30005943EF29C5BF5031A0230121B1FBF3F178
:101A400030461CF02BFE94F82830E16A012B00F0A0
:101A5000EC87022B14BF102314235943EF29C5BF71
:101A60005031A0230121B1FBF3F1304604F1F4061B
:101A70001CF01AFE3046FFF7E7FB94F82830E16AC5
:101A8000012B00F0D587022B14BF0A230C235943E6
:101A9000EF29C5BF5031A0230121B1FBF3F130463E
:101AA0001DF09DFC94F82830E16A012B00F0C387FB
:101AB000022B14BF0A230C235943EF29C5BF503111
:101AC000A0230121B1FBF3F1304604F586761DF029
:101AD00065FC3046FFF7B8FBE16A0A235943EF295A
:101AE000C5BF5031A0230121B1FBF3F130461CF0FA
:101AF000D5FDE16A0A235943EF29C5BF5031A02320
:101B00000121B1FBF3F1304604F58C761CF0CCFDDD
:101B10003046FFF799FBE16A14235943EF29C5BF0B
:101B20005031A0230121B1FBF3F1304604F5927648
:101B30001CF096FE3046FFF787FB0221304604F189
:101B4000DC061CF093FE3046FFF77EFB304600219A
:101B50001DF045FC304600211CF0A0FD0021304660
:101B600004F1E8061CF0A0FD3046FFF76DFB94F889
:101B70002830E16A012B00F06187022B14BF022399
:101B800006235943EF29C5BF5031A0230121B1FBE2
:101B9000F3F130461DF023FC94F82830E16A012B64
:101BA00000F04F87022B14BF022306235943EF296D
:101BB000C5BF5031A0230121B1FBF3F130461CF029
:101BC0006DFD94F82830E16A012B00F03D87022B6F
:101BD00014BF0223062301E0944800205943EF2953
:101BE000C5BF5031A0230121B1FBF3F1304604F110
:101BF0007C061CF059FD3046FFF726FB2169304674
:101C00001CF058FD1BF0A0FCC0F307238DF8280042
:101C1000C0F307408DF829308DF82A000A99304624
:101C20001CF00AFEFF21304604F188061CF050FD2E
:101C30003046FFF709FB304621691CF03BFD30467A
:101C400021691CF0F9FD3321304604F194061CF0A3
:101C50003FFD3046FFF7F8FA227DE37C617D43EAE1
:101C6000022343EA014130461CF024FD1BF06CFCCA
:101C7000C0F307238DF82C00C0F307408DF82D30FA
:101C80008DF82E000B9930461CF0D6FDFF21304612
:101C900004F1A0061CF01CFD3046FFF7D5FA227DAA
:101CA000E37C617D43EA022343EA014130461CF0B4
:101CB00001FD227DE37C617D43EA022343EA014189
:101CC00030461CF0B9FD3321304604F1AC061CF05F
:101CD000FFFC3046FFF7B8FA94F83A2094F8393010
:101CE00094F83B1043EA022343EA014130461CF0DA
:101CF000E1FC3046FF211CF0EBFC94F8342094F812
:101D0000333094F8351043EA022343EA0141304668
:101D100004F1B8061CF090FD3046FFF795FAE38E0B
:101D200094F83810304643EA01411CF0C3FC3046B9
:101D3000FF211CF0CDFC94F8342094F8333094F853
:101D4000351043EA022343EA0141304604F5A47604
:101D50001CF072FD3046FFF777FA47F6FF71304608
:101D600004F5AA761CF088FD3046FFF76DFA0021D5
:101D7000304604F5B6761CF07FFD3046FFF764FA76
:101D8000E16A0029B8BF033189100902304604F521
:101D9000BC761CF09DFD3046FFF756FAE16A01EB78
:101DA0004101EF29C5BFA02350310121B1FBF3F15F
:101DB00030461CF04FFCE16A01EB4101EF29C5BF41
:101DC0005031A0230121B1FBF3F1304604F5DA765E
:101DD0001CF046FC3046FFF737FA304621691CF00C
:101DE00069FC3046FF211CF073FCE16A062359436D
:101DF000EF29C5BF5031A0230121B1FBF3F13046DB
:101E00001DF0EDFA47F6FF71304604F5CE761CF072
:101E100033FD3046FFF718FAC821304604F5D47672
:101E20001CF04AFD3046FFF70FFA7821304604F5E2
:101E3000E0761CF041FD3046FFF706FA94F83A20B0
:101E400094F8393094F83B1043EA022343EA014105
:101E500030461CF0E3FCE16AC1EB0111EF29C5BF7C
:101E6000A02350310121B1FBF3F130461CF0CAFC34
:101E70000121304604F5E6761CF0CAFC3046FFF737
:101E8000E3F92169304604F5FE761CF0C7FC3046C4
:101E9000FFF7DAF94FF48271304604F502761CF050
:101EA000CDFB3046FFF7D0F9E16A01EB4101EF29A4
:101EB000C5BFA02350310121B1FBF3F130461DF025
:101EC0008EFAE16A7729C5BF283150230121B1FB81
:101ED000F3F130461CF02AFC304621691CF012FC5C
:101EE000E38E94F83810304643EA01411CF0E2FBDF
:101EF0003046FF211CF0ECFB94F82830E16A012BFE
:101F000014BF08230C235943EF29C5BF50314FF4A8
:101F1000A0730021B1FBF3F130461CF0ADFCA169C8
:101F200030461CF097FC1BF00FFBC0F307238DF825
:101F30003000C0F307408DF831308DF832000C9935
:101F4000304604F505761CF077FC3046FFF77CF947
:101F50009D49304604F508761CF0CEFB3046FFF76D
:101F600073F9E16A3B29C5BF14316FF027034FF0C5
:101F7000FF3191FBF3F130461DF031FA1BF0E4FA2A
:101F8000C0F307238DF83400C0F307408DF83530D7
:101F90008DF836000D99304604F50B761CF08AFB5F
:101FA0003046FFF751F9304601211CF017FC94F838
:101FB000342094F8333094F8351043EA022343EA8E
:101FC0000141304604F5F8761CF00EFC3046FFF770
:101FD0003BF9304600211CF0B5FBE16A0A23594366
:101FE000EF29C5BF5031A0230121B1FBF3F13046E9
:101FF0001CF05AFB94F83A2094F8393094F83B10CE
:1020000043EA022343EA014104F5EC7730461CF031
:10201000EBFB3846FFF718F9E16A01EB4101EF29C4
:10202000C5BFA02350310121B1FBF3F138461CF0AC
:10203000D5FBE16A01EB4101EF29C5BFA023503177
:102040000121B1FBF3F138461CF016FCE66A1D2EA7
:10205000CABF0A36012614233846C8BFB6FBF3F6BA
:1020600031461CF0DFFA314638461CF0E1FAE16AED
:102070007729C5BF283150230121B1FBF3F1384640
:1020800004F5F2771CF010FB3846FFF7DDF847F651
:10209000FF7138461CF0F0FB314638461CF0C2FA9E
:1020A000314638461CF0C4FA216938461CF002FB60
:1020B00004F52076FF2138461CF00AFB3046FFF776
:1020C000C3F8304600211DF08AF9304600211DF08A
:1020D00065F9304600211CF0CFFB304601211CF091
:1020E000D1FB0021304604F535761CF025FB304647
:1020F000FFF7AAF894F82830E16A012B14BF0823EF
:102100000C235943EF29C5BF5031A0230121B1FB56
:10211000F3F130461CF0B0FB304601211CF0B2FB5D
:102120003046FF211CF0D4FAE38E94F83810304684
:1021300043EA01411CF0BEFA94F8342094F833309D
:1021400094F8351043EA022343EA0141304604F58E
:1021500023761CF071FB3046FFF776F894F82830B0
:10216000E16A012B00F07384022B14BF0A230C23B5
:102170005943EF29C5BF5031A0230121B1FBF3F131
:1021800030461DF021F994F82830E16A012B00F067
:102190006184022B14BF0A230C235943EF29C5BFC6
:1021A0005031A0230121B1FBF3F130461DF001F9BC
:1021B00094F82830E16A012B00F04F84022B14BF01
:1021C0000A230C2302E000BFBB9A03005943EF2906
:1021D000C5BFA02350310121B1FBF3F130461DF002
:1021E000DDF8E16AEF29C5BF5031A0230121B1FB21
:1021F000F3F130461CF09AFA304619211CF090FA9F
:1022000094F8342094F8333094F8351043EA0223DC
:1022100043EA014130461CF075FA0021304604F5CE
:1022200026761CF089FA3046FFF70EF8304600217A
:102230001DF0D5F8304600211DF0B0F8E16AEF2915
:10224000C5BF5031A0230121B1FBF3F130461CF092
:102250006DFA304619211CF063FA94F8342094F892
:10226000333094F8351043EA022343EA0141304603
:102270001CF048FA0821304604F529761CF05CFA77
:102280003046FEF7E1FF304600211DF0A8F800219E
:10229000304604F52F761DF081F83046FEF7D4FF66
:1022A00094F82830E16A012B00F0DA83022B14BF86
:1022B0000A230C235943EF29C5BF5031A023012124
:1022C000B1FBF3F130461DF07FF894F82830E16A55
:1022D000012B00F0C783022B14BF022306235943AE
:1022E000EF29C5BF5031A0230121B1FBF3F13046E6
:1022F0001DF05FF894F82830E16A012B00F0B483F8
:10230000022B14BF0A230C235943EF29C5BF5031B8
:10231000A0230121B1FBF3F1304604F532761DF024
:102320003DF83046FEF790FF94F82830E16A012B23
:1023300000F09C83022B14BF022306235943EF298C
:10234000C5BF5031A0230121B1FBF3F130461DF090
:102350003BF894F82830E16A012B00F08983022BC6
:1023600014BF022306235943EF29C5BF5031A023D0
:102370000121B1FBF3F130461DF01BF8304600217E
:102380001CF026FA304600211CF0A2F994F8342003
:1023900094F8333094F8351043EA022343EA0141BC
:1023A000304604F52C761CF047FA3046FEF74CFF19
:1023B000304600211DF008F80021304604F538763B
:1023C0001CF0ECFF3046FEF73FFF332130461CF097
:1023D0007FF91220FDF786FAC0F307238DF8380045
:1023E000C0F307408DF839308DF83A000E99304629
:1023F00004F53B761CF05EF93046FEF725FF002120
:1024000030461CF065F994F82830E16A012B00F0A1
:102410003183022B14BF022306235943EF29C5BF82
:10242000A02350310121B1FBF3F1304604F50E76C3
:102430001CF0BFFF3046FEF707FFE16AEF29C5BF7A
:102440005031A0230121B1FBF3F130461CF06EF9AD
:1024500094F83A2094F8393094F83B1043EA022378
:1024600043EA014130461CF04DF90321304604F5A2
:1024700011761CF061F93046FEF7E6FE94F8342040
:1024800094F8333094F8351043EA022343EA0141CB
:1024900030461CF037F9E16A7729C5BF502328314F
:1024A0000121B1FBF3F130461CF040F9E16AEF295C
:1024B000C5BF50316FF09F034FF0FF3191FBF3F137
:1024C00030461CF0DFF8304604211CF035F9304668
:1024D0004FF4C87104F514761CF0EEF93046FEF79F
:1024E000B3FE636ADB0740F1C78202211220FDF7C9
:1024F0003BFAC0F307238DF83C00C0F307408DF88A
:102500003D308DF83E000F99304604F517761CF0EB
:1025100093F93046FEF798FE94F82830E16A012BD3
:1025200000F0AF82022B14BF0A230C235943EF297A
:10253000C5BF5031A0230121B1FBF3F130461CF09F
:102540004EFF94F82830E16A012B00F09C82022BA8
:1025500014BF0A230C235943EF29C5BF4FF4A073BE
:1025600050310021B1FBF3F1304604F51A761CF02E
:1025700015FF3046FEF768FEE16AEF29C5BF50310E
:10258000A0230121B1FBF3F130461CF0CFF894F801
:102590003A2094F8393094F83B1043EA022343EA96
:1025A000014130461CF0AEF8E38E94F83810304606
:1025B00043EA01411CF07EF83321304604F51D76D4
:1025C0001CF086F83046FEF73FFE94F82830E16AAA
:1025D000012B00F05A82022B14BF0A230C2359430B
:1025E000EF29C5BF5031A0230121B1FBF3F13046E3
:1025F0001CF0EAFE94F82830E16A012B00F04782D3
:10260000022B14BF0A230C235943EF29C5BF5031B5
:10261000A0230121B1FBF3F130461CF027F894F818
:102620002830E16A012B00F03482022B14BF022310
:1026300006235943EF29C5BF5031A0230121B1FB27
:10264000F3F130461CF018F894F82830E16A012BB9
:1026500000F02182022B14BF0A230C235943EF29D7
:10266000C5BF5031A0230121B1FBF3F1304604F581
:102670003E761CF093FE3046FEF7E6FD1220FDF795
:1026800031F9C0F307238DF84000C0F307408DF8FF
:1026900041308DF84200109930461CF00BF87F2134
:1026A000304604F541761CF013F83046FEF7CCFDB9
:1026B000002130461CF06CF894F82830E16A032BB6
:1026C00040F0EB81C900EF2940F3F18150314FF424
:1026D000A073B1FBF3F1304604F550761CF0CCF852
:1026E0003046FEF7B1FD304621691CF00BF8E16A77
:1026F0007729C5BF283150230221B1FBF3F13046C1
:10270000C8BF49001CF012F8304601211CF014F833
:10271000E16A7729C5BF283150230221B1FBF3F1CB
:102720003046C8BF490004F54D761BF09FFF304688
:10273000FEF78AFDE16A7729C5BF28316FF04F03A4
:102740004FF0FF3191FBF3F1304604F544761CF075
:1027500019F83046FEF778FD94F82830E16A012B2D
:1027600000F0A981022B14BF102314235943EF2931
:10277000C5BFA02350310121B1FBF3F130461CF05D
:1027800023FE304600211CF014FE304600211CF0D0
:1027900005FE0121304604F547761CF073F83046FB
:1027A000FEF752FDE16AEF29C5BF5031A023012198
:1027B000B1FBF3F130461BF0B9FF94F83A2094F8DE
:1027C000393094F83B1043EA022343EA0141304692
:1027D0001BF098FF012130461BF0AEFF94F8283023
:1027E000E16A012B00F06981022B14BF0A230C233C
:1027F0005943EF29C5BF5031A0230121B1FBF3F1AB
:1028000030461CF0ECFD94F82830E16A012B00F012
:102810005681022B14BF0A230C235943EF29C5BF4D
:102820005031A0230121B1FBF3F1304604F54A7683
:102830001BF03AFF3046FEF707FD94F82830E16AB6
:10284000012B00F03E81022B14BF102314235943A7
:10285000EF29C5BF5031A0230121B1FBF3F1304670
:1028600004F553761BF0F6FE3046FEF7EDFCFF2133
:1028700030461BF02DFF1AF067FEC0F307238DF8DA
:102880004400C0F307408DF845308DF8460011999B
:1028900030461BF00FFF1220FDF724F8C0F307238A
:1028A0008DF84800C0F307408DF849308DF84A0094
:1028B000129930461BF012FF304647F6FF711BF0AD
:1028C000DBFFE16AC1EB0111EF29C5BF5031A02345
:1028D0000121B1FBF3F130461BF05AFF1AF034FE30
:1028E000C0F307238DF84C00C0F307408DF84D303E
:1028F0008DF84E00139930461BF05CFFE16A01EB46
:102900008101EF29C5BF5031A0230121B1FBF3F1B3
:10291000304604F556761BF047FF3046FEF794FC30
:1029200094F8342094F8333094F8351043EA0223B5
:1029300043EA014130461BF057FF0020F5F708FA43
:10294000772840F3C0800020F5F702FA502300F109
:10295000280191FBF3F130461BF040FF94F834203E
:1029600094F8333094F8351043EA022343EA0141E6
:1029700030461BF053FF0020F5F7EAF9772840F3C3
:10298000A4800020F5F7E4F9502300F1280191FB21
:10299000F3F130461BF036FF0020F5F7D9F9062792
:1029A0007843EF2840F393800020F5F7D1F907FB37
:1029B00000F15031A02391FBF3F130461BF044FEAF
:1029C000002D40F086800020F4F75CF8012384F8A5
:1029D0003C30FEF7BEBC0020F5F7BAF928231430CE
:1029E00090FBF3F0FEF723BF0120FEF732BF012179
:1029F000FEF75CBF1823FEF773BF0E23FEF785BFFB
:102A0000FCF78EFF8DF82400C0F30723C0F30740C6
:102A10008DF825308DF826000999FEF7D1BF1823CF
:102A2000FEF7F1BF1823FFF703B81823FFF715B817
:102A30000E23FFF72CB80E23FFF73EB80823FFF74D
:102A4000A0B80823FFF7B2B80823FFF7C7B80E23D2
:102A5000FFF78EBB0E23FFF7A0BB0E23FFF7B6BB1D
:102A60000E2327E408233AE40E234DE4082365E40B
:102A7000082378E40823D0E401211220FCF750FF5A
:102A800037E50E2352E50E2365E50E23A7E50E2359
:102A9000BAE50823CDE50E23E0E5012B14BF08239A
:102AA0000C235943EF2904DD5031A02311E6002106
:102AB00011E601210FE6182358E60E2398E60E23AF
:102AC000ABE61823C3E6012145E7012161E70121B7
:102AD00073E72846F5F7CAF984427FF477AF72E7C7
:102AE00008B5FEF7BDFB10B1014BD3F8BC0108BD22
:102AF00094480020074BD3F8C02002B11047D3F808
:102B0000B800012183F8BC1093F8BC20002AF9D04A
:102B1000704700BF94480020014BC3F8C0007047C5
:102B20009448002038B54FF4877200258723C1E907
:102B30000B53C1E90D23164B4D642D22C1E90F2320
:102B400064238B6491F84C3023F00F0343F00803A7
:102B50000C4681F84C304FF434730B65FFF7CAFF15
:102B6000636BA36594F84C30606565F3041384F8D7
:102B70004C30204602210BF09EFD20464FF444715C
:102B80000BF04DFB20460D21BDE838400DF055B847
:102B90000080FFFF2DE9F047BC48B6B00E460CF0B0
:102BA00085FB01282CD130461AF00BFF0546304634
:102BB0001AF003FF022D044640F01F81F9F79EF83A
:102BC0000546E8B119F023F8012819D10AA92846C9
:102BD00019F030F806AA1AA920461CF005FD0A9B38
:102BE0001A9A9B1A0A931B9A0B9B9B1A0B9394F8A5
:102BF0004C30DF0707D5DDE90A1051EA000335D173
:102C000036B0BDE8F0874FF4003120461CF0C9FC17
:102C1000069D06462D1A4FF4803120460BF053FBDB
:102C2000D0B1AD1BDDE90A32012DB8BF01255243F9
:102C3000069503FB03236D43AB4208DD94F84C304B
:102C400043F0010384F84C30FFF754FF606594F8BB
:102C50004C30DE07D4D5CEE7002D2B46B8BFEB1C99
:102C60009B10B342ACBFED1AAD1BDBE7D4E90E36C7
:102C70009E42B8BF06F5B4761BF0E1F9E36AC51AC7
:102C8000A36BED1A002D39DBB5F5B47F39DA069A5E
:102C90004FF41D7314205A436423B2FBF3F70FF073
:102CA00061F894F84C804FF4B47303FB00F22946AA
:102CB0002046B2FBF7F2C8F3C0081CF034FC002831
:102CC0009ED0A16BA76D94F84C307F1AEA1B002AA6
:102CD000B8BF5242B2F58C7FA6EB010C56DD1D0742
:102CE00012D4B8F1000F68D013F0180F65D194F822
:102CF0004C3043F0080384F84C300BE005F5B47514
:102D0000C0E7A5F5B475BFE7B8F1000F02D013F026
:102D1000180FECD00025606D1CF0D2FB236DED1B6D
:102D200058434FF47A73B0FBF3F0854203DC404222
:102D3000A842B8BF2846D4E91135A16B721A3844AD
:102D4000D200EF1A92FBF7F2171D48BF02F11307EA
:102D500000EB27103246276C009508441BF0D1F990
:102D600094F84C3003F00603042B08BFA36C05460F
:102D700002BF656C1B1AED18236CAB4226D1636C45
:102D80009D4235D1FFF7B6FE606539E7D80617D406
:102D9000180714D403F01803B8F1000F0DD16546DD
:102DA000082BB8D1C2F5B472B2F58C7FB3DD94F8BC
:102DB0004C306FF3C30384F84C306546ABE78D1B92
:102DC000B8F1000FA7D103F01803E9E7FFF792FE6F
:102DD0002946606520461CF09FFEAF42CFD00022FE
:102DE00023212046F2F7CAFA01287FF409AFC6E78B
:102DF000A36C9D427FF404AFC4E71D2D3FF600AFE6
:102E0000102D21D825F00805032D7FF4F9AE90F898
:102E10004C306FF3000380F84C300BF068FA044636
:102E20000AF01EFF0546F8F769FF18F0F0FE0428C7
:102E30007FF4E6AE002D3FF4E3AE0021204636B02D
:102E4000BDE8F0470AF0A7BE113D0C2D3FF6D8AE05
:102E500001A353F825F000BF912E0100CF2E0100F1
:102E6000012C0100012C0100012C0100DB2E0100CE
:102E7000012C0100012C0100012C0100012C01009A
:102E8000AF2F0100012C010043300100745A0300F0
:102E900030460CF03AFA20F00203112B256C0FD1CA
:102EA000691C20461CF038FE236C9D423FF4A8AEFE
:102EB00000222321204636B0BDE8F047F2F75EBA83
:102EC000142802D012287FF49BAE691EE9E7304631
:102ED0000CF027FA256C4119E3E730461AF075FD2E
:102EE00006AA80460AA920461CF07EFBA76807B107
:102EF000BF6A002120461CF054FBDDE90AA6069DAE
:102F000000EB0709A5EB0905AB190093721BAAEBAF
:102F100005011AA805EB0A03069519F068FED8F812
:102F2000001047F6FF721AA819F0D1FED8BBD8F8E6
:102F30000030D3E90010801BA1EB0A011BF07FF8E1
:102F4000E36AC61AA36BF61A002E26DBB6F5B47F29
:102F500026DA14200EF006FF4FF4B47303FB00F2E0
:102F60004FF41D735D43314664232046B5FBF3F5F2
:102F7000B2FBF5F21CF0D7FAA8B107EB0902114633
:102F80001AA819F04EFED8F8001047F6FF721AA8DA
:102F900019F09DFE88F8040032E606F5B476D3E712
:102FA000A6F5B476D2E7002388F8043028E600219D
:102FB0001CF0FEFA0021054620461CF000FB002113
:102FC000074620461CF002FB0021804620461CF0EC
:102FD00004FBAF42B8BF2F464745B8BF47468742BC
:102FE000B8BF07464FF4403120461CF0E1FA4FF4D9
:102FF0004031054620461CF0E2FA4FF4403181464C
:1030000020461CF0E3FA4FF44031804620461CF085
:10301000E4FA4D45B8BF4D464545B8BF45468542E3
:10302000B8BF054620461CF0C3FB0235ED1B054426
:1030300030461AF0CAFC0368AB42ACBF03600560BF
:10304000DEE530461AF0B9FC044630460CF055F97E
:1030500004AF064603AA394620461CF0C5FADDF83F
:103060000C80B8F1000F1ADD0AA80EF08BFE0AAA38
:10307000002120460E960CF025F897E8030015ABCA
:1030800083E80300E26AA36B13441393E36BADF888
:103090005C8013440AA9304614930EF08AFE4FF464
:1030A000003120461CF084FA4FF4003105462046DA
:1030B0001CF085FA4FF40031824620461CF086FA57
:1030C0004FF40031814620461CF087FA5545B8BFC1
:1030D00055464D45B8BF4D468542ACBFA8EB0509E6
:1030E000A8EB0009B9F1000F1BDD0AA80EF04AFE9B
:1030F0000AAA4FF4003120460E960BF0E3FF97E842
:10310000030015AB83E80300D4E90B2313441393A6
:10311000636BADF85C9013440AA9304614930EF02B
:1031200048FE06AB4246394620461CF09FFA1AA8D4
:10313000F6F7F2F91AAA20464FF440311E960BF02A
:1031400035FC06AA1AA930460FF0C4FA58E500BFAC
:103150002DE9F0439BB005469DF888800F46164642
:103160001C46B8F1000F16D1414618464FF0FF3902
:10317000FCF72AF9C4F80C90284637600CF0B2FC32
:1031800041462046FCF720F9C4E90058C4E9028909
:103190001BB0BDE8F083DB6801330CBF1368A36884
:1031A0002046C4E9013131600021FCF70DF902A885
:1031B000FCF7F0F8214602A819F095FC02A80D4989
:1031C00019F093FC4FF4807202A8002119F094FCCE
:1031D00002A8094919F09AFC6722002128460DF03F
:1031E00032FC014602A819F082FC02A8FCF71EFA84
:1031F000CEE700BF87FB02005DFB02002DE9F04F28
:10320000F7B005461AF0D9FB044628460CF075F8CD
:103210000AA9029020460CF058FA6A2200212046A2
:103220000DF011FC6B2205465A90002120460DF04E
:103230000AFC294602465A900AA819F0F2FC0AA88C
:103240001AF067F805900AA81AF068F8D4E90C3269
:1032500094F870900690B2EB030BC9F3C20908BF53
:103260004FF0010BB9F1010F09D0B9F1020F56D09F
:10327000059B8342B4BF4FF000094FF0010920467F
:103280001CF006FD00210890122220460DF0DBFB09
:10329000132203905A90002120460DF0D4FB1022F7
:1032A00004905A90002120460DF0CDFB1122009091
:1032B0005A90002120460DF0C6FB039D5A900190C4
:1032C0000A980D9BDDE90B212844E0630498091A54
:1032D000616400990A442264019A04F13C089B1A33
:1032E000A3644046B9F1000F1CD01AF017F8032868
:1032F00009DC069B03EBD372A36903EB62039A1EFE
:1033000002332264A36440461AF003F8074640469D
:103310001AF004F804F1440A964A43461CE04FF0C0
:103320000009ACE719F0F5FF032809DC059B03EB66
:10333000D372636903EB62039A1E0233E263636430
:10334000404619F0E6FF404619F0E8FF8A4A074672
:1033500004F1400304F1480AE16E206B07924E1C11
:1033600057D0666EA26E361A121A7E437A4396FBC7
:10337000FBF692FBFBF2921B514348BFFF3106EB79
:103380002126E16D4D1C4AD0656DA26D2D1A121AD1
:103390007D437A4395FBFBF592FBFBF2521B5143B5
:1033A00048BFFF3105EB2125272200212046099344
:1033B0000DF049FB099B5A90B9F1000F35D0C2B20C
:1033C000511E4A424A4194F84CC0944517BF1946D1
:1033D00005F1FF355346C5F101051CBF76428A460B
:1033E000B9F1000F23D019682944CAF800101868F1
:1033F000089930441860A1BB079B404698470128B4
:1034000047DC002222212046F1F7B8FF77B0BDE863
:10341000F08FA66B361A7E4396FBFBF6B1E7E56AA2
:103420002D1A7D4395FBFBF5BEE74A46CBE7DAF85C
:1034300000100898491B1960DAF80010891BCAF8B7
:1034400000100028D8D0206B9445C0F1000007FB85
:1034500000F090FBFBF07BD10A1A013251469A46EC
:1034600078E0216B9445C1F1000107FB01F191FB6C
:10347000FBF102D10844524603E0411A1A46481CA7
:103480005346DAF800108142CBBF11601960186012
:103490001060E36B0E93236C0F93636C10933EA844
:1034A000A36C1193F6F738F8029B429320463EAA8C
:1034B0004FF400310BF07AFA0C22002120460DF077
:1034C000C2FADDE905439C42A8BF1C466410844251
:1034D000A8BF04465A904046459E19F01AFF05467B
:1034E000404619F01BFF854240463DDA19F011FFB6
:1034F0004510DDE903039DF827214A99B542A8BF8D
:10350000354602F00F020343B9F1000F2FD1012A13
:1035100000F0AE80002940F0AB80009A1343019A7E
:10352000134300F1C180A54280F2BE8022460AA961
:103530000EA819F04CFC002840F0B6804FF0000AAD
:1035400000238DF840318DF850314FF001082BE009
:103550000A1819461B689342CBBF0B60CAF80030AB
:10356000CAF800200A6094E719F0D8FEC0E7022AE2
:10357000CEE700BF13D302001DD3020070223EA984
:103580005AA821F0D1FA4FF0000802988DF8B081C6
:103590000EAA5AA98DF8C0818DF888818DF8A38173
:1035A0000FF098F84FF0010A002670223EA95AA8A1
:1035B0000EAF8DF8646121F0B7FA97E80F008DF82F
:1035C000B0618DF8C06112AE86E80F00BAF1000F4D
:1035D0000CD0B9F1000F5ED0039A0A9B13443360FC
:1035E000049A0C9B9B1AB36000236193324610210E
:1035F00002980EF054FE32465AA981460FF06AF83E
:1036000016A80FF007F8B8F1000F0AD00AAB0FCBDD
:103610000DF1740C8CE80F0016A9484621940EF0A9
:10362000FDFFBAF1000F09D097E80F001DAC84E848
:103630000F0016A9484621950EF0F0FF23A8F5F7D4
:10364000C3F90298CDF8A890324623A9F5F74AFAB3
:1036500070223EA95AA821F067FA00238DF888311C
:103660008DF8A3313A465AA902980FF033F8CDE607
:10367000009A1343019A134380D4A542BFF67EAF4C
:1036800022460AA90EA819F0A2FB00287FF476AF03
:103690004FF0010A54E7009A0B9B13447360019AA0
:1036A0000D9B9B1AF3609FE70EAA3EA9DCE700BFC3
:1036B0002DE9F3412E480C460BF0F8FD012840D1CE
:1036C00020461AF07EF9064620461AF076F91B2E9F
:1036D000054639D14FF400310BF054FD0746204622
:1036E0001AF073F90368BB42ACBF03600760122293
:1036F0000021064628460DF0A6F9132280460190C7
:10370000002128460DF09FF9102204460190002167
:1037100028460DF098F9112207460190002128460D
:103720000DF091F94445A8BF4446BC42A8BF3C46B1
:103730008442A8BF0446002C019002DA33681B1BA8
:10374000336002B0BDE8F081012E01D00B2E07D10D
:1037500005F13C01284602B0BDE8F0410CF097B9F4
:103760001D2EEED1204602B0BDE8F041FFF746BD68
:10377000985A030010B501460348F1F7A3FD04462B
:103780000BF033F8204610BDBC5A03002DE9F04F72
:10379000ADF5057D05461AF010F9836B0446002B44
:1037A0005BD028460BF0A9FD94F82A3043F00803BB
:1037B0000EA9804684F82A3020460BF086FFA26AC4
:1037C000B04BB4F82890134043F40023A36268A8D8
:1037D000F5F7A2FE31A8CDF8B081F5F7B3FA68AAE3
:1037E0004FF4A0212046CDF8D4800BF0DFF831AAA9
:1037F0004FF4A02120460BF017FB94F82A30A4F8D0
:1038000028906FF3C30384F82A3010220021204649
:103810000DF019F9112205904C90002120460DF071
:1038200012F9122206904C90002120460DF00BF95F
:10383000132207904C90002120460DF004F94FF020
:10384000000A08904C905746A36BBB4209D894F8E5
:103850002A306FF3C30384F82A300DF5057DBDE8E7
:10386000F08FE36A884953F82A001BF06AFD4FEA9B
:103870008A0B0AF1010A0028F3D07B000993636BDD
:1038800033F81730DA0600F1E280C3F300255B0657
:1038900040F1DF8045F08005206B390100EB071314
:1038A000D3E9012C4158DE680E9B194412910F99FF
:1038B00063440A443144139214931591002D40F04F
:1038C000E580702268A94CA81BF0FBFB6C2231A993
:1038D00016A81BF0F6FB626B9DF8B3307900DB088D
:1038E000525A4E9716059DF8B3204CBF43F008037B
:1038F00003F0170363F3C7029DF879318DF8B32005
:1039000003F01F020F2A3CD90F2262F304038DF843
:1039100079316369079A08991A44129B934214BF3C
:103920000F230B239DF8792163F304028DF879218D
:10393000E269521A1499914201BF9DF8792103F06E
:10394000170363F304028DF87921A369059A1344E0
:10395000139A9A4201BF9DF8793103F01D0262F378
:1039600004038DF87931236A069A9B1A159A9A42B4
:1039700001BF9DF8793103F01E0262F304038DF854
:10398000793112A819F0CAFC15F02005064607D0B7
:10399000636B7A009B5A580542BF139B9B1B139382
:1039A0004CA912AA40460EF095FEE06A239B209A8D
:1039B00050F80BB00A930EA8229B0B92099319F0B2
:1039C000A8FC9DF8B3C0099B00934FEADC01DDE938
:1039D0000A32CDE9010159460CA81BF07EF912A864
:1039E00019F097FC0C9BC01A129B00EBD07003EBF4
:1039F000600312A8129319F091FC0D9B139A12996F
:103A0000C01A00EBD07002EB60020C9813920144D4
:103A100013441491159365B1616B7800095A4905F7
:103A200007D506EBD67676107642324433441392AD
:103A300015939DF8B430CDF874B043F0010312AA89
:103A400016A940468DF8B43018970EF06CFD01377A
:103A5000FAE6236CBB427FF41FAF19F0200F18BFAA
:103A600045F0200519F0020F18BF45F0020519F0C6
:103A7000040F18BF45F0040519F0080F18BF45F0F2
:103A8000080509E70000F7FF61A1030094F82A3058
:103A9000258543F0080384F82A304CA8F5F73CFD4F
:103AA00016A8CDF84081F5F74DF94CAA4FF4A021A6
:103AB0002046CDF868800AF079FF16AA4FF4A021BD
:103AC00020460BF0B1F994F82A30A4F828906FF34F
:103AD000C30384F82A30FEE62DE9F04F272291B087
:103AE000002104460CF0AFFF1222C3B20F90002158
:103AF00020460C930CF0A7FF30220F900490002179
:103B000020460CF0A0FF342205460F9000212046ED
:103B10000CF099FF420748BF049B0F9048BF5B1908
:103B20004FF010024FF00001204648BF04930CF004
:103B30008AFF302205460F90002120460CF083FFBB
:103B4000342206460F90002120460CF07CFF142200
:103B500083074FF000010F90204648BFAD190CF0CD
:103B600072FF07900F9020461CF0CDF80990204678
:103B70000BF0F3FD069020460BF0FFFDE36B079A78
:103B8000D4F82C900295013B002702FB1303089305
:103B900005973E46E36B059A934240F282800025EA
:103BA000A9F1040A4FEA4608039515E041491BF0C4
:103BB000C8FBA8B1DAF800301B788BB1636B039AAD
:103BC00033F8083003F00F03012B2CBFD218013259
:103BD0000392013508F102085AF8040F0028E5D1D4
:103BE000059B01330593002D52D0029BE16BB7FB7F
:103BF000F1F21A44089B3B44B3FBF1F302990139FB
:103C00000B440B930999069B05F1FF3801FB18380B
:103C10004FF0000A731928EAE8780A93D346039B09
:103C200003980BFB08F1B1FBF3F1636B33F816302B
:103C300003F00F03012B2CBF9B440BF1010B0BFB7B
:103C400008F3B3FBF0F30AF1FF3003440C980128AA
:103C5000514404D10698C01A069B5B1A0146DDF850
:103C60002CC0206BCDF800C0DDF810C00D9263446D
:103C700000EB0610614418F0BAFF099B0D9A9A44B4
:103C80000A9B0136B342CAD1013509EB850901E02F
:103C900009F10409089B079A1F44029B13440293ED
:103CA00078E720460BF0DAFA204611B0BDE8F04F75
:103CB0000BF018BF61A1030010B501460348F1F7EE
:103CC00001FB04460AF091FD204610BDE05A0300B6
:103CD0002DE9F04104460E4600294CD090F84430BE
:103CE0009B0701D51BF0F4FF94F84430DFF88C807B
:103CF0006FF3410384F844300123E363371F002549
:103D000057F8040F60B9A36B9D4213D1E6622046B9
:103D1000BDE8F041FFF7E0BEE36B0133E363EFE79B
:103D20000378002BEFD041461BF00BFB0028F3D0AB
:103D30000135E5E7206B18B1FCF77EFB0023236318
:103D4000606B18B1FCF778FB002363632801FCF774
:103D500059FB20636800FCF755FB236B606343B19C
:103D6000002808BF00256A0000211BF07AFAA5632D
:103D7000CCE71D46F7E7BDE8F08100BF61A1030075
:103D80000023C1E90B33C1E90D33CB634FF6FF7359
:103D90000B6491F8443023F00303084681F8443063
:103DA0000149FFF795BF00BF045B03002DE9F8430D
:103DB0004FF6FF73994204460E4602D10020BDE83B
:103DC000F883836B8B42F9D90025DFF834902F46B6
:103DD000B54206D1A36BAB42F0D0E36A53F827009B
:103DE000EDE7E36A07F10108494653F82800013579
:103DF0001BF0A7FA08B907F102084746E8E700BF39
:103E000061A103002DE9FF41B2480E460BF04EFAC6
:103E100001281AD1304619F0D4FD0546304619F074
:103E2000CCFD1B2D044627D1C36B73B1C56ADFF8E7
:103E3000A882043D002755F8040F30B141461BF01D
:103E400080FA10B12B681B7813B904B0BDE8F0817B
:103E5000636BDB5B5B0507F10207ECD5E16B29B116
:103E600020460BF08AFCE16BB0FBF1F1304604B068
:103E7000BDE8F0410BF061BA322D04D104B0BDE8C9
:103E8000F041FFF729BE132D2ED8002DDDD0013DC6
:103E9000122DDAD801A353F825F000BF033F01002B
:103EA0007D3F01005B4001004B3E01004B3E0100A5
:103EB0004B3E01004B3E01004B3E010039400100EA
:103EC0004B3E0100C13F01004B3E01004B3E010053
:103ED0004B3E01004B3E01004B3E0100FD40010006
:103EE0004B3E010069400100292D00F0E681312D93
:103EF000C4D01D2DA9D1304604B0BDE8F041FFF774
:103F000045BC3046F1F7A8FA216C054620461BF067
:103F100002FFF7F7F3FE17F07AFE00F0FD0001282C
:103F200017D102A9284617F085FE02A920461BF0EA
:103F30004DFF4FF6FF7398420146236409D0636B2F
:103F400033F8103003F050031BB9206420461BF0F7
:103F5000E2FE236C4FF6FF7293423FF476AF626B42
:103F600032F8132002F4CA62002A7FF46EAF019384
:103F700001AA23212046F1F701FA66E7036C4FF608
:103F8000FF77BB423FF461AF3046F1F765FA054673
:103F900017F03DFE00F0FD0001287FF456AF02A9A6
:103FA000284617F047FE02A920461BF00FFF216CA0
:103FB00081423FF44AAF20461BF0ADFE276444E740
:103FC000026C4FF6FF739A422CD0416B31F81230DD
:103FD000180614D55F0612D4DE052AD594F84400DD
:103FE000C50726D423F480739BB221F8123094F8CD
:103FF0004430D80703D5216C20461CF01AF8236CF6
:10400000626B32F8132012F4C06F0BD012F0500F15
:1040100008D102AA232120460293F1F7AFF9012823
:104020007FF413AF216C204604B0BDE8F0411BF0D3
:1040300072BE43F48073D8E7036C4FF6FF7293426D
:104040003FF403AF426B32F8132002F07002002AF3
:104050007FF4FBAE029302AA8BE7016C1BF05BFEC0
:104060004FF6FF732364F0E6836B002B3FF4EDAE55
:104070003046F1F7F1F9064617F0C9FD05462EB9AD
:104080003046F7F731FE17F0C2FD054620460AF02C
:104090002EF909F0E5FD226C4FF6FF739A427FF48A
:1040A000D4AE022D05D0042D7FF4CFAE00283FF40E
:1040B000CCAE94F84430A26B13F001031CD19342B0
:1040C00018D0616B31F8131001F0500189B1013340
:1040D000F5E700BFE05A030061A1030001339342FA
:1040E00008D0616B31F8131011F0500FF6D1C905EB
:1040F000F4D51A462264A8E60023F0E7016C1BF011
:104100000AFE30460BF001F9132821D1236CA16B74
:10411000606B4FF6FF72934214BF01330023994244
:1041200023649CBF00232364256C236C30F8132088
:1041300002F05002002A3FF475AF0133994298BF54
:1041400000239D422364F0D14FF6FF73236469E797
:1041500014281CD1226C4FF6FF739A4204BF00232F
:104160002364226C02B9A26B606B013A2264236C57
:1041700030F8131001F0500100293FF453AF23B180
:10418000013B9A422364F2D1DEE7A36BF8E71228E1
:1041900047D120461BF0B7FD236C4FF6FF729342C8
:1041A000054610D10023616B2364236C31F8132082
:1041B00002F05002002A3FF435AFA26B0133934264
:1041C0002364F2D3C0E71A01206B865800EB03107A
:1041D00019F09FF8236C06EB6002A66B4FEA031CF4
:1041E0009E427FF61FAF216B01EB0C0801EB031021
:1041F000D8F80470D0F80480B8454FEA031E0EDDED
:1042000051F80E1091420ADC81682944914206DB84
:10421000616B31F8131001F05001002996D0013381
:10422000DEE711287FF4FEAE20461BF06CFD236C08
:104230004FF6FF729342054610D10023616B236451
:10424000236C31F8132002F05002002A3FF4EAAE4A
:10425000A26B013393422364F2D375E71A01206BFA
:10426000865800EB031019F054F8226C13B206EBD9
:1042700060004FEA021C5E00002BFFF6D3AE226BFB
:1042800002EB0C0E02EBC601DEF80470D1F804E07C
:10429000BE450EDA52F83620521B824209DC8A688B
:1042A000824206DB626B925B02F05002002A3FF40E
:1042B0004DAF013B1BB2023EDEE790F844309B0756
:1042C0007FF5C3AD04B0BDE8F0411BF001BD00BFF8
:1042D0002DE9F84F4FFA82F80123818680F8368065
:1042E00080F8373004460F46C06A40211BF051FE6B
:1042F00000252946E06A402201351BF059FE072DB2
:10430000F7D1BFB2414638461BF0AAFE41460546EA
:1043100038461BF076FFDFF8ECB00646411C05443A
:1043200004F1F90A8B1B01F1010901398D42DBB25D
:1043300037D808F1FF3138461BF092FEC6F1010371
:1043400000EB030804F22119DFF8B8B05FFA88F82F
:104350000027CA4608EB0703B742DBB229D3DFF8D0
:10436000A490C5F101074FF01408292D2FD920463C
:104370001BF06FFFE06A1BF04DFE4FF6FF73984293
:1043800003D0E06AF11D1BF0D7FD20460BF0AAFB1D
:1043900020460DF015F900250646B54225D1BDE8A9
:1043A000F88F142101FB09A05A46FCF709F8494689
:1043B000B8E75A4614214846FCF702F8F91DE06AAE
:1043C00040221BF0F5FD013709F11409C2E77B1902
:1043D0004A46142108FB05A0FBF7F2FFE91DE06A3D
:1043E00040221BF0E5FD0135BFE7294620460DF0D0
:1043F000B4F8E36A834203D022462321F0F7BEFFDC
:104400000135CAE70C9B03003A4B2DE9F04100252A
:104410000C46C1E90C33C1E90E554FF452722946DE
:1044200004F22110344E354FDFF8D4801AF019FF12
:1044300029462A4604F13C0314254FF0780C40F23B
:10444000211E043351B1481C10F0070F50D006292B
:1044500007D858F8211019600146F2E71E600120C4
:10446000FAE705FB024181F821C115FB02E10132A7
:104470002144D2B238281960EED1224BC4F81C3145
:104480002046FFF719FC04F14001E062FFF720FC31
:10449000E06A4FF408711BF0AEFD002322221A4996
:1044A000E06A0AF019FF6420E56AFBF711F901469A
:1044B00028460BF0A1F8E06A4FF404210AF0FBF85B
:1044C0002046012117F018FFE06A012117F038FF9C
:1044D0002046002202210CF0E7FF204694F9362006
:1044E000A18EFFF7F5FE2046BDE8F0411BF0B1BEFE
:1044F0003946BFE7E80701010F9B030061A10300F4
:10450000205B030062A10300C3000300F8B50C4662
:10451000204600210DF026F92046002117F0ECFE80
:10452000002319460222204617F0F2FE2046FFF72C
:1045300021F900222A492B4F05460CF098FF6420F0
:10454000FBF7C6F8014628460BF06DF82846F1F750
:10455000B7FB28460BF0FEF80646014628460BF04E
:104560004BF800230A22394628460AF0B5FE0421FA
:10457000284609F054FE204601F0B2FB032105460F
:1045800001F062FF0022284602210CF08DFF01217C
:10459000284617F0D5FE2046FFF7ECF812490546ED
:1045A00000220CF064FF3246314628460BF052F8E8
:1045B00000230A22394628460AF08EFE28460421A6
:1045C00009F02DFE09490023232220460AF084FE2B
:1045D00020460022BDE8F8402321F0F7CFBE00BFFF
:1045E000309B03002D460100349B0300F145010080
:1045F00070B519F0E2F905460CF0ACFF1BF068FE4F
:104600000446012128460CF0A8FF94F90230054A1F
:104610000549013B52F823302288BDE870401DF067
:1046200087BC00BF605B0300389B03002DE9F047A7
:1046300019F0C3F980460CF08DFF06460CF08AFF96
:1046400007461BF045FE0021058890F9029084780A
:1046500030460CF082FF80451BD1B9F1010F15D116
:10466000013DADB20C24224629463846FFF730FE04
:10467000012130460CF071FF013C0A4B0A4953F806
:1046800024302A46BDE8F0471DF052BC013C64B21C
:10469000E9E7B9F10C0F03D10135ADB20124E2E72E
:1046A0000134F4E7605B0300389B030070B50846F3
:1046B0000C460CF04FFF0021064620460DF052F844
:1046C0000021204617F018FE204600F0E1FC1649B4
:1046D00005461CF05AFD33462322144928460AF0A9
:1046E000FBFD0121284617F02BFE204600F0D0FCF0
:1046F0000F4905461CF049FD334623220D49284643
:104700000AF0EAFD2846012117F01AFE0A49232281
:10471000204600230AF0E0FD20460022BDE870405C
:104720002321F0F72BBE00BFAD9B030075030300F0
:104730001E9E030045030300D50203002DE9F04F40
:10474000AF48C5B00D460AF0B1FD012832D1284668
:1047500019F037F90646284619F02FF9012E0446BC
:1047600040F08480F7F7CAFA28A917F063FA636962
:10477000289E2046F61A2896F1F71CFD064420468E
:104780000AF0EBFF074620461BF09BFE361A14D5B5
:104790000025636EAB420DD0294620461BF099FEE2
:1047A000616E20461BF095FE65660022232120469F
:1047B000F0F7E4FD45B0BDE8F08FB74202DA256FAF
:1047C000013DE6E794F8743003F00703012B07D1AD
:1047D000236F7D10013B06FB0355B5FBF7F5D8E7CA
:1047E000022B02D1256F7543F7E7032BD0D104F1DB
:1047F0002C0019F03EFB81460028C9D04FF000087C
:1048000045466FF0004A29E099F81010D9F80000E9
:104810000097C1F3C00104EB81010023CA6D50F879
:104820002800496D19F06DFC99F81010C1F3C00112
:1048300004EB81018642D9F800000097CA6D50F858
:104840002800496D4FF000030CDD19F05AFC301AB6
:104850008245C4BF4546824608F10108236F98454A
:10486000D2D396E719F04DFC801BF1E70B2E06D151
:10487000416E1BF02EFE6FF0004363669AE71D2E1B
:1048800098D128460AF039FD04F1140900F1180600
:1048900014AD039032464946284618F0DCF900284A
:1048A00051D096E80F0018AF87E80F0095E80F0089
:1048B00086E80F0020461BF0FCFD049020461BF00C
:1048C00000FE089020461BF09AFE054620460AF09E
:1048D00044FF059020460AF050FF804628A80DF0BE
:1048E0004AFE039B2C9328AA002120460AF07EFB57
:1048F0003222002120460CF0A6F8C3B210902046C8
:1049000007931BF0D6FD34220021069020460CF0C0
:104910009AF81090C7B22046F1F74CFC0990204657
:104920000BF021FBD4F868B0BBF1000F25D1D4F80F
:104930006CA0BAF1000F65D1039B03F1180518AB09
:104940000FCB85E80F0004F12C031846069319F0ED
:10495000D0FA054650B994F8743003F00703012BE0
:1049600040F09880039920461BF051FE03992046A1
:1049700045B0BDE8F04F1CF0CEB8049B1D44A369C0
:104980001D442B1A0A9363692F93E3693193079BA4
:10499000022B0FFA8BFA31D9069B002B2EDD17F074
:1049A000020505D020461BF02AFEB0FA80F56D09FD
:1049B000FA070AD51122002120460CF044F8109085
:1049C00018B90BF1FF3B0FFA8BFA08FB05FB2B46DE
:1049D0005545ACDAA26E0A9903982A93013ABBFBBB
:1049E000F2F20A4428A90B93309232920DF0DDFDC9
:1049F0000B9B01352DB2C3440133E9E70025E4E701
:104A0000D85B0300089B049D1D4463691D44099BFA
:104A1000ED1AA3693093236A3293079B022B0FFA96
:104A20008AF834D9069B002B31DD17F0040B06D031
:104A300020461BF046FDB0FA80FB4FEA5B1B3B07AC
:104A40000AD51322002120460BF0FDFF109018B963
:104A50000AF1FF3A0FFA8AF8059B5F4603FB0BFA4F
:104A6000C345BFF669AFE36E03982A97013B28A9B7
:104A7000BAFBF3F32B442F9331930DF096FD059B76
:104A80000BF1010B0FFA8BFB9A440137E8E74FF06B
:104A9000000BE1E7022B40F0E68010AF32464946BA
:104AA000384618F0D8F800283FF460AF039B03F1B4
:104AB000180696E80F000DF1500C8CE80F0097E8EF
:104AC0000F0086E80F0020461BF0FBFC81462046C5
:104AD0001BF095FD804620460AF03FFE82462046A8
:104AE0000AF04BFE049004F12C0019F0CFF90646B1
:104AF00000283FF43BAF294620461BF075FC236F8E
:104B00005F1E4FF4A02100FB17A72046B7FBF3F769
:104B10001BF06AFC721E00FB12720790B2FBF6F6E5
:104B20002046012EB8BF01261BF0C3FC8346204659
:104B3000F1F740FBA9EB000920460BF014FAA8EBB3
:104B4000000828A8F4F7E8FC039B2C9328AA4FF44C
:104B5000A021204609F02AFF9DF8CF202F9965F368
:104B600003028DF8CF20FF22AAEB07038DF8C020A7
:104B7000226A0593079B0A443344D9441B92C344D9
:104B80000793A846236FAB4207D8039B03F1180590
:104B900014AB0FCB85E80F00E8E6626906982B9509
:104BA000012B18BF03F1FF3309EB020A1CBFB8FB4E
:104BB000F3F39A4400232A9319F05BF9074608B3EC
:104BC0003B7C13F0010314D194F87420109912F077
:104BD000180F06EB0A0202F1FF3208BFFB68CDF89E
:104BE00060A08A421A9209DA2A9B079A01339244FA
:104BF0002A930698394619F042F9DFE71299226F95
:104C00008A4503DD059B01359844BBE73889B97AAD
:104C10008DF8C310ADF8C1002B44B3FBF2F102FBD9
:104C2000113C397C7A68049B52F82C20C1F30011A6
:104C300004EB8101486CC96C121A5A43091A92FBA1
:104C4000F1F2A1699A1A0A445A4419927A6852F800
:104C50002C306FF000429342C6D0039818AA28A9BE
:104C60000DF038FDC0E7032B7FF480AE0CAD32466B
:104C70004946284617F0EFFF00283FF477AE96E844
:104C80000F0010AF87E80F0095E80F0086E80F00CF
:104C900020461BF00EFC064620461BF012FC074681
:104CA00020461BF0ACFC054620460AF056FD079056
:104CB00020460AF062FD6369049020461F44F1F724
:104CC00079FA37443B1A0593A36920461D440BF03B
:104CD0004AF935442B1A18A808930DF04CFC039B95
:104CE0001C9318AA4FF4A02120460AF07FF928A8A7
:104CF000F4F712FC039B2C9328AA4FF400312046B2
:104D000009F054FE4FF4003120461BF066FB00EB27
:104D1000D0704FEA600802224FF4003120460BF0B9
:104D200092FE149000EBD070249B4610B045424692
:104D300003EBD371A8BF3246B2EB610FC2BF9DF83F
:104D40009D2042F004028DF89D20012B08BF9DF8A4
:104D50009D3004F12C0004BF43F004038DF89D3016
:104D600019F08AF86FF0004B0546002D3FF4FEADB8
:104D70002F7C17F0010740F0C480AB68ADF88C3091
:104D80001B0C8DF88E30AB7A2A89ADF8C1208DF8D6
:104D9000C33094F8743013F0180F059B08BFEF6808
:104DA0001F9321936B68099753F827300A2B28D05B
:104DB000297C2868079B0093C1F3C00104EB8101A3
:104DC0000023CA6D50F82700496D19F09AF9059B28
:104DD00018442190297C6868049B0093C1F300115A
:104DE00004EB81010023CA6C50F82700496C19F0CC
:104DF00088F9049B181A089B184422904FF0000A67
:104E00006FE04C4B21931846F7E7219A1F92229AA4
:104E10002092099A5244B2FBF3F103FB11294FEAA5
:104E200089030A936B6853F82900584556D0297CAA
:104E3000049B0093C1F3001104EB81010023CA6CB1
:104E4000496C19F05EF9049B181A089B18442290CB
:104E5000297C2868079B0093C1F3C00104EB810102
:104E60000023CA6D50F82900496D19F04AF9059BD5
:104E700018442190BAF1000F26D01F9BA3EB080223
:104E800043441693209B14929A1B33441592179314
:104E90006B6853F827205A4515D04FEA89029B5872
:104EA0005B4510D00AF1FF3703981B9718A90DF046
:104EB0007CFBB8F1000F06D02EB103982B9714AAF3
:104EC00028A90DF007FC4F46236F013B9A4504D1FA
:104ED0006B680A9A9B585B4519D1B9460AF1010AD9
:104EE0004F46236F9A4590D31A9B01331A932A9BFE
:104EF00001332A93039B03F1180710AB0FCB87E80C
:104F00000F002946069818F0BEFF05462DE7219BA5
:104F10000398CDF8ACA0A3EB080243441693229B60
:104F200014929A1B1592334414AA28A917930DF0D2
:104F3000D1FBD2E7010000E010B50E4BCB6291F837
:104F400030300C4643F0010381F830302046022116
:104F500009F0B1FB2046082109F0ADFB20464FF4D3
:104F6000806109F0A8FB20461021BDE8104009F03F
:104F700056B900BF679E03002DE9F047434888B04B
:104F80000D460AF093F9012864D1284618F019FD5E
:104F90000646284618F011FD342E04465DD12846F9
:104FA00018F013FD5A220746002120460BF04BFD56
:104FB0000546069016F0F9FD5C22064600212046C3
:104FC0000BF041FD5B2280460690002120460BF04D
:104FD0003AFD4FF000096FF06042CDE901290690DB
:104FE000CDF8008003462A46E16A06A819F075FE4E
:104FF0004946152220460BF026FD122281460590D7
:105000004FF4003120460BF01EFD1322054605909B
:105010004FF4003120460BF016FD10228246059019
:105020004FF4003120460BF00EFD11228046059012
:105030004FF4003120460BF006FD3544069B5544E5
:105040001D444D443D604644079B06449E42ACBF10
:105050007E607B6008B0BDE8F0871B2E0ED128462D
:1050600018F0B3FC4FF40031054620460AF08AF8E8
:105070002B688342ACBF2B602860EBE71D2EE9D183
:10508000284608B0BDE8F0471BF032BEFC5B0300C9
:1050900010B501460348F0F715F9044609F0A5FBE1
:1050A000204610BD445C030038B5154A0023C1E911
:1050B0000C32C1E90E33C1E91033CB624FF6FF73F6
:1050C0008B6491F84C3023F03F030C4643F03803D7
:1050D00081F84C3020464FF4806109F0ECFA094920
:1050E00020461CF08AF820460CF02CFA01460648AF
:1050F000F0F7E8F8054609F078FBE562EC6238BDA8
:105100007D9E0300819E0300205C0300806B024BA8
:10511000002808BF1846704762A103002DE9F04738
:10512000084688B0884618F04CFC202807461CD159
:10513000404618F042FC404618F03FFCC46A404626
:105140000AF0DBF8E26A00F11805EA460646143276
:105150002946504617F07FFD002873D15D4841462F
:1051600008B0BDE8F0470AF0A1B85A4841460AF035
:105170009DF801283FD1404618F01FFC0B2FC66A4E
:10518000044641D1F6F7BAFD16F071FD064690BB14
:10519000E46AF6F7B3FD054616F039FD04280CD194
:1051A000236C6364204609F0A2F8074608F058FD16
:1051B00018B13146384608F0EEFC284616F027FDB7
:1051C00001281BD104A9284616F034FD0599204674
:1051D0001BF0B8FFC4E9100020461CF07FFA236BD7
:1051E00013B920460AF07EFC236C049304AA232101
:1051F0002046F0F7C3F808B0BDE8F087284616F05F
:1052000006FD0328E8D1DDE7012F59D1F6F776FD39
:1052100005460028EFD016F0FAFC01280CD104A9AD
:10522000284616F007FD059930461BF08BFFB06449
:1052300020460AF057FCDEE7284616F0E8FC032873
:10524000D9D1ECE795E80F000DF1100989E80F00BE
:105250009AE80F0085E80F0094F84C309B0627D59C
:10526000A26C236C9A4207D12123314620461BF0C1
:1052700011FF2123A26C12E03B46314620461BF071
:1052800009FFA26C3B46314620461BF093FE226C80
:105290000123314620461BF0FDFE226C01233146DE
:1052A00020461BF087FE99E80F0085E80F0055E7C0
:1052B0003B46A26C314620461BF0ECFE3B46D9E74C
:1052C0000C2F98D14FF6FF73B36408B0BDE8F047D8
:1052D0000AF008BC205C030073B55D480E4609F077
:1052E000E5FF012822D1304618F06BFB0546304619
:1052F00018F063FB132D044612D108F0F8FF08F0F4
:10530000AFFC0546F6F7FAFC16F081FC04280DD137
:10531000002D71D0204602B0BDE870401CF0DFB80F
:105320001D2D25D8102D03D80B2D72D002B070BDC5
:10533000113D0C2DFAD801A353F825F0A15301001B
:105340001D5401002D530100FD530100FD530100C8
:105350002D5301002D5301002D5301002D53010049
:105360002D5301002D5301002D5301004354010022
:10537000322D03D0342D06D0312DD7D102B0BDE867
:1053800070400AF02DBA304618F01FFB5A2205462D
:10539000002120460BF057FB16F007FC6860C5E7BC
:1053A000304609F0B2FFA0F11203012B11D82046BC
:1053B0001CF0A7F90028ADD0236CE26B01339342B7
:1053C000B4D223640121204602B0BDE870401BF036
:1053D00099BD142804D00DD80A2815D01128A5D1BC
:1053E00020461CF08EF9002894D0236C002B9DD011
:1053F000013BE6E71B2899D1636C2364204602B089
:10540000BDE870401CF06AB9F6F77EFC84428DD08E
:10541000204602B0BDE870401CF07CB91CF071F968
:1054200000283FF477AF304609F07BFF236C184427
:10543000E36B013B9842A8BF184620EAE070206465
:10544000C0E7304602B0BDE870401BF046BF00BF69
:10545000445C030038B591F8583023F07F030025F1
:1054600043F00303CD6281F8583008460C460AF039
:105470006EF9E06320460AF06DF94FF48073C4E9D9
:10548000123394F8583043F0800384F85830C4E95C
:1054900010052A46294604F1340017F04EFF0C4A45
:1054A00004F15000114617F048FF94F859300922D2
:1054B00062F30303204684F85930022108F0AFFE5E
:1054C00020464FF48031BDE8384009F0F4B800BF01
:1054D0003200002010B501460348EFF7F3FE044602
:1054E00009F083F9204610BD685C03002DE9F04FF8
:1054F0000846ABB00D4618F064FA29460646A9489E
:1055000009F0D4FE012814D1284618F056FA05AF48
:10551000394604461CF050F9322E0DD194F858301B
:1055200003F00303022B40F08880E16A20461CF060
:105530003DFB2BB0BDE8F08F202E1DD8152EF8D9DD
:10554000163E0A2EF5D801A353F826F04356010063
:10555000335501003355010033550100D356010086
:105560009155010033550100D35601003355010018
:1055700033550100D3560100312E47D0342ED8D1F7
:10558000284618F022FAE36B0360236C4360D0E7EF
:10559000284618F01AFA636C05463BB9A36CB3F5BC
:1055A000807F03D1E36CB3F5807FC2D020460AF040
:1055B000CEF8804620460AF0CDF80297B4F84C3079
:1055C0000193B4F8483000930246636C06464146A6
:1055D0000FA80CF08DFE0F9A2B6852429A42B8BF6A
:1055E0001A462A60109B5B429342B8BF13462B6059
:1055F0001199A1EB08019942B8BF19462960129B85
:105600009B1B8B42ACBF2B60296092E794F859201A
:105610004FF4D04302F00F02D340DA0789D5204679
:105620001CF040FA636C43B9A36CB3F5807F04D1DE
:10563000E36CB3F5807F3FF47CAF204609F00EFEAB
:1056400077E7284618F0C1F905462046E66B0AF0D0
:105650007EF8864238D12046266C0AF07BF88642D6
:1056600032D1A36CB3F5807F05D1E36CB3F5807FB5
:1056700001D1636C43B320460AF069F80646204620
:105680000AF068F80297B4F84C300193B4F8483047
:1056900000930246636C31460FA80CF029FE616945
:1056A0000F9B0B440F93A269109B13441093119B03
:1056B0000B441193129B13441293296800220FA8E4
:1056C00017F005FB287134E70FA920460AF0BDFA50
:1056D000F3E7284618F075F90646284618F06DF9E4
:1056E0001A2E044660D1284618F06FF90378022B71
:1056F00005463FF41EAF94F85800830702D50123F6
:105700002B7016E7C0F38400FAF72EF80146002844
:10571000F5D1442220460BF096F90F90C0B2FF2835
:10572000EDD1626C002AEAD1A36CB3F5807F0ED173
:10573000E36CB3F5807F0AD104F11401686817F0B7
:1057400046FB0028DBD0236B002BD8D1F1E60BAF52
:10575000394620461CF030F8204609F0F8FF06468E
:10576000204609F0F7FF0297B4F84C300193B4F8E3
:10577000483000930246002331460FA80CF0B8FDD4
:1057800061690F9B0B440F93A269109B1344109304
:10579000119B0B441193129B1344129300220FA9E7
:1057A000CCE700BF685C03001D2E7FF4C2AE036C23
:1057B000002B3FF4BEAEC36B002B3FF4BAAE836C3C
:1057C000002B3FF4B6AEC36C002B3FF4B2AE2846BC
:1057D00009F093FD94F8583013F00206804640F02B
:1057E000BE800FA8F3F7F0F808F1180731460FAAAA
:1057F0002046CDF84C8009F080FB97E80F000DF1B2
:105800001C0A8AE80F0020A920461BF0D5FFA36CD4
:105810001C93E36C1D93636C1B9394F8582094F8CD
:105820005930C2F3C012C3F3031343EA02139DF8C5
:105830008D2022F01F0213438DF88D30236B2993A6
:10584000E36A1693D4E90512206CE36B10440B4411
:10585000013825AD013B0090284617F0C8F90C220D
:10586000314620460BF0EFF80B901A9094F859301F
:1058700003F00F02092A0BAE0CD8A36B0093636BE5
:10588000294604F1140017F0A3FB95E80F0086E801
:105890000F005AE003F00F03A3F10D02012A26D8EE
:1058A000D4F848B0204609F052FFE36B5A46534300
:1058B00048BFFF33A0EB232000EBD0704FEA600914
:1058C000204609F047FF236C5A46534348BFFF3335
:1058D000A0EB232000EBD07042104946284617F079
:1058E000ADF9D4E90D12284617F0A8F9CDE70C2B35
:1058F000CBD104F114023946384617F0ACF9D4E99B
:105900000D12284617F09AF9D4E90F14D8F81C3074
:10591000269A25989A1A631ED21AD8F8183092FB44
:10592000F4F21B1A481E1B1A624393FBF1F328463C
:10593000594317F083F997E80F0086E80F009DF8A8
:105940008D3043F020038DF88D3032460FA940464C
:10595000F3F714F99AE80F0087E80F00E9E503F080
:105960000303022B7FF4E5AD0FA8F3F7EBF90FAAC1
:1059700000212046CDF84C8004F1140509F054FABA
:10598000E36A16932846E66B17F0C3FC864230D0D4
:1059900094F85930626B03F00F03012B38D80AB921
:1059A000A36B03B300266FF06043CDE901361B9B68
:1059B000199A1699009307A81C9B19F08EF9089B59
:1059C00000933246079B31460BA817F010F994F864
:1059D0005920A36B00932846636B02F00F020BA9BA
:1059E00017F0F6FA0BAD2A460FA940460CF09BFDC6
:1059F0009FE52846266C17F091FC94F85930626BAD
:105A0000864203F00F03C8D112B9A26B002AEAD074
:105A1000092BE8D8C6E700BFF8B590F84D30174F0E
:105A200013F00105044607D090F84C3057F82310C6
:105A3000BDE8F8401AF074BA806B4000FAF7E2FC57
:105A400094F84C30A26B57F823100646520019F018
:105A500038FBB21E2B46A16B8B4208D32046314641
:105A60001AF05EFA3046BDE8F840FAF7E5BC32F8C5
:105A7000021F21F4806111800133ECE78C010020CA
:105A800010B5064B90F84C20044653F82210FEF750
:105A90001FF92046BDE81040FFF7BEBFB40100204B
:105AA00038B50C462046042108F0B9FBB4F84C3058
:105AB00023F4FF73002523F00103A4F84C302A4699
:105AC0002B462046A564052109F0F1FD2B46074928
:105AD0002322204609F000FC20462A4629460BF0E6
:105AE000F8FC2046BDE83840FFF7CABFF15A010074
:105AF00070B517F062FF04461AF08CFA4FF6FF7388
:105B00009842014600F0D0802046FEF74FF9054646
:105B1000002800F0C980654919F013FC58B9644B9E
:105B200084F84C0019682046FEF7D2F82046BDE8FC
:105B30007040FFF771BF5F49284619F002FC28B991
:105B4000012384F84C305A4B5968ECE75A492846EF
:105B500019F0F7FB28B9022384F84C30544B9968AC
:105B6000E1E75649284619F0ECFB88B900222721C5
:105B70002046EFF703FC012840F09680A06C002837
:105B800000F0928000222721BDE87040EFF7F6BBBD
:105B90004B49284619F0D5FB0028E7D0494928464B
:105BA00019F0CFFB024658B926212046EFF7E6FB55
:105BB000012879D1A06C002876D000222621E3E7C5
:105BC000A36C002B70D04049284619F0BAFB60B98D
:105BD000A06C0A2103F082FDA06C1EF0EDFA0028F3
:105BE00062D0A06C00222621CEE73849284619F061
:105BF000A8FB0028ECD03649284619F0A2FB20B9B2
:105C0000A06CBDE870401EF054BB3249284619F024
:105C100098FB20B9A06CBDE870401EF046BB2E4931
:105C2000284619F08EFB20B9A06CBDE870401EF02C
:105C3000E4BA2A49284619F084FB064670BBA06CDA
:105C40001EF0B5FA0546A06C1EF0A8FA03782D2BBD
:105C500010D10121A06C03F069FBA06C1EF0CDFAFD
:105C60002B21A06C03F03AFD2946A06CBDE87040E2
:105C700003F05CBB2B2BA06C07D1012103F056FB7A
:105C8000A06C1EF0BAFA2D21EBE7314603F04EFB73
:105C90002D21A06C03F022FD691CE6E7A06C2946CB
:105CA000BDE8704003F092BC70BD00BFC29E03000F
:105CB000B4010020C69E0300CA9E0300CD9E0300CF
:105CC000D19E0300BB9A0300D59E0300DB9E030018
:105CD000309B0300349B0300DF9E0300E39E030020
:105CE00010B501460348EFF7EDFA044608F07DFDD4
:105CF000204610BD145F03002DE9F04FC46A95B033
:105D0000924609912246002106460AF0CDFF0590F1
:105D10002078A8B9059BCAF80400022B09D0032BF0
:105D200002D1304609F019FDCAF8000015B0BDE8EF
:105D3000F08F304609F011FD00EBD0704010F3E712
:105D400030461CF08DF8454B09991B6807462046E4
:105D50009847804630461CF06BF8069030461CF0A1
:105D60006FF8049030461CF073F8079015F01DFF93
:105D700010A90890304609F010FD10A817F0C9FAD4
:105D80000A9010A817F0CAFA089A069B0B9003EB2A
:105D900042030C93069B00251344AB460D93635DB1
:105DA0006019002B34D1A946B8F1000F0FD004EBD5
:105DB000080313F8013C0A2B01D00D2B07D114F86E
:105DC000083023B9069B089A13449B4445462C444B
:105DD000049B079A0097A8EB0501204618F040FFA6
:105DE000099B059903979D421CBF049BC01810ABEB
:105DF0000293049B0193079B0F9000932246A9EB0B
:105E000005030FA81BF098FF0F9BCAE9003B8DE725
:105E10000C9B0B9A5B449A4208DA96F85C3003F0CC
:105E20000F03012B04BF47F00407FFB200230193C7
:105E30000A9B0093079A049B02974FF0FF31F9F7F2
:105E400043FE05EB0009C845AED314F80930002B1A
:105E5000AAD00D9B4D469B44A1E700BF605A0300AA
:105E60002DE9F04F97B00B6807930C4612220021E2
:105E700005460AF0E8FD10220690129000212846FF
:105E800064680AF0E0FD12A9231A129028460893CC
:105E900009F083FC12A8D5F82C9017F03AFA099073
:105EA00012A817F03BFA0A9028461BF0D1FF824651
:105EB00028461BF0BDFF044628461BF0C1FF049096
:105EC000504615F072FE804628461BF0C9FF04EBD1
:105ED000080307460B93002619F8063009EB060B5A
:105EE0000BB934462CE00B9B43440593059A0A9B5F
:105EF000934208DA95F85C3003F00F03012B04BFDE
:105F000047F00407FFB200230193099B0093029717
:105F1000049B52464FF0FF315846F9F7D5FD089BD8
:105F2000434506EB00045EDC334B11941B6811A95A
:105F3000484698470A2803D019F8043003B90134B9
:105F40004FF00008EA6ACDF83880414628460AF04A
:105F5000ABFE12AB0293049B0397CDE900A301466D
:105F6000A31B5A460EA81BF0E7FE8DF83780CDF82C
:105F70003C805CB3DDE9062307F008079D1A0F9B00
:105F80003344A34222D20FAB11AA10A9584618F0ED
:105F900056FE47B10F9B0DF137001BF8031018F0A8
:105FA000DBFD0028EBD1DDE91012504615F0CAFDEB
:105FB0000E9B1844854207DB0F9B9A19A24203D01F
:105FC00009EB0802925D92B9CDF83C800B4B0F991A
:105FD0001D685846A847314604464846A84720440D
:105FE00017B0BDE8F08FDDF81480264674E7049AF8
:105FF00010440E909846C2E7645A03005C5A0300AE
:106000002DE9F047C36AA4B00446002B00F00981D3
:106010004FF0FF33836390F85C3043F0800380F8E7
:106020005C3008A909F0B9FB08A817F072F981469D
:1060300020461BF00DFF064620461BF0F9FE0746E2
:1060400020461BF0FDFE054620461BF009FF824658
:1060500020461BF0BCFECDE9019A0DF1180800970F
:106060003246E16A2B46404618F037FE98E80300B6
:1060700004F1600383E80300204609F0B1FB94F8C3
:106080005C2002F00F02022A40F0E280662200212A
:1060900020460AF0D8FC67220C90074600212046D3
:1060A0000AF0D1FC05460C9038B942F210724FF458
:1060B0009671282016F0D3FC05460CA8F9F76AF96A
:1060C00021460CA816F00FFD4FF0FF310CA816F07A
:1060D00025FD4FF496710CA816F01EFD1A990CA818
:1060E00016F01EFD08A8DDF8188017F012F980459B
:1060F00055DD08A817F00DF9069BA0EB03084246F2
:1061000000210CA816F0F8FC9A490CA816F0EDFC3A
:1061100098492046F9F77CF900283DD090F85C605A
:10612000D0F83490C6F3400642460021284616F0C7
:106130000DFD4845A8BF4846804619904EB19DF8D0
:106140008C30179A43F002038DF88C30159B17930F
:10615000159229460CA816F0CAFC29460CA816F080
:10616000D9FC3FB194F85C20394602F00F020CA82C
:106170001BF00EFE0CA8F9F759FAB8F1000FBCBFDE
:106180000023636508A817F0C9F87B492046F9F792
:106190001BF90023A36541E006468146C4E7754923
:1061A00020464FF00009F9F70FF9C4F8549008A8F9
:1061B000DDF81C8017F0B2F88045E6DD08A817F07E
:1061C000ADF8079BA0EB0308304615F0EEFC4946FE
:1061D000A8EB00020CA816F08FFC67490CA816F07B
:1061E00084FC65492046F9F713F9189BE0B903EAE6
:1061F000E373199329460CA816F079FC29460CA8DC
:1062000016F088FC3FB194F85C20394602F00F028A
:106210000CA81BF0BDFD0CA8F9F708FA204609F000
:1062200061FC24B0BDE8F08790F85C20416B994296
:10623000D4BF199119939307DCD59DF88C30179A28
:1062400043F002038DF88C30159B17931592D1E71C
:10625000032A40F093806622002120460AF0F3FBD7
:1062600067220C900746002120460AF0ECFB054609
:106270000C9038B942F210724FF49671282016F043
:10628000EEFB05460CA8F9F785F821460CA816F098
:106290002AFC4FF0FF310CA816F040FC08A8DDF8EE
:1062A000188017F036F8804530DD20221146304640
:1062B00015F048FC069AA0EB8000821A00210CA879
:1062C00016F01AFC2B490CA816F00FFC29460CA856
:1062D00016F00DFC27492046F9F79AF8064600B15A
:1062E000466B179A1599284616F030FCB042C8BF85
:1062F00019963FB194F85C20394602F00F020CA8C1
:106300001BF046FD0CA8F9F791F93BE71949204627
:106310004FF00009F9F758F8C4F8549008A8DDF8D0
:106320001C8016F0FBFF80457FF72FAF079A3046A1
:10633000C2F1000815F039FC4946A8EB00020CA890
:1063400016F0DAFB0C490CA816F0CFFB29460CA876
:1063500016F0CDFB08492046F9F75AF8034600B17C
:10636000436B002F7FF44FAF189A9A42C8BF19931E
:1063700051E700BF1B1D0300151D0300012A7FF418
:106380004DAF08A8DDF81C8016F0C8FF80457FF7E8
:1063900045AF3046DDF81C8015F007FC80457FF7DF
:1063A0003DAF264BE06A1B68984703287FF636AF5F
:1063B00008A816F0AEFF2E2211468046304615F092
:1063C000C1FB4319A3EB8303434408A80C9316F0C5
:1063D000A5FF0546304615F0E8FB384495FBF0F87C
:1063E00000FB1858304615F0E0FB8045A5EB08058A
:1063F0001DDB304615F0D9FB054400220CA92046D0
:106400000D95FFF72DFD0646E06A18F072FF0C4B64
:1064100031461B680B4E0546E06A98470590059982
:10642000CB1C9D4205D320461BF0E7FCF6E6ED1B96
:10643000E3E73368E06A05A99847F0E7585A030094
:10644000605A0300645A030038B505460C461149EA
:10645000F8F7BAFF10492846F8F7B6FF002205F111
:106460005400114616F069FFA31E022B8CBF0023B7
:10647000012304F00F0444EA831495F85C3023F000
:106480004F031C4385F85C402846BDE83840FFF7C1
:10649000B7BD00BF1B1D0300151D030070B591F8AB
:1064A0005C300C4600254FF0FF3623F03F032A46B0
:1064B000CD624E6381F85C3004F15400294616F039
:1064C0003CFF4FF6FF73C4E911332046C4E90F5572
:1064D000A663022107F0A3FE29462046FFF7B4FF7A
:1064E00020460249BDE870401BF0EBBC619F0300F1
:1064F0002DE9F04F5348ADB00E4608F0D7FE012805
:1065000040F09380304617F05CFA0546304617F0AD
:1065100054FAA5F13103012B044604D82DB0BDE88F
:10652000F04FFFF76DBD1B2D0DD11BF091FC15F049
:106530003CFB011EB8BF0331891030462DB0BDE8C9
:10654000F04F08F0FABE342D7ED190F95C30002B6C
:106550005CDA1BF07DFC804620461BF071FC814616
:1065600020461BF065FC94F85C30C3F340175A06D4
:1065700082464FEAC7074FF001024FF00001204664
:1065800048BF47F001070AF05EFA6FF040439842B7
:10659000119003D194F82B301B0749D5204609F000
:1065A000DCF805460522002120460AF04CFA854217
:1065B000119006DB0522002120460AF044FA054628
:1065C00011902046D4F834B01BF001FCCDE90157FE
:1065D000CDF800A04B464246E16A04F14C0018F0A9
:1065E0007CFB594620461BF008FC07220021204670
:1065F000256D0AF028FA854211901CDA206D94F876
:106600005C3020656FF3C71384F85C30304617F0B8
:10661000DCF9E36C02689A42ACBF02600360236D50
:1066200042689A42ACBF426043602DB0BDE8F08F33
:106630006FF06045B6E70722002120460AF003FA12
:106640001190DCE7145F03001D2DEED1304617F0EA
:10665000B4F90446304608F050FE05A980462046AD
:1066600009F09BF820461BF0FBFB054611A8F2F74A
:1066700069FBE36A189394F85C309DF8A020C3F39B
:10668000001363F341028DF8A020636D1F93A36D87
:106690002093D4E9180119AB83E8030094F85C3027
:1066A00003F00F03032B08D005A816F037FEB0F552
:1066B000806FA4BF04F1380329939DF89F30CDF873
:1066C000548065F3C70311AA002120468DF89F303E
:1066D00008F0AAFB9DF89D3013B901238DF89D3079
:1066E000616C22914FF6FF73A26C2392994226D0DF
:1066F0009A4224D058224FF4802120460AF0A3F970
:106700004FF480210246049020460AF0D0F91C2262
:10671000C0F307430D90ADF890004FF48021204660
:106720008DF892300AF08FF9C0F30722C0F30743C7
:106730000D908DF893008DF894208DF8953061229E
:10674000002120460AF07FF9C0F30722C0F3074377
:106750000D908DF8A9008DF8AA2000216022204616
:106760008DF8AB300AF06FF95F220D908DF8A8001C
:10677000002120460AF067F92B9094F85C300D90C8
:1067800003F00E03022B0DD19DF89D30023B012B2F
:1067900008D805A8256E16F0BCFD8542C4BF0123AC
:1067A0008DF89D3008F1180509AF2A4605A938462D
:1067B00016F051FA00283FF438AF94F85C1011F04D
:1067C0000F0609D1204609F0CEFB3146424205A80A
:1067D00016F034FA236A089394F85C3003F00E0242
:1067E000022A0DAE03D003F00F03042B4FD195E81E
:1067F0000F0086E80F0097E80F0085E80F0005AA54
:1068000011A940460BF08FFE96E80F0085E80F00B7
:1068100095E80F0086E80F0097E80F0085E80F0065
:1068200094F85C3003F00F03032B2BD105A8D4E9B7
:10683000189716F06EFD814511DD636D1B982022BF
:106840001146994415F07EF900EB400048441F9032
:10685000A36D209305AA11A940460BF064FE05A87C
:1068600016F05CFD87420DDD636D1F93A36D1B98D1
:106870001F4415F09AF905AA074411A9404620972C
:106880000BF051FE96E80F0085E80F00CDE605AA53
:1068900011A940460BF047FEBAE700BFF8B590F8E3
:1068A0005C30DB0604460D46174622D409F01AF97F
:1068B000E06A18F01EFD0646384618F01AFD311839
:1068C0000131E06AF9F7C2FDE06290B14FF6FF7363
:1068D0009D4203D1074B1B6898470546E06A29464D
:1068E0003A4618F052F920460021BDE8F8401BF066
:1068F000E8BAF8BD585A030070B50846A8B00D466E
:1069000017F05FF8A0F11D03012B06460ED90648CB
:10691000294608F0CBFC012840F0D981284628B050
:10692000BDE8704017F049B8385F0300284617F0FB
:1069300044F81D2E044640F0CA81284608F0DDFCCC
:1069400005460CA8F2F7E8FD00210CAA2046109598
:1069500008F02CF816F006FEC0F307239DF852202D
:106960008DF800008DF80130C0F307409DF85130DC
:106970008DF802009DF8530043EA022343EA0040E9
:1069800016F0FDFE00990246E06A16F08DFEC0F397
:1069900007238DF85100C0F307408DF852308DF871
:1069A000530016F0DFFDC0F307238DF80400C0F399
:1069B00007408DF8060015988DF8053016F0DFFEBB
:1069C00001990246E06A16F06FFEC0F307238DF8C6
:1069D0005400C0F307408DF855308DF8560016F07E
:1069E000C1FDC0F307239DF85A208DF808008DF8EB
:1069F0000930C0F307409DF859308DF80A009DF822
:106A00005B0043EA022343EA004016F0B8FE029915
:106A10000246E06A16F048FEC0F307238DF85900DD
:106A2000C0F307408DF85A308DF85B0016F09AFDE0
:106A3000C0F307239DF88A208DF80C008DF80D30E7
:106A4000C0F307409DF889308DF80E009DF88B004B
:106A500043EA022343EA004016F091FE03990246FE
:106A6000E06A16F021FEC0F307238DF88900C0F319
:106A700007408DF88A308DF88B0016F073FDC0F357
:106A800007238DF81000C0F307408DF811308DF802
:106A90001200BDF86E309DF8700043EA004016F019
:106AA0006EFE04990246E06A16F0FEFDC0F307236D
:106AB0008DF86E00C0F307408DF86F308DF87000D0
:106AC00016F050FDC0F307238DF81400C0F3074003
:106AD0008DF815308DF81600BDF87A309DF87C00E1
:106AE00043EA004016F04BFE05990246E06A16F0B4
:106AF000DBFDC0F307238DF87A00C0F307408DF863
:106B00007B308DF87C0016F02DFDC0F307239DF837
:106B100052208DF818008DF81930C0F307409DF809
:106B200051308DF81A009DF85300069943EA02236C
:106B300043EA004094F82F2016F0B6FDC0F3072377
:106B40008DF85100C0F307408DF852308DF8530096
:106B500016F008FDC0F307238DF81C00C0F30740B2
:106B60008DF81D308DF81E0094F82F200799159888
:106B700016F09AFDC0F307238DF85400C0F30740C8
:106B80008DF855308DF8560016F0ECFCC0F3072355
:106B90009DF85A208DF820008DF82130C0F3074071
:106BA0009DF859308DF822009DF85B00089943EA62
:106BB000022343EA004094F82F2016F075FDC0F33D
:106BC00007238DF85900C0F307408DF85A308DF82F
:106BD0005B0016F0C7FC8DF82400C0F30723C0F358
:106BE00007408DF825308DF82600BDF86E309DF8F1
:106BF000700094F82F20099943EA004016F054FDE4
:106C0000C0F307238DF86E00C0F307408DF86F3096
:106C10008DF8700016F0A6FCC0F307239DF88A20BB
:106C20008DF828008DF82930C0F307409DF8893091
:106C30008DF82A009DF88B000A9943EA022343EA63
:106C4000004094F82F2016F02FFDC0F307238DF895
:106C50008900C0F307408DF88A308DF88B0016F05C
:106C600081FC8DF82C00C0F30723C0F307408DF89A
:106C70002D308DF82E00BDF87A309DF87C0094F808
:106C80002F200B9943EA004016F00EFD8DF87A0094
:106C9000C0F30723C0F307408DF87C008DF87B30EC
:106CA00094F82F30239A2699503B5343AF2293FBFD
:106CB000F2F3239394F82F30503B4B43284693FB39
:106CC000F2F30CA904F1140226930BF003FD28B093
:106CD00070BD00BF2DE9F04F644897B00D4608F035
:106CE000E5FA012816D1284616F06BFE064628461E
:106CF00016F063FE1B2E04460FD14822002109F036
:106D0000A2FE04460690284616F05FFE0368A342E2
:106D100000DA046017B0BDE8F08F342E34D1036B75
:106D2000002BF7D0C36A002BF4D0284616F04DFE96
:106D30000023276B1A4619466FF06046BB4202D10A
:106D4000C0E90012E6E7E56A05EBC30C55F83350DD
:106D500005F0C04EBEF1005F03D125F0C04EB64530
:106D600002D1A942B8BF2946DCF8045005F0C04C56
:106D7000BCF1005F03D125F0C04CB44502D1AA425A
:106D8000B8BF2A460133D9E71D2EC3D1284608F0E3
:106D9000B4FA236B8146002BBCD0E36A002BB9D038
:106DA00002A9204608F091FC2046029D09F0D1F886
:106DB000A5EB000A2046039D09F0D0F8A5EB0008DA
:106DC00006A80BF0D8FB06AA00212046CDF8289093
:106DD00008F00CF90027236B013B9F429AD2204612
:106DE00008F0B5FC8346204608F0B4FCE36A009343
:106DF0000546FA0053F837000192594603EBC706DF
:106E00001BF0BFF950440D90706829461BF0B9F98A
:106E1000019A009B0E90064602F108001A18594686
:106E2000185800921BF0ADF9009A50440F90294673
:106E300050681BF0A6F994F83430DB0747BFAE1B4F
:106E40002D1A08EB0005464444BF4644454406A9B4
:106E500048460E9610950BF0A8FB9DF855306FF341
:106E6000000301378DF85530B5E700BF5C5F0300C4
:106E70002DE9F0410C462046012108F00DFC20468A
:106E8000002115F039FA94F86A30414F23F01F03BE
:106E9000002584F86A30042104F15C00A4F86850ED
:106EA00016F03FFF2046EEF7FFF90121E06207F000
:106EB00002FC2146C4E9135565646565A56435483F
:106EC000EEF700FA064607F090FC3946304608F027
:106ED000AAFB3046012115F033FA3046012115F0A6
:106EE0000BFA30464FF4804107F0E5FB30460221B3
:106EF00007F095F9314626632748EEF7E3F9064691
:106F000007F073FC6FF040423946304608F0A2FBB0
:106F10002946304615F0F0F902231A462946304634
:106F200015F0F6F93046022107F079F94FF4804167
:106F3000304607F0C0FBA6633046FCF71BFC234637
:106F40000A220646154908F0C7F930464FF4804139
:106F500007F0B1FB2946304615F0CEF9E66330461E
:106F6000FEF7B8FA0E491AF021FEA06BFEF7B8FE44
:106F70000121064607F09FFB26646563A56523464D
:106F800020460849BDE8F041232208F0A5B900BF1A
:106F90006400002034600300106003002B24030011
:106FA000309B03001D2203002DE9F04F9BB00646E5
:106FB00001911BF08BFA054600285AD01AF07FFF8A
:106FC00000210246284609F06FFE022854D003280B
:106FD0005ED00021284608F0D6FA002130461BF08A
:106FE0006EFA804630461BF074FA8146404614F033
:106FF000DCFD8346304608F0C0FB672207460021CF
:10700000304609F020FD019B029080464FEAD77A76
:107010004FEADB74D944002B43D0002841D05C44B4
:10702000336BBA446410C4EB6A0403FB194402A82E
:10703000F8F7B0F9294602A815F055FD264902A82F
:1070400015F053FD284608F05CFB2246014602A8D5
:1070500015F052FD414602A815F049FD1F4902A84E
:1070600015F054FD02A81E4915F04CFD02A8F8F7D2
:10707000DDFA1BB0BDE8F08F304608F06EFB044629
:10708000284608F064FB231A03EBD3735910A1E7D9
:10709000304608F062FB0446284608F058FB211AE7
:1070A00098E730465C441BF053FABA44336B6410E3
:1070B000C4EB6A0403FB1944019B13B1B8F1000F40
:1070C000B5D105492846F8F77FF9214628461BB077
:1070D000BDE8F04F08F06EBABB240300CD250300D5
:1070E000A1CA02002DE9F0430846B1B00C4616F0E3
:1070F00068FC1D2805467ED1204616F05EFC204621
:1071000016F05BFC05460AF025FA0646204608F014
:10711000F4F8814615A8F1F715FE304615AA0021AE
:10712000CDF8649007F080FE28461BF012F8002886
:1071300040F08D8009F1180494E80F0001AF0DF1C3
:10714000140887E80F0006F114022146404615F0A6
:1071500082FD002878D098E80F0084E80F003046C0
:1071600009A91BF0BEF96B690D93AB690E930DAEC7
:10717000EB690F9332460A9B10932146304615F077
:107180006AFDB8B194E80F000DF1440888E80F00DB
:1071900096E80F0084E80F0028461AF090FE05F1EB
:1071A00014021C9015A948460BF0BDF998E80F0091
:1071B00084E80F006B690D930C9B0E93EB690F93A2
:1071C00032462B6A10932146304615F044FD68B1D3
:1071D00096E80F0084E80F0028461AF070FE05F1CB
:1071E00014021C9015A948460BF09DF997E80F0072
:1071F00084E80F0028E01948214608F057F80128D4
:1072000022D1204616F0D9FB1B2D064609D0312D80
:107210001AD10AF09FF9002131B0BDE8F043FFF721
:10722000C3BE204616F0D1FB054630460AF092F95F
:107230001BF0FBFA0446304608F089FA2B68241A42
:10724000A342ACBF2B602C6031B0BDE8F0839DF849
:10725000AF3043F040038DF8AF306BE72C62030092
:1072600038B591F83C300C466FF30103002581F8E6
:107270003C30C1E90B554D632046102106F0CFFF8D
:1072800020464FF4007106F0CAFF21460548EEF78C
:1072900019F807F0AAFA2A4620460349BDE8384003
:1072A0001BF0EABA2C62030067A003002DE9F04F3F
:1072B000BF4885B00E4607F0F9FF012811D13046CE
:1072C00016F07FFB0546304616F077FB342D04465A
:1072D0000AD1304616F079FB054620461BF0A5FA88
:1072E000286005B0BDE8F08F202D47D8002DF8D0DC
:1072F000013D1F2DF5D801A353F825F0AB73010014
:10730000E173010027740100E3720100E3720100E0
:10731000E3720100E3720100E3720100E372010015
:10732000CD73010027740100E3720100E3720100D4
:10733000E3720100E3720100E3720100BD75010018
:107340000776010077750100AB750100E37201005B
:10735000E3720100E3720100E3720100E3720100D5
:10736000E37201002F760100E37201003D76010017
:10737000E3720100E37201003D760100312D0ED071
:10738000322DAED11BF0A2F818B100222946EDF73C
:10739000F5FF204608F024FA0021204600E00021F5
:1073A00005B0BDE8F04FFFF7FFBDC36A012B98D9C8
:1073B00090F83C306FF3820380F83C301BF086F885
:1073C0007C4905B0BDE8F04FF7F7FEBF90F83C30C0
:1073D0005B0786D5304605B0BDE8F04F16F0F9BA28
:1073E000C36A012B7FF67DAFF4F788FC02A914F085
:1073F00048FC02A920461BF0CAF9039B002B3FF46E
:1074000070AF20461BF062F8054608F098F9039922
:107410000144284608F0CEF894F83C3043F00403C9
:1074200084F83C305DE7C36A012B7FF65AAF1BF04E
:107430004DF8064600283FF454AFF4F75FFC804651
:1074400014F0E5FB04280DD1236B6363204606F09E
:107450004EFF054606F004FC40B10021284606F028
:107460009AFB03E0022801D1236B6363404614F0CA
:10747000CEFB012802AF37D194F83C5015F004053B
:107480003FD0002120461BF01AF8054620461BF08D
:1074900020F88146284614F088FBA569236A8144B8
:1074A000D8E918015B1B87E8030003EBD373394667
:1074B000204605EB63051BF06AF998F82510039B3D
:1074C0000022C1F164016420002B4FD1B3691A443A
:1074D000E36AAD1A95FBF9F525EAE5759D42A8BF6B
:1074E00003F1FF352DB229E0404614F090FB03284C
:1074F000C2D0236B02933A4623212046EDF73EFF8C
:10750000EFE64046394614F095FBB269039BDFF87D
:10751000A8B09B1A03937269029B39469B1A3046A6
:1075200001220293FEF79CFC804630461AF0C7FC0D
:10753000AA4606460195A946D04507D1002DD8DBBD
:107540000122294620461BF01EFAD2E7DBF8003064
:1075500001A9304698470A2803D1C8451CBF6B1CB7
:107560001DB2DDF804900AF1010AE5E71A444B4325
:1075700093FBF0F3A8E706F0BAFE0546F4F7BEFB6E
:1075800014F045FB04280DD1284606F069FB226B58
:1075900008B16263A5E6636B9A423FF4A2AE23632F
:1075A0000121FAE6236B63639BE6D0E90C23F3E742
:1075B00050620300BB240300685A0300C36A012B16
:1075C0007FF68FAE304607F0A0FEA0F11203012B2C
:1075D00008D8216BE36A01319942BFF482AE656B32
:1075E00001220BE0142802D011287FF47AAE216B1F
:1075F00000293FF476AE656B0122013920461BF06D
:10760000C2F965636DE6C36A012B7FF66AAE304648
:1076100007F087FED4E90B13013918448142A8BF53
:10762000014621EAE17199423FF45BAED7E71AF0D7
:107630004DFF05B0BDE8F04F07F010BE304605B075
:10764000BDE8F04F1AF0CABF2DE9F04F85B0B0F891
:107650004870036C0293C7F30E07436CDFF89890F1
:1076600003930646002507F1FF3BBD4202D305B058
:10767000BDE8F08FB36C19EA030408D0C3F3CE332E
:10768000B5FBF3F403FB1454B4FA84F46409039BCC
:1076900000935A46029B0021284616F032FD06F15F
:1076A0002C0A8046504616F0E7FB014608B9013522
:1076B000DBE7CB6843451ADC0B69434517DB4B69B5
:1076C000FF2B01BF91F834304D6164F3000381F862
:1076D00034308B69FF2B07D191F834308D6164F31E
:1076E000410381F8343002E04B69AB42F4D150469B
:1076F00016F0C9FBD9E700BF0080FF3F10B50C466C
:1077000004F12C00382116F00CFB012384F83C30E6
:1077100064220023C4E910320B4AA26494F84C207E
:10772000236663F3000284F84C204FF487718722AC
:10773000C4E91412C4E91633A36320461021BDE83E
:10774000104006F06CBD00BF0B8002402DE9F04FE9
:10775000B0F84890C9F30E09B9F1010FA7B004467B
:107760006DD990F83C30102B69D0082B67D006A853
:107770000AF001FF06AA4FF40031204607F036FC5C
:1077800016A80AF0F8FE16AA4FF4A021204607F02A
:107790002DFC0027A36C684A12EA030608D0C3F345
:1077A000CE33B7FBF3F603FB1676B6FA86F6760908
:1077B000636C0093236C09F1FF320021384616F008
:1077C000A0FC04F12C0A80465046354616F054FBC6
:1077D000834680B1DBF80C30434539DCDBF81030F0
:1077E000434535DB76B3DBF804204FF4003306A9BC
:1077F00020461BF0F3F904AB00932A4602AB39464E
:1078000020461BF048FCB4F84820129B2299C2F392
:107810000E02002E08BF0B46BA422AD02FB994F8A8
:107820003C20082A01D0102A2FD1504616F024FB04
:107830005FFA87FB054675BB0137B945AAD827B063
:10784000BDE8F08FDBF808204FF4A02316A9CFE79E
:1078500006AA20464FF4003107F0C8FB204616AABE
:107860004FF4A02107F0C2FB5946504616F00BFB1F
:10787000AEE794F83C20082AD7D0102AD5D0022AA7
:1078800001D0042A05D1E365CFE7022A01D0042AFA
:10789000F9D12366C9E7EB6898450BDB2B6998455E
:1078A00008DC002E3ED06A684FF4003306A920465B
:1078B0001BF094F96B695B4515D195F83430DDE91F
:1078C0000201DB074CBF129B229B05F1240282E8D8
:1078D0000300D80706D594F83C20022A01D0042AD8
:1078E00025D10133EB61AB695B4515D195F8343097
:1078F000990702A903C94CBF129B229B05F12C02D8
:1079000082E80300DA0706D594F83C20022A01D069
:10791000042A0ED1013B2B622946504616F0B3FAD9
:10792000054688E7AA684FF4A02316A9BFE7013BE4
:10793000D8E70133EFE700BF0080FF3F2DE9F04FAC
:107940000446ADF5037D0846059107F0D6FCB4F872
:107950004830C3F30E03012B06463DD94CA8F1F77E
:10796000F1F94CAA4FF400312046509607F05CFA2A
:107970001CA80AF000FE1CAA4FF4003120462096F5
:1079800007F034FB94F83C30102B01D0082B05D1C4
:107990009DF8AD306FF382038DF8AD302CA80AF05E
:1079A000EAFD2CAA4FF4A0212046309607F01EFBDA
:1079B0003CA80AF0E0FD3CAA00212046409607F0D2
:1079C00015FBB4F848304FF0000AC3F30E030493DC
:1079D0005546049B9D4203DB0DF5037DBDE8F08F0A
:1079E000A36CA94A12EA03090CD0C3F3CE33B5FB4A
:1079F000F3F203FB1253002B40F095800AF1010AC9
:107A00004FF00109636C049A0093236C013A002142
:107A1000284616F076FB04F12C0BCDE94E5080463B
:107A20005846509616F028FA0746002842D0FB68C0
:107A3000434500F3C3803B694345C0F2BF80B9F1C1
:107A4000000F00F0B680D7F804B0BBF1000F00F0D3
:107A50008A8017AA5821584616F0BDFD012865D125
:107A6000179BADF85C311B0C17AA592158468DF8AD
:107A70005E3116F0B0FD012864D19DF85C008DF8F0
:107A8000880117AA5B21584616F0A5FD012862D18E
:107A90001798599017AA5A21584616F09CFD0128AC
:107AA0007FD1179856907A684FF400331CA920466E
:107AB0001BF094F80DF1340B0BABCDF800B04A4637
:107AC000294620461BF0E7FA94F84B305F0640F158
:107AD000BE81B9F1000F00F0BE81059807F00DFCE2
:107AE00017AF4FF0000902901022C7F800904946E6
:107AF00018A81DF041F8A26B002A00F0B980A16D12
:107B00001FFA8AF38B4270DC03F18043013B52F889
:107B10002330002B69D053939DF88C3169F3000317
:107B20008DF88C3163E04FF000096BE758224FF479
:107B30000031204608F087FF6790C0F30743ADF897
:107B40005C0191E759224FF40031204608F07BFF99
:107B50006790C0B293E75B224FF40031204608F0F3
:107B600072FF679095E758224FF40031204608F0E5
:107B70006AFF5922C0F307436790ADF85C014FF4E8
:107B8000003120468DF85E3108F05DFF5B22679082
:107B90008DF888014FF40031204608F054FF6790BB
:107BA00059905A224FF40031204608F04CFF67905C
:107BB00078E7BA684FF4A0232CA978E74CAA2046AE
:107BC0004FF4003107F030F91CAA20464FF4003181
:107BD00007F00CFA20462CAA4FF4A02107F006FA71
:107BE0003946584616F04FF91EE7002353936C228E
:107BF0004FF40031204608F026FF6D2267904FF4C5
:107C000000310746204608F01EFF7022039067905F
:107C10004FF40031204608F016FF94F83C3067908E
:107C2000022B814600F0AE80082B33D030D8012BD8
:107C300040F2A880042B00F0A58008AF0BA93846BD
:107C400015F076FB97E8030023AB83E803000DA94A
:107C5000384615F06DFB97E80300CDE91E5825ABBB
:107C600083E803001CA930460AF09FFC0135B0E60A
:107C70004346064A14213846F8F7A2FB9DF88C319A
:107C8000539743F001034BE70080FF3F0C9B030039
:107C9000102BD2D177224FF40031204608F0D3FECA
:107CA0000E22069067904FF40031204608F0CBFE7C
:107CB00067A9679000F10F0B204607F06EFD67A8DB
:107CC00015F027FB079067A815F028FB079A00EB33
:107CD000D070431002EBD272B3EB620F67A840F38F
:107CE000968015F016FB679A00EBD07043101A448B
:107CF0000F92689A07931A4410924FF400310322AE
:107D0000204608F0A0FE216DB4F84820069B139091
:107D10004FF00A0C6943C2F30E02013A0CFB01F169
:107D2000B1FBF2F1626D0CFB03110CFB021194F834
:107D30003C20079B082A6DD1181A599B5B44C01A36
:107D40000F9A17440744109A03981197024419F4A4
:107D5000801F0FAB1292C9F3120703D019F4002F42
:107D60000F4462D10022CDE900324FF480731A46ED
:107D700011A815F0C0FA13AB11AA4CA920461AF0AD
:107D80008FFE10E0DBF80030039A3B446793DBF88A
:107D900004301344689367AA13AB4CA920461AF029
:107DA0007FFEC9F31207002F13AA4BDD10210298A2
:107DB0000AF075FA13AA4CA903900AF0B4FB13A8B1
:107DC00015F0A7FA814613A815F0A8FA834667A80C
:107DD000F0F7FAFD039B6E9309EBD9735B100BEB85
:107DE000DB7B7893029873974FEA6B0313AA67A91A
:107DF0007993F0F777FE9DF88C31DA077FF51DAFA8
:107E0000002262F3000353928DF88C3115E715F0D0
:107E100085FA68E7102A01BF599A1B185A44D018EE
:107E200018BF00208CE7A7F56167B7F5616FFADC32
:107E30006FF46170381840F2DA52904298BF07F53B
:107E4000E1678FE702984CA90AF06DFBD3E7B9F11F
:107E5000000F7FF4F2AE08AF0BA9384615F068FAB0
:107E600097E8030033AB83E803005946384615F022
:107E70005FFA97E8030035AB83E80300CDE92E589D
:107E80002CA9F0E670B51F480D4607F00FFA01283F
:107E900026D1284615F095FD0646284615F08DFD9D
:107EA0001D2E044616D190F94B30002B18DBFFF73E
:107EB000CBFB2046FFF74AFC94F84C30DB07294601
:107EC00020460ED51AF0E4FE29462046BDE8704053
:107ED000FFF734BD202E0CD190F94B30002BE6DBA0
:107EE00070BDFFF72BFD29462046BDE870401AF013
:107EF000CFBE1B2EF4D128466421BDE8704007F0A8
:107F00001CBA00BF746203002DE9F04FC54887B06A
:107F10000E4607F0CBF9012846D1304615F051FD49
:107F20000546304615F049FD04461BF0C1FA162DF2
:107F300007463CD1304615F048FDA568804605B19E
:107F4000AD6AD4F884300293D4F888300393D4F81F
:107F50008C300493D4F8903005932A46294602A821
:107F600014F05FFED8F80010002202A814F0AFFE53
:107F7000064688F80400B8B9022F15D1636F029342
:107F8000A36F0393E36F0493D4F8803005932A46DC
:107F9000294602A814F045FED8F80010324602A87F
:107FA00014F095FE88F8040007B0BDE8F08F1D2D91
:107FB00040D8102D1ED8013D0A2DF5D80A2DF3D832
:107FC00001A353F825F000BF638001008180010008
:107FD0008F800100A97F0100A97F0100A97F010016
:107FE000A97F0100A97F0100A97F0100A97F0100ED
:107FF0008F800100113D0C2DD6D801A353F825F038
:10800000298201008D82010025810100A97F0100E4
:10801000A97F0100A97F0100A97F0100A97F0100BC
:10802000A97F0100A97F010051810100A97F010002
:10803000B3820100312DB7D120461BF0C4F90028CE
:108040007ED04FF40071204606F035FB4FF480716E
:10805000204606F0E4F8204607B0BDE8F04F07F0F0
:10806000FDB804F19405F3F749FE294613F0E2FD4B
:1080700003222946204607B0BDE8F04F07F039BC7F
:108080000121204607B0BDE8F04F1BF01BBA0021CC
:1080900020461BF017FA94F8A03000266FF3000377
:1080A00084F8A0302046C4F89C6007F01BFD2046F1
:1080B00006F01DF9054605F0D3FD0746F3F71EFE51
:1080C00013F0A5FD04281BD1002F3FF46DAF20460F
:1080D0001BF0EEF902280CD194F8A030980704D4D4
:1080E00043F0020384F8A0305EE766F3410384F8AE
:1080F000A0303146284607B0BDE8F04F05F04BBD33
:1081000001287FF451AF20461BF05DF938B14FF4E0
:108110000071204607B0BDE8F04F06F0CCBA4FF42E
:108120008071F6E7F3F7EAFD13F071FD042802D041
:1081300002287FF439AF94F8A0306FF34103D1E700
:108140004FF48071204606F0B6FA4FF400717FE7D5
:1081500012224FF44031204608F075FC13220290A1
:108160004FF440318246204608F06DFC1022029008
:108170004FF440310746204608F065FC112202907A
:108180004FF440318146204608F05DFC6A2202909F
:108190004FF440318046204608F055FC6B220546DE
:1081A0004FF440310290204608F04DFCCDE901002B
:1081B000204607F0CCFA4FEA450B00EB4505204678
:1081C00007F0C8FA019A00EB420085424FEA4203E9
:1081D0001FDA204607F0BBFA83444FEA6B0357458A
:1081E000B8BF57464F45B8BF4F464745ACBFDB19F0
:1081F00043444FF4403120469D1C06F0C3FF054424
:10820000304615F0E2FB0368AB42ACBF036005608B
:10821000CAE62046019307F09DFA019B03445B10D8
:10822000DDE700BF98620300304607F06EF820F0EB
:108230000203112B13D194F8A0309907204633D4B0
:1082400017F00DFD01228118204617F0A0FC002236
:108250002321204607B0BDE8F04FEDF78FB8142872
:1082600002D012287FF4A0AE94F8A0309A072046DE
:1082700004D417F0F4FC0122411EE5E717F0F5FCE9
:108280000122411E204617F0CBFCE0E7304607F004
:1082900048F894F8A0309B070546204604D417F010
:1082A000DEFC01222918CFE717F0DFFC012281183C
:1082B000E8E7304607B0BDE8F04F1BF06DBA00BFED
:1082C00008B540F20470F8F79DF8024BC3F8CC01F2
:1082D00008BD00BF944800202DE9F04304468BB050
:1082E00000260E22314606A805961CF045FCE26FDA
:1082F000636FB24241DAB342B4BF2D222B228DF814
:1083000014200DF11505002B01AF2F4AB8BF5B42B9
:108310000E213846F8F754F8384616F0EAFF94F87C
:10832000849009F00F09B9EB0002C84628D194F8EF
:1083300084200F2A01D94FEA1218384600239845A5
:1083400002DD10F8011B51BB0F2A2CD805A92046CD
:1083500001F03CFA94F88410D4F8803001F00F0159
:108360000A22092B2BDC414588BF0131891B20469D
:1083700000F0DCFF0BB0BDE8F083012605ADC2E7DD
:108380003B18002806DA22EAE272302138461CF057
:10839000F3FBCCE7197899540138013BF1E705F874
:1083A000011B0133CBE72E2205F8012B9945CDDDCA
:1083B000FA5C002ACAD005F8012B0133F6E701392F
:1083C00093FBF2F3CDE700BF0C9B030038B5114BD4
:1083D0000022C1E91D23104B0125C1E91F35B1F869
:1083E000843023F4FF6323F0070343F480630C46D7
:1083F00043F00503A1F88430204629461BF098FE7F
:10840000204629461BF08DFE2046BDE83840FFF788
:1084100063BF00BF9F8601006179FEFF70B55648BB
:108420000D4606F043FF012840F0A580284615F0D0
:10843000C8FA0646284615F0C0FA0B2E044676D137
:10844000F3F75CFC13F0E3FB042834D1204605F07D
:108450004EFF05F005FC70B394F8842002F00F0283
:10846000012A40F2888094F88530D4F8805003F0D7
:108470000603042B12D1012D04DD2046BDE8704017
:108480001BF031BA023A0A20002115F022FEC4F88E
:1084900080002046BDE870401BF031BA013A0A2046
:1084A000002115F016FEEB1785428B41F1DB0A2304
:1084B000C4F88030E1E720461BF070FE054616F058
:1084C00018FFE36CEA5C2E2A20D120461BF0F1FE57
:1084D000E26C94F88430B2EB131F03D90F2B88BFE2
:1084E00002F1FF3203F00F03013B9B1AE26F002AF7
:1084F000B8BF0133012200210A20994214D1C4F8E7
:1085000080202046BDE87040FFF7E6BE984204D1C7
:10851000411E204600F00AFFDAE7002BD8D1E36FB6
:10852000002BD5DA0121F4E742430131E5E7112EB2
:1085300021D1F3F7E3FB13F06AFB0646284615F05A
:1085400044FA01681329204605D1042E96D1BDE8CE
:1085500070401BF0E6B9142905D1042E9AD1BDE86C
:1085600070401BF0FEB91129F1D01229F7D0BDE8F7
:10857000704001F0B3B870BDBC62030070B50E4628
:108580009AB0002115460446F6F71EFF02A8F6F73A
:1085900001FF214602A814F0A6FA02A81E4914F011
:1085A000A4FA02A84FF0FF3114F0B8FA314602A83D
:1085B00014F09DFA05F5B472294602A814F09CFA4D
:1085C00002A8F7F733F802A8144914F09BFA4FF405
:1085D0008063009302A8002340F251224FF4D77128
:1085E00014F0A9FA4FF4B47202A8002114F084FA2E
:1085F0000B4902A814F079FA02A8F7F717F84FF41C
:10860000B4722046002117F06DFA4FF487712046AE
:1086100017F074FA1AB070BDA5390300C9CA020078
:10862000A13903002DE9F041534898B00E4606F0F9
:108630003DFE012849D1304615F0C3F904463046C5
:1086400015F0BBF91B2C054648D112224FF44031DE
:1086500008F0F9F91322804600904FF44031284683
:1086600008F0F1F91022044600904FF440312846FA
:1086700008F0E9F91122074600904FF440312846EE
:1086800008F0E1F94445B8BF4446BC42B8BF3C4697
:108690008442B8BF04464FF440310090284606F0AB
:1086A00071FD02340444304615F08FF903689C4292
:1086B000B8BF1C46046006464FF40031284606F059
:1086C00061FD844204DD3068306018B0BDE8F0819F
:1086D0004FF40031284606F055FDF5E7232C42D132
:1086E0006722002108F0AFF90746009098B32846AA
:1086F00005F0F5FDEC6A631C00F0010631D1002E97
:1087000008BF4FF480744FEA062618BF00240021EA
:108710002846F6F759FE6846F6F73CFE29466846B5
:1087200014F0E1F91549684614F0DFF932462146A4
:10873000684614F0E1F91249684614F0E7F9A11B04
:108740000029B8BF494279436846090A14F0CFF9B5
:108750006846F6F76BFF284618B0BDE8F04107F011
:10876000C1B93602D3E71D2CAFD1304618B0BDE8F1
:10877000F0411BF04EB900BF04630300D139030080
:10878000C53903002DE9F04FADF51B7D054615F009
:1087900014F90446284606F0B0FD14AE00F118079F
:1087A00005463A4604F11401304614F054FA002804
:1087B00079D097E80F000DF1600C8CE80F0096E877
:1087C0000F0087E80F0030220021204608F03BF917
:1087D000002104907E9020461BF0FDF911220890A4
:1087E0000021204608F02FF900210D907E902046B0
:1087F0001BF0E3F90021099020461BF0E5F9238DD9
:10880000A26A0B93A74B0A90134043F40023A36280
:1088100062A8F0F781FE62AA4FF4A0212046669577
:1088200006F0C4F82CA8F0F78DFA4FF4A0212CAA7A
:108830002046309506F0F8FA0B9B238594F82A30F1
:10884000089A6FF3C30384F82A30A36920461344BF
:108850005F1E07F083FB049B3F1A1F441F972046AF
:1088600000271C971E9707F074FB27220C903946AF
:10887000204608F0E8F8C3B27E900793BB46236B0E
:10888000BB420BD9A36B53F827201F9B01339918C8
:1088900001391F91F1681D938B4208DD18AB0FCB96
:1088A000183585E80F000DF51B7DBDE8F08F079B9F
:1088B000012B0FD10A99E3695B1A0C99013B5B1AF2
:1088C00004995B1A1C9302EBD27253100E934FF073
:1088D00000094CE0099963690B440C99013B5B1A50
:1088E00004990B441E93EEE74FEA8B030593636BE9
:1088F00003EB8B0253F82B3083B193F800A0079B56
:10890000E16B012B0CD11C9B013B1E9351F82900FC
:108910001B1A01331C9309F101081EE09A46EEE789
:108920001E9B01331C9351F829000344013B1E9305
:10893000F1E752F8043B93B11B78D8070FD507989D
:1089400051F8283001280BBF1C981E98C01A1B181C
:108950000CBF1C901E9308F10108C445E9D1A8EB97
:1089600009031F9A9B4473689A4206DAC146D4F8F9
:108970002CC0CC45B8D8013781E79DF8D1311E987D
:10898000DDF870E0DDF874C0CDF880E003F01F0181
:108990005B07CDE92202CDF884C006910AD5636950
:1089A00009990B447345BFBF739B03EBD373AEEBC5
:1089B00063032093069B99070AD5A36908990B4482
:1089C0006345BFBF739B03EBD373ACEB630321938E
:1089D000069B1B070ED5E3690A995B1A013B83428C
:1089E00008DD739B03EBD37C03F0010303EB6C0303
:1089F00003442293069BD9070ED5236A0D995B1A6F
:108A0000013B9A4208DA739B03EBD37103F0010335
:108A100003EB610313442393636CBB4247D1236C84
:108A20004B4544D1228D02F06003A3F120014B425B
:108A30004B4102F0040002F0080192074FEA431391
:108A400027D543F0020328BB41BB238594F82A3085
:108A500043F0080384F82A307EA8F0F75DFD47A8AC
:108A60008295F0F76FF97EAA4FF4A02120464B952E
:108A700005F09CFF47AA4FF4A021204606F0D4F948
:108A80000B9B238594F82A306FF3C30384F82A30B4
:108A900017E010B143F00403D6E729B143F008030F
:108AA000D3E700BF0000F7FF002B40F09580702255
:108AB00062A97EA816F005FB6C222CA947A816F027
:108AC00000FB20AA7EA92846CDE98079CDE9497925
:108AD00009F000FE636B059A9B58002B3FF446AFEC
:108AE0004FF4A02120461BF068F84FF4A021069017
:108AF00020461BF069F84FF4A0210F9020461BF090
:108B00006AF8112281464FF4A021204607F09BFF0E
:108B1000069A1C9B2890134424930F9A1E9B5399EA
:108B20000F919B1A26931D9B4B4425931F9B1AF074
:108B3000020AA3EB000327931FBF9DF8773143F090
:108B400008038DF87731012208BF5246636B1192FA
:108B5000059A9B5803F10809369B069324A8549B59
:108B6000109314F0D6FB119A0F990091CDE90102F0
:108B7000109B069A494612A816F0AFF8BAF1000FFA
:108B80000BD10E9B1D9A1A44139B03EBD3735B10FE
:108B90005B42D118D21A259127920DF1A00A1CAA86
:108BA0003146504614F057F800283FF4DFAE9AE8FB
:108BB0000F0005F1180989E80F00059A636B9B58AF
:108BC00047A9083324AA28464E9309F0ACFC14ABFD
:108BD0000FCB89E80F00C9E6202336E7F0B59A48A5
:108BE00085B00E4606F062FB012819D1304614F01C
:108BF000E8FE0546304614F0E0FE322D044604D16E
:108C000005B0BDE8F0401BF062B9132D00F01781EC
:108C10001ED80B2D00F0938004D8013D012D3AD9C8
:108C200005B0F0BD112DFBD1304614F0CEFE076823
:108C3000D4E910014FF6FF73984202D0994240F0F8
:108C4000A5800023C4E9103320461BF008F9F5E0A5
:108C50001D2D00F0E180342DE2D1304614F0B5FE38
:108C60000022E16A13468B4209D10023256B194685
:108C7000A9420AD1013A013B02604360D0E7E56BAB
:108C800055F8235001332A44EDE7A66B56F82160CE
:108C900001313344ECE7F3F731F812F0B8FF00F09C
:108CA000FD000128BCD1F3F729F802A912F0C2FF98
:108CB0002046029D07F04DF9272205440021204659
:108CC00007F0C1FE0190C0B2012826D10021204644
:108CD000E6691AF079FF361A751B0026E26A3346F8
:108CE000B24222D100272046039D07F037F9A3693D
:108CF000054400212046ED1A1AF06DFF0023216B78
:108D00002D1A1A4699428BD0A06B50F823000244CA
:108D10009542C0F287800133F4E763690021204661
:108D2000ED1A1AF04AFF2D1AD7E7E16B51F8261019
:108D30000B44AB4201DC0136D2E70127D3E706F052
:108D4000D1FEF2F7DBFF12F092FF216C4FF6FF73BA
:108D5000994202460DD1F2F7D1FF12F058FF00F010
:108D6000FD0001287FF45CAF4FF6FF73C4E91033B8
:108D700056E7616C9942EED00028ECD123212046C1
:108D8000ECF7FCFA01287FF44BAFE4E7E66A256BC9
:108D9000B042B4BF02460022A942B4BF0B46002332
:108DA000142F24D1013A96422EDC6A1E9A42C6BF85
:108DB0000133002206F1FF329D42D4BF05F1FF339B
:108DC00023EAE373904202D199423FF429AFC4E908
:108DD0001023204606F086FE20461BF040F80022B5
:108DE0002321204605B0BDE8F040ECF7C7BA132FA9
:108DF00001D10132D7E7112F01D1013BD3E7122F67
:108E00007FF40EAF0133CEE7002AD5DA13B1721E1C
:108E1000013BD1E71A46CFE7304605B0BDE8F04048
:108E2000FFF7B0BC002F3FF4FBAE226CB24203D17F
:108E3000626C9A423FF4F4AEC4E91063204605B078
:108E4000BDE8F04006F04EBE286303004B1E2DE93E
:108E5000F04104460F46072B4ED8DFE803F02A4BBB
:108E60004D044D4D4D280121204613F045FA204672
:108E70001BF09CF8054620461BF095F8364906463F
:108E800006F0BAFB0121304613F05AFA00212846B9
:108E900013F032FA0021304613F02EFA0321304647
:108EA00007F01EF80021304607F027F82AE00921D4
:108EB000DAE70021204613F01FFA20461BF076F86F
:108EC000054620461BF06FF82349064606F0ABFB2B
:108ED0000121304613F034FA0121284613F00CFA30
:108EE0000121304613F008FA0021304606F0F8FF61
:108EF0000321D8E70821DDE71BF058F80546204696
:108F00001BF051F894F8303013F00C0F14BF01220D
:108F1000002217F00C0814BF012300239A4212D03C
:108F20002046EDF787FEEEF713FF06466420B8F102
:108F3000000F0CD0F6F7CCFB06EBD676014672108C
:108F4000284606F087FB84F83070BDE8F081F6F71C
:108F5000BFFB31460246F3E764000020194AF8B52A
:108F60000D46002681F830602846114606F072FB57
:108F70002846ECF799F92846ECF796F9124F044683
:108F8000314613F0B9F9334639463322204606F00C
:108F9000A3F933460E223946204606F09DF93146A4
:108FA000204606F078FF28460421FFF74FFF2046B1
:108FB000802105F080FB20464FF48061BDE8F84039
:108FC00005F02DB964000020B33F030008B51AF086
:108FD000EDFFBDE80840014908F0F6BABC5A0300AD
:108FE0002DE9F347C1620D46064691461AF0DBFFB4
:108FF000044630461AF0DAFF80463046FFF7E6FFB7
:1090000085422FD274B33046ECF75AFE96F83010F2
:1090100011F00C0129D015220021204607F013FD84
:1090200082460190204606F098FB00212722074641
:10903000304607F008FDC3B2012B574408BF694210
:10904000019019BF4A4605FB07F14A46794320467D
:10905000EDF70EFA134A134E0021404608F08CFA41
:10906000002490B902B0BDE8F0871422204607F032
:10907000EAFC06460190204606F07FFB81194A462D
:1090800069432046EDF708FAE4E7631B5A425A4168
:109090000121013405F012F932462146404608F01C
:1090A0006BFADEE7BC5A030038B50B480C4606F0F5
:1090B000FDF801280ED1204614F083FC0546204619
:1090C00014F07BFC312D05D1BDE83840C16A002287
:1090D000FFF786BF38BD00BF4C63030030B5672281
:1090E00099B04FF4C021054607F0ADFC044600904E
:1090F00058B918492846F6F767F995F8643043F0EF
:10910000010385F8643019B030BD6846F6F742F9BE
:109110002946684613F0E7FC68460E4913F0E5FC63
:109120002146684613F0E3FC2146684613F0F2FC42
:1091300000226846012113F0DFFC6846064913F05F
:10914000E1FC68464FF0FF3113F0E8FC6846F6F7A3
:109150006DFAD8E797400300BBCA02002DE9F04F33
:1091600089B004461AF0B9FF5C22002180462046EF
:1091700007F069FC04900746E06AD4F84CB018F098
:109180009EFE674B59461B6881469847654B1B6896
:10919000009309EB00030193002106461846009B4B
:1091A00098478246404612F000FDBAF10D0F01903B
:1091B00000F2B18042F2014222FA0AF212F0010FEB
:1091C0000CBF514620210022404612F0BBFC5946FC
:1091D00002AA0546E06AFCF78FFDD4F82CB0584689
:1091E00018F06DFE00210246584607F05DFDE36A67
:1091F000029A59690A44D9692A448A422ADD94F8B4
:1092000070B01BF0080B25D1032823D0019B039AD3
:10921000CDF808B01F443A440392BAF1000F7CD055
:10922000414B09EB06001B68984706445946009BD2
:1092300009EB060098470D28014606D842F2014383
:10924000C34013F0010F18BF20210022404612F046
:1092500079FC0546266630224FF4C021204607F0EF
:10926000F2FB1022824604904FF4C021204607F002
:10927000EAFB1122049000EB0A064FF4C0212046BD
:1092800007F0E1FB1222049000EB0A084FF4C02122
:10929000204607F0D8FB1322049000EB0A074FF496
:1092A000C021204607F0CFFB039B029A04909E1B2F
:1092B0009844019B9844E36A50445969D71B104471
:1092C000226D0A4404929A69636D0544D318A06D17
:1092D0000593E36D08441A4408F1FF38069004A989
:1092E0002046013D079206F0D2FBC4E91476C4E99A
:1092F0001658E36A5A69174404979B6915441E443B
:1093000004A94344204605960695079306F0BFFB43
:1093100009B0BDE8F08F514655E7202195E700BF21
:10932000605A0300685A0300705A0300F7B5C36C13
:109330008B4204460E4665D0C06A18F0C0FD324B21
:109340001B689847002EB8BF3618B042054604DBAC
:1093500047F6FF739E4218BF3546E5642046ECF79A
:10936000AFFC20461AF0B9FE294606466A46E06A76
:10937000FCF7C2FC304612F018FC05462046019E60
:1093800006F0F1FD864204DA019901222046EDF74C
:1093900083F8204606F0F1F9019B07462046EE18B7
:1093A00006F0E1FD331ABB4206DD0199C91B01221B
:1093B00029442046EDF770F82046009EECF7FAFEAF
:1093C000864204DA009901222046EDF751F8204642
:1093D00006F0C3F9009B07462046EE18ECF7EAFEBC
:1093E000331ABB4206DD0099C91B012229442046DD
:1093F000EDF73EF8009BA3642046FFF76FFE204682
:10940000FFF7ACFE03B0F0BD585A030070B540F250
:10941000DC534B640123CB6491F8643023F00303E5
:1094200043F0030381F8643091F87030002523F095
:109430000E0381F87030C1E90D55C1E90F55C1E93E
:109440000B558D6408460C46FCF74AFC0646E06264
:109450006420F6F73DF901463046134E06F0CCF88D
:10946000E06A124918F02DFD2B463146E06A32229F
:1094700005F032FF2B4631223146E06A05F02CFF21
:1094800020464FF4806105F016F920464FF4006144
:1094900004F0C5FE20462946FFF748FF2046BDE8F8
:1094A0007040FFF71BBE00BFEB40030062A103004A
:1094B00010B5846B88B064B91AF00FFE234642F2EF
:1094C0002202694612F0F0FA034C044B002808BF50
:1094D0001C46204608B010BDF5A0030070A1030093
:1094E0002DE9F84F90F870305B07044635D5C06A17
:1094F00018F0E5FC1A4B1B689847064668B32046EF
:10950000FFF7D6FF814615F0F4FE00FB06FA07468A
:109510000AF10100F6F776FF4FF000080546834692
:1095200058463A46494608F1010815F0CAFD464535
:10953000BB44F5D1002305F80A302946E06A18F04B
:10954000C0FC2846F6F778FF20460649F5F73CFFB1
:109550002046BDE8F84FFFF701BEBDE8F88F00BF19
:10956000585A03006B40030010B5436C98B0044692
:1095700023B918B0BDE81040FFF7B2BF6846F5F751
:1095800009FF2146684613F0AEFA68460C4913F00D
:10959000ACFA616C684613F0AAFA01226846002111
:1095A00013F0AAFA6846074913F0ACFA0649684670
:1095B00013F0ACFA6846F6F739F818B010BD00BFE2
:1095C0006B400300BBCA0200B3410300F7B590F83B
:1095D00070305A0704460D4601D5FFF781FFE36B53
:1095E0000BB9236C9BB100232A4E2B4F0193019B97
:1095F000EB5C0BB903B0F0BD01A93368284698476E
:109600003B6898470146204600F068F8EFE7294696
:10961000204600F045F80128ECD1D4E90B0333B122
:1096200018F04DFC037813B9204606F05BFAE16CA4
:10963000E06A2A46FDF732F920461AF0C2FD94F896
:1096400070305B0715D5606B15F053FE0646284653
:1096500015F04FFE31180131606BF6F7F7FE6063CD
:109660000028C7D0E16C2A4615F08FFA2046FFF794
:109670007BFF0A4BE66C1B682846984781192046F9
:10968000FFF754FE00222321204603B0BDE8F0403E
:10969000EBF774BE685A03006C5A0300585A030073
:1096A00070B50D4E00230A460C4624210546336052
:1096B000EBF764FE306808B9012070BD037843B150
:1096C000214615F03EFE0028F6D031682846FFF707
:1096D0007DFF0020F1E700BF684A00207FB590F8C9
:1096E00070300446180703D50A2926D00D2924D046
:1096F00002910091002502A920460395FFF7D0FFB3
:1097000001281AD12F4B29461E686846B047236CA2
:10971000054643B120461AF041FD2B4B1B68984784
:10972000236C984209D2E36B6BB11B785BB10023C9
:109730000193E06B019BC35C0BB904B070BD01A940
:10974000B0478542F5D194F870305A0702D52046CB
:10975000FFF7C6FED4E90B0333B118F0B0FB037872
:1097600013B9204606F0BEF9E16CE06A02AAFDF7E3
:1097700095F820461AF025FD94F870305B0715D552
:10978000606B15F0B6FD054602A815F0B2FD29186C
:109790000131606BF6F75AFE60630028CDD0E16CB2
:1097A00002AA15F0F2F92046FFF7DEFEE16C204632
:1097B0000131FFF7BBFD002223212046EBF7DEFD40
:1097C000BBE700BF685A0300585A0300F7B50446C8
:1097D0000D461AF0F6FCE36B13B9236C002B44D052
:1097E0002849E06A284E294F18F06BFB47F6FF71B5
:1097F0002046FFF79BFD94F8703013F0040F18BF5C
:10980000626B4FF0000318BF13700193019BEB5C78
:1098100003BB236B3BB1E06A18F051FB037813B92B
:10982000204606F05FF994F870305B070AD5606B4C
:10983000F6F702FE284615F08FFD6063F8B120466A
:10984000FFF74EFE00222321204603B0BDE8F04082
:10985000EBF794BD01A93368284698473B689847C1
:1098600001462046FFF73AFFD0E7E06A294618F0A4
:1098700028FB47F6FF712046FFF758FDC9E703B004
:10988000F0BD00BF62A10300685A03006C5A0300D8
:109890002DE9F047B048BEB00D4605F007FD0128A0
:1098A00040F0AF80284614F08CF80646284614F0A5
:1098B00084F8132E044604D13EB0BDE8F047FFF70C
:1098C0000DBC1D2E00F0BE8100F29E80112E00F016
:1098D000238100F29680032E00F29080002E00F08B
:1098E0009080F2F70BFA0646002800F08A8028469E
:1098F00014F063F890F864309F07044640F18180CB
:10990000304612F084F902287BD0304612F07FF9FD
:10991000042876D0E06A22A905F0D7FE01A93046D6
:1099200012F088F903A9304612F0ABF9019A002A27
:1099300067DB029B002B64DB2299521A0792239A61
:1099400028469B1A089314F03CF80646E06A05F096
:10995000FEFE079BE56A002BC0F23E81984240F371
:109960003E81012207A92846FCF77AFA07A9074693
:10997000E06A18F01DFB80F00103DBB294F8702060
:10998000900702F0010140F14281002940F02B8153
:10999000002B40F03F81012E33D14FF6FF7342F090
:1099A0000102A766E36684F870204FF440712046F8
:1099B00004F035FC39462046FFF7B8FC94F87030C7
:1099C000D9071ED5D4E91A329342696C40F2268138
:1099D0008A4202D1A96C8B4205D06A64A36EAB6443
:1099E000204606F07FF826F00806032E09D194F8E9
:1099F00070306FF3000384F8703002E00B2E3FF4F8
:109A000070AF3EB0BDE8F087202EFAD1284613F0A3
:109A1000D4FF0446284605F070FC0546E06A18F0BD
:109A20004EFA94F86430DB078046EAD522A8EFF7B7
:109A300073FD22AA4FF4C0212046269504F0B6FFFC
:109A4000E06A236D4269E66D1344D4E91517039368
:109A500083693A44194404913344059222A903AA24
:109A60002846069308F036FE30224FF4C0212046E7
:109A700006F0E9FF1222074607904FF4C021204666
:109A800006F0E1FF102200EB07094FF4C021079018
:109A9000204606F0D8FF4FF0000ACDE901AA079052
:109AA000236E08EB03062D4B07441B68304698478E
:109AB0000DF1040802463146404615F002FB039BB7
:109AC0004B440393049B3B44049358225146E06A61
:109AD00006F0B9FFC0F307430790ADF8000007A8F0
:109AE0008DF80230EFF72EF907AA4FF4C021204677
:109AF0000B9505F099F99DF8A830022B40F20E81E4
:109B00009DF87830CDF8388043F001038DF8783037
:109B100003AA07A92846FEE0284613F056FF01686D
:109B2000132905D120463EB0BDE8F0471AF0BDBB71
:109B3000142915D8012915D98B1E122B12D8DFE84C
:109B400003F0353C1111111129113F11111111119F
:109B5000111D2311170000BF70630300705A03002A
:109B60007F291DD020463EB0BDE8F047FFF7B6BDC7
:109B700020463EB0BDE8F0471AF09BBB20463EB001
:109B8000BDE8F0471AF0C7BB20463EB0BDE8F0473D
:109B90001AF095BB20463EB0BDE8F0471AF02DBB49
:109BA00020463EB0BDE8F0471AF070BB00212046C9
:109BB0003EB0BDE8F047FFF7B9BB47F6FF71F6E7E7
:109BC00094F870301B07CDD50022262120463EB0E8
:109BD000BDE8F047EBF7D2BB01230027CEE6012317
:109BE00047F6FF77CAE6022E0FD0032E02D00B2EC7
:109BF0007FF4E0AE20464FF4407104F05CFD94F831
:109C00007030D8077FF5FDAED4E6E766D2E60029CE
:109C10007FF4D0AE012E7FF4F4AECBE608D28B42B7
:109C200003D1A96C8A423FF4DEAE6B64E36ED6E6E4
:109C30004FF6FF73994203D1AA6C9A423FF4D3AE18
:109C40006B64CCE6284613F0B8FE0446284605F0BF
:109C500054FB0746E06A18F032F90378002B7FF4D2
:109C6000D0AE236B002B3FF4CCAE1B78002B3FF41F
:109C7000C8AE22A8EFF766F822AA4FF400212046CA
:109C8000269705F0D1F894F870301A0748BF9DF870
:109C9000E3304FF0120248BF43F008034FF00001D9
:109CA000204648BF8DF8E33006F0CDFE132205466E
:109CB00007900021204606F0C6FE1022814607903C
:109CC0000021204606F0BFFE112206460790002123
:109CD000204606F0B8FE302280460790002120463C
:109CE00006F0B1FE07900346D4E90602216AD4F8D3
:109CF00014C01D4499441E444344C91AA2EB0902EE
:109D00000644654409920A9107950896236B2993A6
:109D100007AA22A9384608F006FC72E600991298B4
:109D200013F0D7FB00283FF4EBAE6AE60D4A10B5FE
:109D30000C462046114605F08DFC00230E220A49F0
:109D4000204605F0C9FA2046802104F0B4FC2046E4
:109D5000032106F0C5F820460321BDE8104006F0B7
:109D6000CCB800BF640000206543030010B5054A6D
:109D70000C462046114605F06DFC2046BDE810401B
:109D8000EBF79EBF6400002070B508460C4607F054
:109D9000E1FB064605F0DBFC0546304605F0DAFC43
:109DA00029460246204605F055FC0121204612F0C6
:109DB000A3FA2046EBF778FA05462046ECF73AFF7F
:109DC000EDF7C6FF0F4E00EBD0704210314628462B
:109DD00005F040FC2846002112F08EFA02231A46B4
:109DE0000021284612F094FA2046EBF75DFA012193
:109DF000044612F0A5FA31462046BDE8704005F051
:109E0000FBBB00BF64000020F7B51F4D28461AF0C9
:109E10008AFC00282ED0F5F737F91C4F1C481D4C42
:109E20001D4EF8F779FE4FF410333B601B4B336047
:109E30002146AB6841F8045B28461B6A184D9847D9
:109E4000E188A088EDF75AFE2860B0B12146EEF710
:109E500035F8286800F026F8024688B900903B687B
:109E60003168286807F0F9FE00F0CEF900EAE070EA
:109E700003B0F0BD6FF01200FAE76FF00B00F7E7E8
:109E80006FF08500F4E700BF4C4E0300708A02209B
:109E900015440300748A02206C8A02206C4A002058
:109EA0008C8A022010B50446EEF712F8037C082BCA
:109EB0000AD8002B3CD0013B072B39D8DFE803F050
:109EC000202C382C38383810202B03D0402B1DD0B4
:109ED000102B2DD112212046EDF7A2FF1B4904E0E3
:109EE00010212046EDF79CFF19492046EDF754FF5D
:109EF000234635220021184607F012FF002010BD2E
:109F00000F212046EDF78CFF1249EEE7062120468F
:109F1000EDF786FF1049E8E707212046EDF780FFBF
:109F20000E492046EDF738FF0D4923463522E2E77A
:109F300000212046EDF730FF204623463522002140
:109F400007F0EEFE6FF08500D9E700BFF94403008B
:109F50009D4503003B450300B9440300659F010094
:109F60006B4403002DE9F04F8C680B680134E41A50
:109F7000CB6890464A6891B001339B1A0E461FFA8F
:109F800083FB0690EDF7A4FFC368076803F00403A2
:109F900005460698039307F0B9FE5D4B297CD3F87C
:109FA00000905C4B02901B680593043918BF4FF07A
:109FB000FF31C9B21A4648461AF0DEFD4FF0000CD8
:109FC000A4B208F10808E64661468B4555D94FEA28
:109FD000DE030793CB0804FB0393099301F0070307
:109FE0000A93CB430CF1FF3003F0070300220890E3
:109FF0000B932FE00EEB02030898DB08801A18F889
:10A00000033000F007000341DB0722D5EB68D807D7
:10A0100003F0020A25D5099BBAF1000F03EB0200F9
:10A02000DDE90A3A18BF534690F800A0CDF810A019
:10A030004FF0010A0AFA03F35FFA83FA2B7C042B30
:10A04000049B0BBF43EA0A0323EA0A0A037080F861
:10A0500000A001329442CDD80131A644ACEB040CEF
:10A06000B3E7079B03EBD2004844D3B2BAF1000F29
:10A0700000D0DB4303F00703D6E7059B4946A3F175
:10A08000080240461AF050FD039B53B12B7D43B9A3
:10A09000029B33B9BB681B680BB138469847012354
:10A0A0002B750BFB04F3DB080D93029BADF83C40D2
:10A0B00083F001038DF83E30BB68CDF80080ADF829
:10A0C0003840B2889C683188ADF83AB00DAB38465C
:10A0D000A047EB681B0708D5BB68CDF800809C68DB
:10A0E000B28831880DAB3846A047039B53B1029B21
:10A0F00043B12B7D33B1BB685B680BB138469847E1
:10A1000000232B75069807F0FEFD11B0BDE8F08F17
:10A11000948A0220908A022010B50146EFF3118440
:10A12000202383F31288BFF36F8F044801F0B1FF3F
:10A1300084F31188BFF36F8F10BD00BF988A02208F
:10A1400010B50A46EFF31184202383F31288BFF37E
:10A150006F8F0146034801F0C9FF84F31188BFF3F4
:10A160006F8F10BD988A022010B50146EFF311845D
:10A17000202383F31288BFF36F8F044801F06BFF35
:10A1800084F31188BFF36F8F10BD00BF988A02203F
:10A19000024903484FF4804201F0D6BF80040020FA
:10A1A000988A022070B50D6906460C4615B96FF005
:10A1B000150070BDF1F768FD28600028F7D0314622
:10A1C00011F018FD0F49286811F01BFD2868214681
:10A1D00011F01AFD63685E685EB10020EDF77EFD48
:10A1E000044620B1EDF774FE03689E4204D00024BB
:10A1F00002E0EDF76DFD04462868214611F014FDDC
:10A200000020D6E7DF45030001481AF083BA00BFFB
:10A21000AC4E030038B5EFF31185202383F3128889
:10A22000BFF36F8F064B9C681AF090FA85F3118884
:10A23000BFF36F8F2046BDE83840E6F7C7BD00BFCB
:10A24000188B022038B50A4B53F82040013053F8E0
:10A250002050A54200D838BD606830B1037FDB07CD
:10A2600001D41AF076FA0834F3E723689847FAE73E
:10A270000C64030070B52A4B2A4C2B4D012286B08A
:10A2800003201A70FFF7DEFF01F00AFB0420FFF73E
:10A29000D9FF2646AE4204F1300410D300F0BAFED6
:10A2A000204C224EAC4226D300F0C8FEE6F7EAF876
:10A2B0001F4A137B23F00103137306B070BD54F8DB
:10A2C0000C3C059354F8103C049354F8143C03934D
:10A2D00054F8183C029354F81C3C019354F8203C69
:10A2E000009354E90A2354E90C0100F077FC54F878
:10A2F000303C5E65CDE7D4E90A23B3F1FF3F08BFE8
:10A30000B2F1FF3F05D052EA0301206803D100F00B
:10A3100051FF3034C6E73146183001F0F3F8F8E762
:10A320006A8B02205050030080500300DD49030077
:10A330000045002008B50348034A0021121A1AF00C
:10A340001FFA08BD680200206C8B022070B5002344
:10A3500086B00122CDE90423134E144D01930F2240
:10A36000CDE902321249142303FB005506EBC01657
:10A3700004464FF4C07000FB04110E4B00954FF4DF
:10A38000A072304600F02AFC737B0B4AEE6023F08B
:10A39000040373734FF4046304FB033313442C74FA
:10A3A0006B6006B070BD00BF80440020188B022097
:10A3B0000098022089470300C08F0220BFB500200B
:10A3C000FFF740FF294B83F30888294C294F636925
:10A3D00043F4007363610025E02384F82230E577BD
:10A3E00025766576A57684F82050636A43F4E023E9
:10A3F000636284F82350E6F7B7FCE6F701FE4FF0FE
:10A40000FF33A362E362E6F7C1FEE6F71DFE1A48DA
:10A410001A4C00F05BFC1AF085F90120FFF712FFDF
:10A420000220FFF70FFF00F03DFE154B15495C6160
:10A43000154B05930123CDE903534FF480523B465E
:10A44000CDE901550095204600F0C8FB627B064629
:10A4500022F00402204662731AF083FA2846FFF7BE
:10A4600075FF3A4631462046E6F7ACFD00980220DB
:10A4700000ED00E075A2010020460020004500200C
:10A48000188B0220809902202DA103002DE9F341B1
:10A4900004460E4600F10808EFF31187202181F3EE
:10A4A0001288BFF36F8F006AE168884233D2256853
:10A4B000AC4219D0C5B128461AF071F905F118005F
:10A4C0001AF0F0FAA2682869314600241AF02CFB31
:10A4D0002846AC671AF045FA4046394600F074FD4C
:10A4E000204602B0BDE8F081A268E06931461AF06A
:10A4F0001BFBE369A26813446269E361934204BFF2
:10A500002369E361236A01332362002087F3118802
:10A51000BFF36F8FE5E752EA03010AD00649896865
:10A5200040460E61CDE900233946224600F0B8FCD2
:10A53000D7E76FF02200E9E7188B0220F7B5044651
:10A5400004F108070846EFF31186202181F31288F1
:10A55000BFF36F8F216A002939D0A268A1691AF070
:10A56000E3FAA369A268256813446269A361934270
:10A5700004BF2369A361236AAC4203F1FF33236262
:10A5800033D02846002D31D01AF009F905F1180012
:10A590001AF088FAA2682969E0691AF0C5FAE36935
:10A5A000A26813446269E361934204BF2369E361D3
:10A5B000236A0133236200242846AC671AF0D1F9DC
:10A5C0003846314600F000FD204603B0F0BD52EAA7
:10A5D000030110D0094989680861CDE9002331469B
:10A5E0002246384600F05CFCEFE7002086F3118835
:10A5F000BFF36F8FE9E76FF02200F7E7188B0220B7
:10A600002DE9F341044617461E46EFF31188202337
:10A6100083F31288BFF36F8FC368334A7BB18068BE
:10A620009168884219D057EA060318D188F3118837
:10A63000BFF36F8F6FF00F0002B0BDE8F08191683B
:10A6400091F90E1021610133E3609368A36088F3F0
:10A650001188BFF36F8F0020EEE72169F2E791F9CF
:10A660000E1090F90E309942A8BF19466FF07E0285
:10A670009142B8BF11468B422DDD1AF09DF8054678
:10A68000CDE9007619482246414600F009FC002831
:10A69000E1D0EFF31186202383F31288BFF36F8F8D
:10A6A000A068D0B1236821699C420AD04BB193F9CC
:10A6B0000E309942A8BF19466FF07E039942B8BF89
:10A6C00019461AF079F840B10848314600F07CFC90
:10A6D0006FF00A00B0E70025D2E7002DF4D186F331
:10A6E0001188BFF36F8FF3E7188B02206B8B02206A
:10A6F000F8B583680546002B3FD0234A9268934201
:10A700003ED1C368012B03D9013BC3600020F8BDD3
:10A71000EFF31187202383F31288BFF36F8F016952
:10A7200080681AF049F82C68A54207D10023C5E9D2
:10A73000023387F31188BFF36F8FE7E7002CF5D062
:10A74000D4E9003213605A60637B002623F00203D1
:10A750006373C4E90066A66004F118001AF0A2F958
:10A76000AC6094F90E302B612046A6671AF0F9F818
:10A770000648394600F028FCC8E76FF01500C6E728
:10A780004FF0FF30C3E700BF188B02206B8B022015
:10A7900070B5EFF31186202383F31288BFF36F8F18
:10A7A0000468A0421AD0CCB1D4E9003213605A60D8
:10A7B000637B002523F002036373C4E90055A560A1
:10A7C00004F118001AF06EF92046A5671AF0C9F8CE
:10A7D00031460848BDE8704000F0F6BBD0E90232CF
:10A7E0009A4218BF0133836086F31188BFF36F8FDD
:10A7F00070BD00BF6B8B022013B5EFF311812024D5
:10A8000084F31288BFF36F8F846844B1013C846085
:10A8100081F31188BFF36F8F002002B010BD52EAA0
:10A82000030406D181F31188BFF36F8F6FF00F001F
:10A83000F3E7CDE900230246014800F031FBECE7E5
:10A840006B8B02202DE9F0410546EFF311872023A1
:10A8500083F31288BFF36F8F00231E466FF00A0840
:10A860002C68A54216D0ACB1D4E9003213605A600E
:10A87000637BA66023F002036373C4E9006604F1FE
:10A8800018001AF00FF9C4F8788020461AF069F819
:10A890000123E5E70022AA602BB139460548BDE84F
:10A8A000F04100F091BB87F31188BFF36F8FBDE8D3
:10A8B000F08100BF6B8B022007B5074B009307495F
:10A8C00007484FF0FF334FF4806200F013F9002087
:10A8D00003B05DF804FB00BF24640300C0A902209C
:10A8E000804500202DE9FF414F4E04462027EFF31D
:10A8F000118887F31288BFF36F8FD4F88450F5B9AD
:10A90000022104F19C0019F072FF002868D004F1C4
:10A9100094050022012128461AF08BF80028F8D16E
:10A92000002302934FF0FF324FF0FF33CDE90023B5
:10A93000414604F18C023D4800F002FDD7E7D4F80F
:10A9400088202B68C4F88430954208BFC4F888304A
:10A95000D4F89C3043F00203C4F89C30EB6823F039
:10A96000040343F00103EB606B6888F31188BFF3C5
:10A970006F8F28469847EFF3118887F31288BFF34B
:10A980006F8FEB68D80623F0010236D4EA60EB68DB
:10A990009A0716D5306823F00203EB6088B103688C
:10A9A000002170B14268954235D1036869BB726875
:10A9B0003360824200D17360002340F8083BFFF708
:10A9C000E7FED4F89C3023F00203C4F89C3088F3EF
:10A9D0001188BFF36F8FDB0589D400F06BFB86E72E
:10A9E000D4F89C30D9069BD5C4F89C0088F3118814
:10A9F000BFF36F8F04B0BDE8F08123F01103EB606B
:10AA000005F11000FFF7C4FEC1E70B6073688342D5
:10AA100008BF7160D0E723B11A6801461846134693
:10AA2000BFE71A46F9E700BF388B02206B8B022084
:10AA3000F8B5C3689A0704460F46C3F340062ED400
:10AA40005B071CD40B680BB983680B60E368DD07F8
:10AA500044BFA3683B603D684CBF02260126002D21
:10AA60003CD0204B9A68D5F880309A420AD0D5F86D
:10AA70009C30D807C3F3800214D46FF01206002371
:10AA80003B6025E019F02AFFD5F89C300028F0D172
:10AA9000D907C3F3C002F0D552B15B0708D46FF0F9
:10AAA0000F06ECE7002AFAD1C3F3C003002BF6D15E
:10AAB00000232360D5F8883063B9C5E921442846CE
:10AAC00019F0AFFEE36843F00403E3603B68A36062
:10AAD0003046F8BD1C60C5F88840F0E76FF01506F9
:10AAE000CDE700BF188B02200146014819F0DABEFD
:10AAF00080450020F0B589B004460020C4E921005B
:10AB00000E9D04F18C00C4E9230004F19400C4E913
:10AB1000250055B32879002840F2011008BF012014
:10AB2000C4F89C0000204FF0FF364FF0FF37CDE90E
:10AB30000330CDE90100CDE906670D4B00942046B6
:10AB400000F098F855B1296811B1204619F0CCFEF3
:10AB50006B791BB1237B43F001032373204600F084
:10AB600029FBC4F8804009B0F0BD0120D8E700BF40
:10AB7000E5A80100F7B50C46019016461D46EFF317
:10AB80001187202383F31288BFF36F8F084619F0D3
:10AB900039FE55EA060309D101A92046FFF748FF0F
:10ABA00087F31188BFF36F8F03B0F0BDE3680749E7
:10ABB00043F00803E360019BA36232462B4604F195
:10ABC000100000F09FFC0120EAE700BF31480300BD
:10ABD00001460148FFF7CEBF804500202DE9F04334
:10ABE000073285B022F007020E461F461099017306
:10ABF00000F158037F32C0E916330446002322F0E7
:10AC00003F020421836041733F2A0F98A073C4E977
:10AC10000633E37306F14009A2F1400805D883F337
:10AC20001188BFF36F8F084602DFB518294620460A
:10AC3000E5F726FF07300E9B20F00700A066C4E969
:10AC4000189802930D9B01932D1A0C9B00932A4692
:10AC50003B4631462046E6F783F900236365044B03
:10AC60009B6803B1DB6EE366284605B0BDE8F08360
:10AC7000188B0220F0B587B000250595109D04952E
:10AC80000F9D03950E9D0295DDE912760D9D0195B0
:10AC90000C9D00950446FFF7A1FFB6F1FF3F08BFEA
:10ACA000B7F1FF3F05D056EA070305D1204600F073
:10ACB00081FA204607B0F0BD3A46334604F1180049
:10ACC000014900F01FFCF4E7DD49030040F20113E5
:10ACD00010B583810023C0E91833044600F0DAFD83
:10ACE000014B9C6010BD00BF188B0220094A93687D
:10ACF0006FF00A019967084958674B6843F0805321
:10AD00004B60002383F31188BFF36F8F9368986FB4
:10AD1000704700BF188B022000ED00E070B590F97D
:10AD20000D20437B002A36DBD90634D11B4C63F05F
:10AD30007F032246437352F8183FE169934207D1DB
:10AD4000C0E900210860E06111E09942F8D01B6879
:10AD5000002BF5D090F90E5093F90E60B542F4D067
:10AD6000AE42F2DD5968C0E9003108605860A5695B
:10AD7000954200D005B9E568A3685A7BD20604D194
:10AD8000DA897F2A01D9AA6932B1AB4202D02846BA
:10AD900000F016FB656170BD6361FCE7188B022053
:10ADA00038B590F90D20437B002A014604DA03F000
:10ADB0007F03437319F09BFD0D4D2A46AB6852F893
:10ADC000184F944200D004B9EC688B4207D05A7BEC
:10ADD000D20604D1DA897F2A01D9A2692AB1A34215
:10ADE00002D0204600F0ECFA23466B6138BD00BF6C
:10ADF000188B0220B3F1FF3F08BFB2F1FF3F03D031
:10AE00000249183000F07EBB704700BFDD490300E7
:10AE100070B590F90D20437B002A014604DA03F057
:10AE20007F03437319F063FD4B7B1C4C63F07F037E
:10AE300022464B7352F8183FE069934207D1C1E9AB
:10AE400000200160E16111E09842F8D01B68002BFE
:10AE5000F5D091F90E5093F90E60B542F4D0AE42A0
:10AE6000F2DD5868C1E9003001605960A569A36846
:10AE7000954200D005B9E5688B4207D05A7BD206CF
:10AE800004D1DA897F2A01D9AA692AB1AB4202D05A
:10AE9000284600F095FA2B46636170BD188B02209E
:10AEA000F8B50E4B0C4611460D4A98681060DDE966
:10AEB0000667EFF31182202282F31288BFF36F8FAF
:10AEC0009D68284619F025FD284632463B46FFF787
:10AED00091FF2046BDE8F840FFF708BF188B02201D
:10AEE000408B0220F8B50446EFF31187202383F34B
:10AEF0001288BFF36F8F437B03F01F02002A0CBF41
:10AF00000126002649B239D103F07F03437319F0BB
:10AF1000EEFC2C4D437B817363F07F032A46437321
:10AF200052F8183F934227D1E869C4E90020046031
:10AF3000EC610FE09842F8D01B68002BF5D093F934
:10AF40000EC06145F6D08C45F4DD5968C4E9003186
:10AF50000C605C60AC69944200D004B9EC68AB68EA
:10AF60009C4202D0204600F02BFA6C6187F31188D6
:10AF7000BFF36F8F3046F8BDE869DEE79B071ED54B
:10AF8000856819F0B4FC81732B689D4209D16B6808
:10AF9000C4E900531C606C60E8E76A689342F6D02D
:10AFA0001B68002BF3D093F90E209142F5D08A4212
:10AFB000F3DD5A68C4E9003214605C60D6E781733F
:10AFC000D4E700BF188B022049B9EFF3058030B9F0
:10AFD000054B5A699B689A4201D0FFF787BE81F3FF
:10AFE0001188BFF36F8F7047188B0220034648B952
:10AFF000EFF3058232B9064A51699268914201D055
:10B00000FFF774BE83F31188BFF36F8F704700BFE3
:10B01000188B0220EFF31181202383F31288BFF3F2
:10B020006F8F054B9A68D37B013BD37381F31188F3
:10B03000BFF36F8F704700BF188B022070B5EFF31E
:10B040001186202383F31288BFF36F8F144DAB68F2
:10B05000DA7B0132DA732A4652F8184F944200D054
:10B0600004B9EC685A7BD20604D1DA897F2A01D967
:10B07000A2692AB1A34202D0204600F0A1F92346DA
:10B080006B6186F31188BFF36F8FEFF3118020237C
:10B0900083F31288BFF36F8FBDE87040FFF7A6BF40
:10B0A000188B0220024B03F11802C3E906227047F5
:10B0B000188B022070B5EFF31186202383F31288DA
:10B0C000BFF36F8F1B4CA168E0690B68814214BF0E
:10B0D0001A46002249680B605960A368E1692AB9E1
:10B0E000154AC3E900210B60E3610CE093F90E00FF
:10B0F00092F90E50A84218D0854216DD5168C3E976
:10B1000000210B605360A5690B4B9D4200D005B92F
:10B11000E568A3689D4202D0284600F051F96561B8
:10B120003046BDE87040FFF7E1BD8A42D8D01268D2
:10B13000D5E700BF188B0220308B0220F8B550EA0B
:10B14000010306460C4603D1FFF7B4FF0020F8BD0B
:10B15000EFF31187202383F31288BFF36F8F124D13
:10B16000124BA8681860FFF71BFEA8681049234619
:10B170003246183000F0C6F9AA68537B43F0040346
:10B18000537304463846FFF7B1FDAB68D3E90A2391
:10B19000B3F1004F08BF002AD8D119F0ABFC201A38
:10B1A00020EAE070D3E700BF188B0220408B02201A
:10B1B000DD49030038B50446EFF31185202383F3FE
:10B1C0001288BFF36F8F437B5B070FD5183019F0E0
:10B1D00069FC637B23F0040320466373FFF79EFD45
:10B1E00029460548BDE83840FFF7EEBE85F31188D3
:10B1F000BFF36F8F38BD00BF6B8B0220014B986887
:10B20000704700BF188B02202DE9F8430446077BE6
:10B21000EFF31185202383F31288BFF36F8F437BF5
:10B22000190705D585F31188BFF36F8FBDE8F88343
:10B23000D90943F008025AD14273A36813B12046DA
:10B2400019F05DFB04F1180019F02CFCA66D04F157
:10B250005808B04511D04FF0000976B1304619F0CA
:10B260004EFB06F1180019F01DFCC6F87890304628
:10B27000FFF754FDA66DB045EFD1DFF8B880D8F8E0
:10B2800008309C423BD1EFF30589B9F1000918BFA2
:10B290004FF00109D8F81860274A964200D00EB93D
:10B2A000D8F80C60B34202D0304600F089F8C8F8F4
:10B2B0001460B9F1000F02D02048FFF707FDD8F85D
:10B2C00008309C4231D1EFF3058373BB227BD20758
:10B2D00018D42846FFF70AFDFB07A7D5002383F300
:10B2E0001188BFF36F8F0423184602DF9EE703F037
:10B2F0007F0343F00803437319F0F9FA9DE74FF019
:10B300000009C7E785F31188BFF36F8F83F31188B6
:10B31000BFF36F8F0423184602DFEFF31180202361
:10B3200083F31288BFF36F8FD4E785F31188BFF3DF
:10B330006F8FD1E7188B0220308B0220204600202F
:10B34000D3B5DDE90667089CCDE90067FFF7A8FDE6
:10B350001CB1034B9B681B69236002B0D0BD00BFCA
:10B36000188B0220044BC01A044BC0105843044BE6
:10B3700001221A54704700BFA0460020ABAAAAAA17
:10B380006B8B0220C3897F2B12D80A4B1B6863B1D9
:10B39000094B90F90E201B689A4209DB437BDB06C0
:10B3A00006D1064BC31A18BF012303F001007047F2
:10B3B0000023FAE7DC010020448B022080440020B7
:10B3C00070B50E4B0E4C1E7C06EB460304EBC3041B
:10B3D0000546204619F066FB0A4B002228469A557E
:10B3E000FFF7D0FF48B1084B08491A68013A2046D8
:10B3F000D317BDE8704000F085B870BD188B0220EF
:10B40000A04600206B8B0220DC01002065B3010008
:10B4100038B5EFF31185202383F31288BFF36F8FC4
:10B42000104B114A9C681068A04206D1FFF7C8FF74
:10B4300085F31188BFF36F8F38BD00211B7C11602D
:10B440000A4AD35C002BF3D02046FFF79BFF00286D
:10B45000EED0637BDB0602D12046FFF7D9FC204605
:10B46000E4E700BF188B0220408B02206B8B022088
:10B470000748084A084908B5121A19F083F907481D
:10B48000074A0849BDE80840121A19F07BB900BF05
:10B49000000000206802002074A1030000000020CA
:10B4A0000000002074A10300024B1868984208BFF6
:10B4B00000207047E0010020034B1B680BB9E7F741
:10B4C000C3BE0020704700BF488B022030B570B16A
:10B4D0000B4B5B6898420AD0036843B1D3E904215F
:10B4E000D0E90445121941EB0501C3E90421D0E973
:10B4F000003213605A600023C0E9003330BD00BF42
:10B50000E0010020B3F1FF3F08BFB2F1FF3F2DE99A
:10B51000F84F0446994615461F467AD08160EFF3EE
:10B520001188202383F31288BFF36F8FB9F1000FC6
:10B53000DFF8E4A020DBFFF7BFFFDAE900270135E1
:10B5400049F100092D1849EBE073C4E90453AD1823
:10B55000064643EB07074FF00109FFF7A5FFDFF8A9
:10B56000BCE0DEF804A00346EBB9C4E900EACAF87F
:10B570000040CEF8044028E0DAE900126FF0010341
:10B580005B1A4FF0FF3161EB02025B1B62EB0902B9
:10B59000012B72F10001BCBF01230022C0E904327B
:10B5A0004FF00009D9E7D3E9041CD4E904208A420A
:10B5B00070EB0C0B24DA891A5A686CEB0000C3E9B3
:10B5C0000410C4E9003214605C60FFF76DFF844230
:10B5D0000ED1134B1B685BB9B9F1000F02D1FFF715
:10B5E0006BFF0646304619F046FA0021E7F7FEFDEC
:10B5F00088F31188BFF36F8F28463946BDE8F88F6E
:10B60000521A60EB0C009A45C4E90420ADD01B68C7
:10B61000AAE700252F46EFE7B8460020E00100200A
:10B62000488B02202DE9F047EFF31185202383F3A7
:10B630001288BFF36F8FDFF8A490DFF8A480C9F8F9
:10B640000000FFF731FF00260027D9F80030D8E9C5
:10B6500000ECD91750B1D0E90442A34271EB020AC1
:10B660001CDAE41A62EB0102C0E9044213EB0E0398
:10B670004FF000044CEB01012046C8E90031C9F845
:10B68000004019F0F8F92146E7F7B0FD85F311887D
:10B69000BFF36F8FBDE8F047FFF7BABE14EB0E02A1
:10B6A0004CEBE473C0E90467C8E90023FFF70EFF21
:10B6B00085F31188BFF36F8F83689847EFF3118587
:10B6C000202383F31288BFF36F8FD9F800301B1B40
:10B6D000C9F80030FFF7E8FEB7E700BF488B02204B
:10B6E000B846002010B5EFF31184202383F31288AD
:10B6F000BFF36F8FFFF7E0FE054A0346D2E9000172
:10B70000181841EBE37184F31188BFF36F8F10BDFC
:10B71000B8460020F8B50546EFF31187202383F3E0
:10B720001288BFF36F8F036823B187F31188BFF3CB
:10B730006F8FF8BDD0E90A46611C46F1000202296C
:10B7400072F1000236D3012C76F10002BCBF012455
:10B750001E46013C46F1FF3619F0D0F9013041F1A7
:10B760000001001946EB0101012871F1000130DBF5
:10B7700019F0C4F9013041F100016FF00203001922
:10B7800046EB010183426FF000438B4126DB19F049
:10B79000B5F9013041F100016FF00102001946EBEB
:10B7A0000103121A4FF0FF3161EB03031C492846D5
:10B7B000FFF7A8FE2B6B01332B632B6A93B93C4632
:10B7C0002B4653F8185F9D4200D0D5B984F31188F9
:10B7D000ADE76FF001024FF0FF33E7E700224FF0D3
:10B7E0000043E3E787F31188BFF36F8F2B6A284686
:10B7F0009847EFF31184202383F31288BFF36F8FF0
:10B80000DEE7284619F0BCF80023AB6784F3118803
:10B81000BFF36F8F2846BDE8F84019F0A2B800BF0B
:10B8200015B701002DE9F04105461C4690461F461C
:10B83000EFF31186202383F31288BFF36F8FB4F1E7
:10B84000FF3F08BFB2F1FF3F05D186F31188BFF378
:10B850006F8FBDE8F081002C09DB012A74F1000331
:10B86000BCBF0122002412F1FF3844F1FF37284603
:10B8700019F018F9DDE906010023C5E90A012B6377
:10B8800042463B4628460249FFF73CFEDDE700BF43
:10B8900015B70100014BC366704700BF04020020CA
:10B8A000014800F090BC00BF3BA1030038B5064C36
:10B8B000064DAC4201D3002038BDD4E90112204628
:10B8C00019F02AF91434F4E70402002018020020C9
:10B8D0002DE9F04F8DB043680293837815469A079F
:10B8E000804640F10D8100240E78002E00F00A8180
:10B8F000252E0BD04B1C03930134029B414630464E
:10B9000098470028C0F2F6800399EDE74E788B1C2B
:10B91000252E0393F0D00027B946BB46BBF11F0F7D
:10B9200038D8A6F12003102B0AD8DFE803F02A0943
:10B9300009300909092109090928092D09091F00E8
:10B94000A6F13003092B33D92A2E37D11BF0400F33
:10B9500055F8043B40F08280002BA7BF4BF0200B32
:10B960009946C3F100094BF0280B01E04BF0010BA5
:10B97000039B13F8016B0393002ECFD130E04BF003
:10B98000020B4BF0040BF3E74BF0080BF0E74BF026
:10B99000100BEDE7BBF17F0F19D8A6F13003092B8F
:10B9A000D2D81BF0400F03D00A2101FB0737DFE795
:10B9B0000A2101FB09394BF0200BD9E72E2E06D1C5
:10B9C0001BF0400F40F09E804BF0400BD0E76C2EF8
:10B9D00031D02BD8682E36D06A2E3CD04C2E3AD09F
:10B9E000002F46F02003B8BF2BF04002A3F1650101
:10B9F000BCBF1FFA82FB0027022901D9612B2FD17E
:10BA0000073525F00705DFF8ACA2083507271BF03E
:10BA1000080F66D00AEB070B56465E4563D1A4EBD0
:10BA20000A0A06EB0A02A9EB07096FE1742E9FD000
:10BA30007A2E9DD0D4E71BF0800F18BF4BF4007B0B
:10BA40004BF0800B94E71BF4807F18BF4BF4007B16
:10BA50004BF4807B8CE74BF4207B89E71F4687E71C
:10BA6000A6F16301122900F2F080DFE811F0130063
:10BA70004F00EE00EE00EE00EE004F00EE00EE0094
:10BA8000EE00EE00EE00FE00E900EE00EE001B000E
:10BA9000EE00AF0055F8043B8DF8183001270DF18A
:10BAA000180AB4E755F804AB834BBAF1000F08BF8E
:10BAB0009A461BF0400F14BF39464FF0FF315046F5
:10BAC00019F062F80746A2E7029B414620209847FA
:10BAD00000280FDB013EB742F6D34C44A41BB1460D
:10BAE00098E74E46F7E716F8010B029B4146984748
:10BAF000002892DA98F8023043F0040388F8023004
:10BB00004FF0FF3420460DB0BDE8F08F1BF0800FE2
:10BB100034D01BF4007F2CD0073525F00705AA464A
:10BB200069685AF8080B2BF010050029ADB237DA16
:10BB3000404261EB410145F480650DF1180B0A2389
:10BB40005A4619F02DF8A0EB0B0301936B0662D552
:10BB5000019B25F001019F4289B240F3A180002E94
:10BB600000F0998015F0100240F09C80BB460D4615
:10BB700023E0AA465AF8040BC117D4E7AA461BF4DF
:10BB8000807F5AF8041B01D10846F5E71BF4007FBB
:10BB900015BF48B208B241F3C01141F3C031C2E74A
:10BBA00050EA0103C9D11BF0400FC6D0002FC4D109
:10BBB0002BF0110295B2BB46019740F2064115EAFF
:10BBC00001021CBF0BF1010B00222CE02BF0100234
:10BBD0001FFA82FB0A231BF0800C49D01BF4007172
:10BBE0001DBF073525F00705AA46AA461ABF5AF811
:10BBF000080B69685AF8040B50EA010545D12BF08F
:10BC000016051BF0400FADB242D0002F40D12BF0F3
:10BC1000170295B2019715F0100248D0019B002E33
:10BC200042D103F1010B29075AD4EB0706D5D945B8
:10BC30006FDD0199A9EB0B035F18CB465B4649E02A
:10BC40004BF0100B10237826C5E7782B04D1C6F1F2
:10BC5000780343F01003BEE7029B41462520984736
:10BC60000028FFF647AF023447E608230026B2E774
:10BC7000AA461BF480715AF8040BBDD01BF4007166
:10BC80001ABFC0B2614680B2B6E72BF0060295B289
:10BC90000DF1180B54E725F01105ADB2BB468CE74A
:10BCA0000D46B8E73B460D4603F1020BBBE7DDF856
:10BCB00004B082E76AA1030063A10300CDE9043266
:10BCC0004146029B202098470028FFF613AF049BB3
:10BCD000059A01339945F1DCA4EB0B01CC189B4686
:10BCE0000AB3029B4146302098470028FFF602AF76
:10BCF0008EB901342744019B391B994224DC1D462F
:10BD00005DBB019AA9EB0B092244554614469144A8
:10BD100035E0019F92E7023441463046029B984746
:10BD20000028E7DAE6E640F206410D42E2D015F0DF
:10BD3000020F14BF2B20202015F4806F04F10104A2
:10BD4000414618BF2D20E9E7029B41463020984725
:10BD5000002804F10104CEDACCE606AB013D4146F1
:10BD6000585D029B98470028CADAC3E6029B414609
:10BD700020209847002804F10104FFF6BBAEA9EB90
:10BD80000403002BF2DCBFE57047002210B511461A
:10BD9000044605F048FB00221146204605F04AFB08
:10BDA00000221146204605F030FB002220461146B5
:10BDB000BDE8104005F030BB00EBC10040884008F2
:10BDC0007047F8B50346FFF7F7FFB0FA80F0C0F10F
:10BDD0001F0003EB800CCA00DCF81060171D0C4636
:10BDE00006328DB256B9012101FA00F0D96801433B
:10BDF000D960CCF81040DD539D52F8BDF1000431FC
:10BE0000585AD85303EBC0009E52C5805D52F4E7E8
:10BE100010B500EBC104E388994202F104010AD194
:10BE2000012303FA02F2C36823EA0203C36000237A
:10BE300040F8213010BDA28840F8213000EBC2014B
:10BE400000EBC300CB808280F4E708B50346FFF720
:10BE5000B3FFB0FA80F2C2F11F021846BDE80840F5
:10BE6000FFF7D6BF2DE9F843B1FA81F5C5F11F09F7
:10BE700000EB89080346D8F810200E46C2B103270C
:10BE8000D8F8104018462146FFF796FFB04206D377
:10BE90004A461846FFF7BCFF2046BDE8F88303EB8F
:10BEA000C404013FE088C8F8100001D08242E7D105
:10BEB000C5F120024FF0FF349440DA681440EBD013
:10BEC00094FAA4F2B2FA82F2111D53F821402146ED
:10BED000DFE738B50346FFF76FFF0D46044611460E
:10BEE0001846FFF769FF03EBC5050444600068804E
:10BEF0001846FFF761FF014423F8314038BD38B5DB
:10BF00000346FFF759FF0C46A51A511A03EBC40468
:10BF100005444800608003EBC2006C00448023F8B5
:10BF2000321018461146FFF747FF014423F83150FD
:10BF300038BD38B50546FFF73FFF0C46014405EB19
:10BF4000C1035B88DA070AD42846FFF77EFF214643
:10BF50002846FFF731FF22182846FFF7BAFF35F8C9
:10BF60003410611A05EBC1035B88DB070CD428464B
:10BF7000FFF76BFF35F834102246611A2846FFF7A9
:10BF8000A8FF35F83430E41A21462846BDE8384089
:10BF9000FFF717BF2DE9F8430E1F361AF70826F0F2
:10BFA0000706331D0344C91A02F0070301F0070412
:10BFB0000B33C908234401EBD20404EBD304836898
:10BFC00039469C4228BF1C460546FFF7F5FE8442D1
:10BFD00081460DD010D22E443A192846FFF78FFF24
:10BFE000738843F00103738011462846FFF7A1FFD1
:10BFF00001221046BDE8F88307EB000805EBC802F4
:10C00000528812F0010224D141462846FFF7D4FE9F
:10C0100048448442EDD82846FFF717FF414628469A
:10C02000FFF7CAFEA4EB0909814507D23A19284651
:10C03000FFF765FF11462846FFF7C3FE2846424634
:10C040003946FFF746FFA819438843F001034380B0
:10C05000CEE70022CDE761B100680439091A21F06A
:10C0600007030344C9085A8822F001025A80FFF7E7
:10C0700060BF704710B503680A1FD21A0C461846F5
:10C08000D108FFF799FE03EBC1031B1B03EBC000B4
:10C0900010BD70B5056809B9002070BD01F0070337
:10C0A0000B33CC0804EBD304AB689C4228BF1C467E
:10C0B00021462846FFF7D6FE06460028ECD001466A
:10C0C0002846FFF779FEA04207D932192846FFF724
:10C0D00016FF11462846FFF774FE05EBC602104610
:10C0E000538843F0010353800430D6E7F8B5054682
:10C0F00016460C4621B9BDE8F8401146FFF7C9BF06
:10C1000022B9FFF7A8FF00242046F8BD0068FFF71A
:10C1100041FF0028F8D131462846FFF7BAFF07460D
:10C120000028F0D021462846FFF7A4FF8642324679
:10C13000214628BF0246384618F0F6FC214628461C
:10C14000FFF789FF3C46DFE7043A2DE9F041CC1DBB
:10C15000114424F0070421F007010E1BF708B7FA79
:10C1600087F2C2F12405AD004FF000080735C2F197
:10C170002002ED0804604146A760C4F80C809200DC
:10C1800004F1100018F0F8FC6B0043F00103638029
:10C1900004EBC5027B1B5900A4F800805180A21952
:10C1A00024F83550A2F80280A35304EBC7032946B4
:10C1B0005A8842F001025A802046BDE8F041FFF75C
:10C1C00000BE002070470FB407B504A951F8040B56
:10C1D0000191E4F70BFB03B05DF804EB04B070478A
:10C1E000038B13F0070305D10368002B0CBF00205D
:10C1F00003207047022B05D1408BB0FA80F0400934
:10C2000080007047012B05D10368002B0CBF002074
:10C21000052070470020704710B50C4600B111B9D9
:10C220006FF0150010BD081D00F093F80028F9D13B
:10C23000A368032BF6D9F3E72DE9F0410D46074635
:10C240001946281D90461E4600F094F8044638B161
:10C250003346424629463846A446BDE8F041604789
:10C26000BDE8F08110B4EFF31182202484F312882A
:10C27000BFF36F8F416110BC0121E4F7E9BA38B513
:10C280000C46054658B151B10B6843B14B6833B108
:10C290001C22002118F070FC2C61002038BD6FF0CA
:10C2A0001500FBE770B505460E46FFF7B5FF041E07
:10C2B00014DBEFF31182202383F31288BFF36F8F17
:10C2C0006B8B2C8B4FF6FF718B4204F0070407D168
:10C2D00082F31188BFF36F8F6FF00A04204670BDA0
:10C2E000022C0CD101336B8382F31188BFF36F8F63
:10C2F0000023224631462846FFF79EFFEEE7062C34
:10C3000014D8DFE804F004131313041A0400002304
:10C3100033606B683BB9C5E90066ACB902212846B9
:10C32000E4F796FADAE71E606E60F6E782F31188AA
:10C33000BFF36F8F6FF00404D0E782F31188BFF36F
:10C340006F8F6FF08504C9E782F31188BFF36F8F99
:10C35000C4E7034658B1426802F00302012A03D041
:10C36000032A04D1026812B10020986070476FF070
:10C37000150070474268816002F00302032A4FF003
:10C38000000203460CBF006810465A6070477047B1
:10C39000F0B403460A461979DB8800681343DC02CF
:10C3A0008768066906D513F4402F03D0DA0748BF23
:10C3B00083F44023346801258D4023F48012DB0789
:10C3C0004CBF2C43AC4334603B68F0BC1847034679
:10C3D0000A4600681979012303FA01F103691B6811
:10C3E000194218BF82F0010212B18368DB68184756
:10C3F00083681B69FBE743681868836804315B68DE
:10C40000184770B544681D46E368164683B10C347E
:10C4100001212046FFF7DBFF00280BDB29463046D1
:10C4200018F0E0FA20460021BDE87040FFF7CFBFCA
:10C430006FF0850070BD70B544680569206818F01C
:10C4400072F910B96FF0120070BD606830B9E06821
:10C4500088B9284618F0B8F90020F5E7261D18F02D
:10C4600062F90028EED04FF400313046FFF790FF1C
:10C470000028ECDAE8E70C3418F055F90028E1D090
:10C480004FF4B0112046FFF783FF0028E1DADBE725
:10C490002DE9F04F87B0D0F804B0DDF8448007698B
:10C4A00006460D4691469A464FF0FF324FF0FF3355
:10C4B0003846FEF7A5F8041E24DB2B78022B39D171
:10C4C0009BF81430082B35D102AB04930DF1070211
:10C4D0000123CDE9022376688DF807A00593B9F111
:10C4E000000F13D00021301DFFF771FF3068836803
:10C4F00004AA1C68291D0023A047041E07DA384639
:10C50000FEF7F6F8204607B0BDE8F08F4C46B8F1CC
:10C51000000FF4D0109B0121301DCDE90238FFF748
:10C5200056FF3068836804AA1C68291D0023A047B1
:10C530000446E4E76FF08504E1E707B51B68CDE941
:10C54000002300231A46FFF7A3FF03B05DF804FBA6
:10C5500013B5049CCDE9003413460122FFF798FF80
:10C5600002B010BD012801D1EFF30583FDF752BEE3
:10C5700001460068FFF7F6BF08B5E4F77DFABDE8AD
:10C580000840E4F79DBA00210120FFF7EBBF61B638
:10C5900062B680F31188BFF36F8F704772B60023C5
:10C5A00083F31188BFF36F8FBFF34F8F30BF62B635
:10C5B000BFF36F8F704772B6002383F31188BFF308
:10C5C0006F8FBFF34F8F20BF80F31188BFF36F8F42
:10C5D00062B67047202809D9B0F1004F08D8013859
:10C5E000B0FA80F0C0F11F0040007047082070478B
:10C5F0003E20704708B5E4F77DFE002008BD0369C2
:10C60000C9B20C2201FB0233186C00F0070070471E
:10C6100070B5C9B20369EFF31185202484F3128841
:10C62000BFF36F8F0C2606FB0134246C14F0C0049A
:10C6300008D0A24206D085F31188BFF36F8F4FF068
:10C64000FF3070BD06FB013301221A6485F31188A7
:10C65000BFF36F8F436803EBC1035B68984700200B
:10C66000EFE78022FFF7D4BFF8B5069F0469C9B28F
:10C67000EFF31186202585F31288BFF36F8F0C2509
:10C6800005FB0144256C05F0070CBCF1010F0CD132
:10C69000276486F31188BFF36F8FC4E90E234368C4
:10C6A00053F8313098470020F8BD05F0C005AF427F
:10C6B00086F31188BFF36F8F0CBF6FF077004FF0D8
:10C6C000FF30F1E713B580240094FFF7CDFF02B0EF
:10C6D00010BD10B40069CBB21C2403FB0400002180
:10C6E00010BC10470020E6F77FBF002000F0D3BE4B
:10C6F0001046FEF74DB838B50B4644680569102260
:10C700000021184618F038FA112242606A78027344
:10C71000AA7812F0FD0F0BBFA28CE28C028002807F
:10C720000CBFE28CA28C4280AA78427338BD37B528
:10C730000D46416848688468246808312CB100932C
:10C7400013462A46A04703B030BD6FF05700FAE702
:10C7500037B5436805691B6808228DF807201B78E8
:10C760000C46D3B9032906D8DFE801F002111315EE
:10C7700048238DF8073001230DF107023621FFF71A
:10C78000D6FF0028A4BF0020AC7003B030BD282322
:10C79000EFE78823EDE7E823EBE7012BEBD1022954
:10C7A00005D0032905D00129E5D1A823E1E7C82355
:10C7B000DFE76823DDE773B5102905690C4612D061
:10C7C000012913D1662303268DF807300DF10702E6
:10C7D00001233A21FFF7ABFF002802DB6C702E70BB
:10C7E000002002B070BD55230226EDE76FF08500F2
:10C7F000F7E72DE9F04F904687B09A88B3F806A086
:10C80000109E476805691C464BBAADF80C308B1872
:10C81000013B013AC3F30723114443EA0121ADF878
:10C820000E10042303AA2A218146FFF780FF002867
:10C8300038DB98FA98F3D04408F1FF38ADF80C30A3
:10C84000C8F3072343EA0823ADF80E3003AA0423F4
:10C850002B214846FFF76BFF002823DB2189A288A4
:10C86000B4F80680914220D90123ADF812302B781C
:10C870004B430393A37A8DF816300023ADF81020B4
:10C88000ADF814202C211A464846FFF750FF002827
:10C8900008DB4FF0000907F1080A1FFA89F39845F1
:10C8A0000CD8002007B0BDE8F08FADF812802B78CF
:10C8B000534308FB03F34FF00108DAE778686B781D
:10C8C0008268D2F808B0BBF1000F0DD00093324659
:10C8D00003AB5146D847002809F10109E2DB23895F
:10C8E0002A7802FB0366D8E76FF05700DAE70023E7
:10C8F0001A462921FFF71BBF00231A462821FFF7FC
:10C9000016BF38B543680446586817F00CFF002876
:10C9100058D0636858688368D96841B121220023E0
:10C920008847002803DBA420002118F05BF80023CF
:10C930001A4601212046FFF7FAFE002827DB0021D6
:10C94000A42018F04FF82046FFF7D6FF656895F849
:10C950002030002B14BF012110212046FFF72BFFB0
:10C96000002814DB698C29B15A2911D0B42914BFCD
:10C97000032102212046FFF7EBFE002807DB95F894
:10C9800028303BB92B6B2046984700280BDA38BD7E
:10C990000121EFE700231A4621212046FFF7C7FEB9
:10C9A0000028EFDAF3E700231A4611212046FFF7AB
:10C9B000BEFE0028EBDB40F65D70002118F012F897
:10C9C0000020E4E76FF01200E1E738B54368DD6A64
:10C9D000262101232A460446FFF7A9FE002844DB4E
:10C9E00002236A1CB1212046FFF7A1FE00283CDB90
:10C9F0000323EA18B6212046FFF799FE002834DB0E
:10CA00000223AA1DC0212046FFF791FE00282CDB3F
:10CA1000012305F10802C1212046FFF788FE002806
:10CA200023DB022305F10902C5212046FFF77FFE23
:10CA300000281ADB012305F10B02C7212046FFF76E
:10CA400076FE002811DB0F2305F10C02E0212046C1
:10CA5000FFF76DFE002808DB0F2305F11B02E12123
:10CA60002046FFF764FE00EAE07038BD43685B686B
:10CA7000D3F810350B600020704743685B6802EA0A
:10CA8000010021EA0201C3F80805C3F80C150020D3
:10CA9000704743685B680020C3F808157047436817
:10CAA0005B680020C3F80C15704743685A68D2F8D9
:10CAB000043521EA03000B40C2F80805C2F80C3522
:10CAC0000020704710B503695868F8B1884219D141
:10CAD0009C6808685860A14200D1986000200860F6
:10CAE0002AB15A680A609A68596002B999600020B0
:10CAF00010E0814206D10868206098688142EDD13B
:10CB00009C60EBE7044600680028F2D1002AE8D1D7
:10CB10006FF0150010BD37B5044600220121032037
:10CB2000E4F7DCF96368DD6901AA0021284600F01A
:10CB300010F900280DDB019B2A6819791868E5F7C0
:10CB400023FB002805DB204603B0BDE83040E5F7B5
:10CB50008FB903B030BDCA074368006905D4C1F37B
:10CB60004202012A04D0022A0AD06FF01500704751
:10CB70001B684FF0CC72C3F8242501600020704779
:10CB80001B684FF0CD62F6E71438FDF7ADBF10B566
:10CB900086B0009203930122089B01920493002225
:10CBA00007238DF808208DF814309DF81430826822
:10CBB00043F002038DF8143094680B460222694654
:10CBC000A04706B010BD2DE9F04350F8045C87B0D3
:10CBD0006F682E69F868398A022301248DF81230B3
:10CBE00000940DF111030DF11202FFF7D0FF0028A0
:10CBF0003FDB9DF8113003F00F038DF81130002B4F
:10CC00003AD003238DF813300423F868398A00934F
:10CC10000DF1130205ABFFF7BAFF002829DB9DF8E1
:10CC200014309DF815209DF817101B0203F4706353
:10CC30001A439DF81630180203F00F0300F47060D9
:10CC40000F2B41EA000117D04FF0FF384FF0FF39AA
:10CC50002846CDE9008900F051F8CDE90289009419
:10CC600023464FF4A57221462846E4F7B7FB86F821
:10CC7000504007B0BDE8F08396F850300BB900245F
:10CC8000F5E74FF0FF324FF0FF330121CDE90223EA
:10CC9000009100234FF4A5722846E4F79FFBEEE7CE
:10CCA00037B50C460569836801A95B68984748B9A0
:10CCB000019B2A685A40012303FA04F10A4214BF77
:10CCC0001846002003B030BD70B551F8043C5B68D5
:10CCD0001E680C464FF4004540F2E73000214FF447
:10CCE0007A720023E6FB0501E3F75AFA02460B4687
:10CCF00004F11400BDE87040FDF76ABF2DE9F04370
:10CD00000B46416804461546087A8A7A85B0DDE903
:10CD10000C6782F0010908B10868C31A487A08B1A3
:10CD200049684D1B4FF00008CDE90267CDF800803F
:10CD300003212046E4F752FBCDE90267CDF80080DD
:10CD40002B464A4603212046E4F748FB05B0BDE8E0
:10CD5000F08330B543681360057A446804EBC5047A
:10CD6000A34202D36FF0010030BD5C798C4201D048
:10CD70000833F0E70020F7E770474368DB6B0020DB
:10CD8000C2E9003070472DE9F341BDF820C0456885
:10CD90000469032906460CF0010C5ED8A87F01281F
:10CDA00008BF5B084FF0010008BF52088840002B05
:10CDB00056D0934257D22768BA4211D02779874379
:10CDC0004BD19646BEF5004F42D2226067712A6869
:10CDD00095F81E80C2F80C75C2F80485C2F808E503
:10CDE000627923FA02F292B24FF0010E77688CF06A
:10CDF0000108BF6A42EAC83227F81120C7B2BEF163
:10CE0000000F3FD12A6801F5AC7152F82120002AA9
:10CE10000FDBBCF1000F4AD0B3FA83F35B093BBBD5
:10CE200001A80192E5F782FA019A01239340C0F824
:10CE30000C35217921EA0701217139B3A37973BB3C
:10CE40001023012205F128012846E7F719F922E00D
:10CE50000137082F4FEA5E0EB4D16FF015001BE0CA
:10CE60009E461A46C2E74FF0000E47F6FF72BDE736
:10CE700001A80192E5F75AFA019A01239340C0F8FC
:10CE80000835D6E723793B432371D7E77068E7F786
:10CE900035F90123A371002002B0BDE8F081002321
:10CEA000A371284600F0ECFB0028FAD0C8E7003B4D
:10CEB00018BF0123B3E743681B68D3F88004C3F8A5
:10CEC0008004704742681368D3F8100150B1D269EA
:10CED000002012780A70C3F81001D3F81021012243
:10CEE0001A6070474FF0FF30704702680346D2F86F
:10CEF000580140B95B68DB0706D4D2F8200100383E
:10CF000018BF012070470120704743681B68D3F8A1
:10CF10000423D20517D5D3F82021A2B1EFF3118253
:10CF2000202181F31288BFF36F8FD3F8201131B124
:10CF30000021C3F82011D3F820110121D96082F318
:10CF40001188BFF36F8FD3F8583170470022012149
:10CF50000420E3F7C3BF10B50B6813B9136018467C
:10CF600005E003685C681CB114600368186810BDB4
:10CF7000083303600B68013B0B60EDE703460A468C
:10CF800000681979012303FA01F103691B6819424A
:10CF900018BF82F0010212B18368DB68184783680A
:10CFA0001B69FBE710B5036804464BB19A683AB1B8
:10CFB000186917F0B3FB206800210830FFF7DEFF87
:10CFC000A36933B9636004F11000BDE81040FDF7B8
:10CFD000DFBB10BD10B5006903688B4206D190F825
:10CFE0005C4034B9FFF7DEFF204610BD6FF015003E
:10CFF000FBE76FF00F00F8E72DE9F341446805699E
:10D00000266A01AA00213046FFF7A3FE002825DB8F
:10D01000019B326819791868E5F7B6F800281DDB1E
:10D02000616A481C11D1E3699847AC68012608344D
:10D03000D5E9023203EBC203A4F10802934210D8EF
:10D040002846FFF7AFFF002008E004F12800E5F7CD
:10D05000AFFC10F1130F01D0411DE4D102B0BDE8C7
:10D06000F08154F8080C17F05EFB28B354F8080C54
:10D0700014F8041C34F8023CD0F810C0D0F8088032
:10D08000DCF80070DA0754BF43F4B01383F4D01314
:10D0900023F4801206FA01FEDB074CBF4EEA0707B5
:10D0A00027EA0E07CCF80070D8F80030984700281F
:10D0B00004F10804BCDAD1E76FF01200CEE738B50E
:10D0C00003780C4663B98D6D5DB94B6D1C696FF0CB
:10D0D0007303236304F12000FDF75AFB84F85C50CE
:10D0E00038BD8B6C93B19D4210D85B1B8B6443BBE6
:10D0F0004B6B08334B638B6B013B8B6301F1480235
:10D1000004F134003831FFF726FF6064236D9BB1D2
:10D110009D4211D85B1B2365CBB9E36B0833E363F6
:10D12000236C013B236404F1500204F1400104F13B
:10D130003C00FFF710FFE064606DBDE83840E5F7A4
:10D1400039BA4B6C002BE1D02B444B64DEE7E36C27
:10D15000002BF1D02B44E364EEE7F8B50C4605460E
:10D1600000F02CFA0022214606462846E6F788FD04
:10D1700003212046E5F7FCFB00F07AF907462B680F
:10D180009B5953B100262146284600F015FA204647
:10D190000121E5F7EDFB3046F8BD00F069F9C01B51
:10D1A0000628ECD96FF07306EDE7002201212F204D
:10D1B000E3F794BE10B50B6813B91360184605E089
:10D1C00003685C681CB114600368186810BD0833FC
:10D1D00003600B68013B0B60EDE713B501AA044641
:10D1E000FFF7B7FD002805DB019B22681979186855
:10D1F000E4F7CAFF02B010BD03460A460068197979
:10D20000012303FA01F103691B68194218BF82F078
:10D21000010212B18368DB68184783681B69FBE76A
:10D2200038B50569446895F85D302BB12046E7F7BD
:10D230009FFB002385F85D30E06B0121FFF7CDFFF8
:10D24000002038BD10B504460068D0B18368C3B172
:10D2500049B101210830FFF7CFFF23681869BDE805
:10D26000104017F05BBA12B98388DB0409D4006957
:10D2700017F054FA20680021BDE810400830FFF78D
:10D28000BBBF10BD10B5012200210446FFF7DAFF35
:10D29000A36933B9636004F11000BDE81040FDF7E5
:10D2A00077BA10BD10B5006903688B4206D190F8BB
:10D2B0005C4034B9FFF7E6FF204610BD6FF0150063
:10D2C000FBE76FF00F00F8E72DE9F84344680669C3
:10D2D00005460021E06BFFF780FF002822DB216C70
:10D2E000481C16D1636B9847B46801270834D6E907
:10D2F000023203EBC203A4F10802934214D8304671
:10D30000FFF7C0FF6B680021D86BFFF766FF0020B6
:10D3100008E004F14400E5F74BFB10F1130F01D0D6
:10D32000411DDFD1BDE8F88354F8080C17F0FBF974
:10D3300028B354F8080C14F8041C34F8023CD0F854
:10D3400010E0D0F80890DEF800C0DA0754BF43F4CC
:10D35000B01383F4D01323F4801207FA01F8DB072B
:10D360004CBF48EA0C032CEA0803CEF80030D9F889
:10D3700000309847002804F10804B8DAD2E76FF0CB
:10D380001200CFE738B505690446296305F120008E
:10D39000FDF7FEF9002285F85C2020691146BDE802
:10D3A0003840FFF74FBF38B502780346002A52D104
:10D3B0000C69A26D32B9606D6FF07301BDE8384041
:10D3C000FFF7E0BFE06C40B1216D31B1DB6823B104
:10D3D000834202D0616E17F0A7FBA36CA56D9BB1D1
:10D3E0009D4211D85B1BA3644BBB636B0833636323
:10D3F000A36B013BA36304F1480204F1380104F17B
:10D400003400FFF7D7FE6064236D9BB19D4211D8B5
:10D410005B1B2365CBB9E36B0833E363236C013BF0
:10D42000236404F1500204F1400104F13C00FFF7D1
:10D43000C1FEE064606DBDE83840E5F7E9BA636CB1
:10D44000002BE1D02B446364DEE7E36C002BF1D0CA
:10D450002B44E364EEE738BD00F150039B009BB220
:10D4600003F1804303F5883300221A601B6870477C
:10D4700008B5E5F74FFD08BD004717F04FB9C000EC
:10D4800000F1804000F5F830C0F81015C0F8142500
:10D490007047E6F72BBDE6F723B8F7B5019001A872
:10D4A000DDE9084716461D46E6F730F9019BB6F15F
:10D4B000000C18BF4FF0010C00EB83000B1E18BFCF
:10D4C0000123002D43EA4C0314BF4FF00C0C4FF026
:10D4D000000C002C43EA0C0314BF4FF4E06C4FF037
:10D4E000000C002F43EA0C03D0F8002714BF4FF4C0
:10D4F000403C4FF0000C43EA0C0322EA030301B165
:10D5000009780EB13678760019430DB12D78AD004B
:10D5100031430CB12478240229430FB13F783F04F2
:10D520000C433C43C0F8004703B0F0BD1FB50DF1FC
:10D530000F03019300238DF80F1000931A4619462C
:10D54000FFF7ABFF05B05DF804FB08B50146E6F751
:10D550002FF940B10846E6F713F900B2800000F554
:10D56000807080B208BD4FF4BE70FBE738B5054649
:10D5700008460C46E6F71CF9B0B10846E6F70CF988
:10D5800090B90846E6F7FCF82A6801238340C2F800
:10D5900008332A6803B202EB8303D3F8102522F084
:10D5A0000302C3F8102538BD20460021BDE83840ED
:10D5B000FFF7BCBFE6F782B9FFF7D8BF0846FFF711
:10D5C000C4BF30B502240C72CA6004680125C4F8D7
:10D5D0000055096879B112F0040F0CBF8221922125
:10D5E000150748BF41F02001D406046848BF21F068
:10D5F0008001C4F800139B000168083312F080001A
:10D6000006BF0122CA50C81830BD30B5A2F58075DA
:10D61000AD080124AC400C4207D0815829B100214B
:10D62000815082581A6822431A6030BD13B5002316
:10D630000C4601934FF4887201ABFFF7E6FF2146D9
:10D640004FF48A72FFF7E1FF21464FF48E72FFF725
:10D65000DCFF21464FF48272FFF7D7FF21464FF4DB
:10D660008472FFF7D2FF21464FF48672FFF7CDFF99
:10D670004FF48C722146FFF7C8FF019802B010BD2D
:10D68000E6F74ABC07B5019001A8E6F795FD019AB7
:10D6900001239340C0F8083503B05DF804FB07B5DB
:10D6A000019001A8E6F788FD019A01239340C0F894
:10D6B0000C3503B05DF804FB37B5D0F818358A692E
:10D6C000DBB28DF807300B6A93423EBF4A699DF882
:10D6D0000740D4540B6A91F824500C695A1C0A6212
:10D6E000023335B1A3428C6938BF0B619C4288BFBD
:10D6F0008B610D699D4205D9CA68D35CC0F81C35A1
:10D7000001200AE08C699C4201D9CB7FF6E7AA424E
:10D71000F6D3A2422CBF0020012003B030BD70B56B
:10D72000A2F58074A408012606FA04F4054614EA5A
:10D73000010008D0A85830B10021A950AA581A6891
:10D7400022431A60304670BD2DE9F34100230446A0
:10D750000D460193904601AB4FF4A672FFF7DFFF31
:10D760004FF4827229462046FFF7D9FF4FF48C729E
:10D77000074629462046FFF7D2FF064630B1B8F1EA
:10D78000000F1DD017B1D4F83C353E4601AB4FF425
:10D79000887229462046FFF7C2FF30B1B8F1000F6A
:10D7A00003D016B90FB1D4F83C3501AB4FF49072E9
:10D7B00029462046FFF7B3FF019802B0BDE8F0818B
:10D7C0004646E3E707B5019001A8E6F7CBFE019ACC
:10D7D00001239340C0F8083503B05DF804FB07B59A
:10D7E000019001A8E6F7BEFE019A01239340C0F81C
:10D7F0000C3503B05DF804FB30B5D0F804312BB123
:10D800000023C0F80431D0F80431012391F82F200F
:10D8100022B30022C0F82421D0F82441C0F81C21F2
:10D82000D0F81C41C0F80821D0F80821002B79D08D
:10D83000002281F82D2091F82F20002A37D14D6B3E
:10D840008C6AA5421FBF0523C0F80025C0F800352B
:10D85000134683F0010381F82F3028E0D0F82441EB
:10D8600014B1C0F824210EE0D0F81C216AB3C0F82E
:10D870001C41D0F81C214A6B01324A63D0F8245174
:10D8800045B1C0F82441D0F824210122426181F839
:10D890002F20CBE78C6AA24204D24C6AA25CC0F86B
:10D8A0001C25C3E791F82C201AB10123C361002085
:10D8B00030BD0A6A12F0400F4FF0010203D0C2617E
:10D8C00081F82D20F3E74261B0E7D0F80841002C41
:10D8D000ACD0C0F80821D0F80841D0F82441002C81
:10D8E000BFD14A6B8C6AA242A0D24C6AD0F81855BC
:10D8F000A5544A6B8C6A0132651EAA424A6308D15C
:10D900000A6A540602D40222C0F8002201220262EE
:10D910008CE7A242FAD10A6A520687D5022381F81F
:10D920002D30C4E70120C3E707B5019001A8E7F750
:10D9300009FC019A01239340C0F8083503B05DF853
:10D9400004FB70B506460020EEF7CEF9002504462C
:10D950000CB9284670BD20460EF059F901280AD0AE
:10D9600020460EF05AF9864208BF25462046EEF7BB
:10D97000BBF90446ECE72546EBE72DE9F047037FCA
:10D98000DC0705468846924602D50020BDE8F087B0
:10D99000C668BEB137464FF0010931462846D04728
:10D9A000B8420446F1D03E46ACB92B7F1907ECD5FE
:10D9B000B9F1000FE9D02846C047044636B14FF010
:10D9C0000009F1E71A07F6D488470446002CDCD09A
:10D9D00026464FF00009206800F081FC030638D489
:10D9E000276837BBEB68A342CFD073B128461E68C7
:10D9F000FFF7A7FF142102463046E7F7BFFC0128D6
:10DA0000C3D1EB68186802F06DF8EC602846246812
:10DA1000FFF797FF132102462046E7F7AFFC0128E6
:10DA2000B3D1EB68186802F05DF82B69A3B9012047
:10DA3000ACE70121384600F046FC20B9384603F037
:10DA400089FD0746CDE70121384600F03CFC00285F
:10DA5000C8D037462646A0E728469847E7E770B57E
:10DA6000064600F044FC0446002838D0C368E3B101
:10DA70001B68B34219D1037FDA0744BF6FF3000379
:10DA8000037710F0F6F9E368834229D1204610F0BD
:10DA9000F3F9E368984223D105682046FFF751FF68
:10DAA000142102462846E7F769FCE36823B11B68A6
:10DAB000B34204BF0023E360204610F0DAF90546C4
:10DAC00068B12B68B342294620461CD110F091F969
:10DAD0002846F2F7B1FCB3680BB100225A6070BD62
:10DAE000237FC3F3C00543F0080323775B07204679
:10DAF00006D4E7F7B1FB237F65F3C3032377D4E7AD
:10DB0000E7F7BEFBF7E710F0BAF9D8E770B50D46B6
:10DB1000044618B30846FFF7A2FFAB6813B92846BE
:10DB200000F013FEAB6820465C6010F046F9064634
:10DB3000A0B10560204610F09CF986420ED1237FEB
:10DB4000C3F3C00543F0080323775B07204606D4E0
:10DB5000E7F782FB237F65F3C303237770BDE7F705
:10DB60008FFBF7E710B1C06800B10068704713B5CC
:10DB70000191FFF7F7FF044610B9012002B010BD74
:10DB8000802100F0AEFB0028F7D101AA1121204628
:10DB9000E7F7F4FBF2E738B5027FC2F340048C42AA
:10DBA000034617D061F341020277FFF7DBFF04461B
:10DBB00080B1DA6818461568FFF7C3FE13210246E4
:10DBC0002846E7F7DBFB012804D12046BDE83840B2
:10DBD00001F088BF38BDF8B5064670B100F087FB8C
:10DBE000044650B1017F11F0010106D1FFF7D3FFC8
:10DBF000204610F03EF9054600B9F8BD2B689E425C
:10DC000029D1E36883B11F68BE420DD02046FFF7DB
:10DC100098FE142102463846E7F7B0FB0128ECD104
:10DC2000E368186801F05EFF2369E5600BB12046E8
:10DC30009847E36820461D68FFF783FE13210246DC
:10DC40002846E7F79BFB0128D7D1E3681868BDE8B1
:10DC5000F84001F047BF2946204610F010F9CAE706
:10DC600010B1007FC0F34000704710F00FB92DE9EC
:10DC7000F3414E680C462EB33046E8F79BFA074650
:10DC8000304602F070F91022804600213046B56916
:10DC900002F0D9FE2B18A3EB0803A361013B23621A
:10DCA0000190122200213046756902F0CCFE054435
:10DCB000E81B60610138E0614BF67633636202B0C5
:10DCC000BDE8F08141F67603F8E72DE9F04FB0F8B2
:10DCD00028B08B4589B00446884607D00A46594685
:10DCE00002F0E9FE814620B9A4F8288009B0BDE819
:10DCF000F08F204601F0F6FE2046A4F8288003F0BD
:10DD000015F84FF42070F2F785FB00266FEA080340
:10DD1000074635460793628DC2F30513B3421BD9FC
:10DD2000202D19D0E16801EBC60CF000DCF80430BE
:10DD3000C3F3170E9BB20593DDF814A0079B13EAFB
:10DD40000A0F38D19CF8073013F0020309D00136CE
:10DD5000C2F305139E42E5D314233E4603FB05752B
:10DD600066E00A58117A1268FF2920D002EB810080
:10DD7000994220D910F801ABBAF1680F1DD152F8C1
:10DD8000233004E0682B02F1080210D14B680EF436
:10DD90007F02069200211A6812F801A0BAF1000F62
:10DDA00009D0202D07D000203A4603901BE01378BD
:10DDB0001146002BE6D10136ADE70133D8E7107AE2
:10DDC00050450CD15068049000F47F0E06988645AB
:10DDD00005D1BDF81000DDF814E070451CD20398A1
:10DDE00001300390143203988542E8D114226A432B
:10DDF000D3F80CE027F802E0B8181A6942809A6854
:10DE0000C2601A68525C02725A680261DCF804202F
:10DE1000C2F31702426001350131BCE77168009618
:10DE200043465A4601F47F012046E8F749FE14367E
:10DE3000B542F3D13846F2F7FFFA09F0FD03012BA2
:10DE400008D1FF224FF47021204609B0BDE8F04F01
:10DE5000E8F7FCBCB9F1020F7FF448AF204601F0AF
:10DE600041FE204609B0BDE8F04F01F0F7B92DE9B9
:10DE7000F041A6B005460FF0A4FD064628460FF077
:10DE80009CFD1A2E04467DD128460FF09EFD037896
:10DE9000022B064609D02D220021204602F0D3FD98
:10DEA00005460A9020B10223337026B0BDE8F08108
:10DEB00001460C22204602F0C6FD6A2207460A905F
:10DEC0002946204602F0BFFD6B2280460A90294673
:10DED000204602F0B8FD0A9063690A93A3690B9388
:10DEE000E3690C930246236A0D9341460AA80EF09B
:10DEF00098FE70683A460AA90EF069FF08B9012336
:10DF0000D2E71D222946204602F09DFD0690C0B2B0
:10DF1000FC28F4D962222946204602F094FD06909E
:10DF2000C0B2FC28EBD920222946204602F08BFD06
:10DF30000690C0B288B125222946204602F083FD12
:10DF40000690C0B2FC28DAD924222946204602F0E5
:10DF50007AFD0690C0B2FC28D1D9262200212046A5
:10DF600002F071FD069020B1827A002303309A42BC
:10DF700001D8002398E703EB8301415CFC29BED95B
:10DF80000133F4E71D2E39D1284601F0B6F90546D4
:10DF90000AA8EBF7C1FA0AAA002120460E9500F064
:10DFA00005FD35220021204602F04DFD069028B1E6
:10DFB0009DF8713043F020038DF871306A22002102
:10DFC000204602F040FD6B220646069000212046C6
:10DFD00002F039FD069063690693A3690793E3692C
:10DFE00008930246236A0993314606A80EF019FEEB
:10DFF00006AA0AA9284604F06DFB56E7202E7FF4F6
:10E0000054AF284601F079F906AA064602A920462F
:10E0100002F06BF802A80EF0FAFD002800F0AF80C5
:10E020000AA8EBF779FA1D224FF48031204602F05E
:10E030000AFD0190C0B202288DF8480010D91C22B8
:10E040004FF48031204602F0FEFCC0F30722C0F3FB
:10E05000074301908DF849008DF84A208DF84B3028
:10E0600032224FF48031204602F0EDFC0190C0B224
:10E0700002288DF8700017D930224FF480312046E5
:10E0800002F0E1FC002801901B9040F3C080312297
:10E090004FF48031204602F0D6FCC0F307430190D4
:10E0A000ADF866008DF868303E224FF4803120468E
:10E0B00002F0C9FCC3B2022B01908DF8943023D931
:10E0C0003C224FF48031204602F0BDFC0028019034
:10E0D000219040F3A08042224FF48031204602F08C
:10E0E000B2FC3D22019024904FF48031204602F092
:10E0F000AAFCC0F30722C0F3074301908DF881000A
:10E100008DF882208DF883304FF48031204602F064
:10E11000DDFDFC280BD89DF8483013FB00F3C3F35A
:10E1200007238DF848308DF870308DF894309DF8C5
:10E1300070209DF8483013439DF89420134324D059
:10E140000C224FF48031204602F07DFC01901190AA
:10E1500002A80EF05CFD30B1002302AA0AA93046E5
:10E160000C9304F0B7FA06A80EF051FD68B1012334
:10E1700006AA0AA930460C9304F0ACFA05E006A8FA
:10E180000EF045FD00287FF44BAF302200212046E1
:10E1900002F059FC0A9000283FF487AE3522002196
:10E1A000204602F050FC0A9000283FF47EAE002585
:10E1B0000AA8EBF7B1F90AAA294620468DF848507B
:10E1C0008DF863508DF880508DF894500E9600F0C5
:10E1D000EDFB6A222946204602F035FC6B220746F9
:10E1E00006902946204602F02EFC069063690693AD
:10E1F000A3690793E36908930246236A09933946A2
:10E2000006A80EF00EFD06AA0AA93046F3E6002382
:10E210008DF8703048E700238DF8943074E770B5BE
:10E22000436A194288B004460D4632D0E7F724F914
:10E23000EA0606460CD504AA6946204601F055FFB9
:10E240006946204601F023FC04A9204601F01FFC8A
:10E25000636A23EA05036362EB070AD5204601F0EF
:10E2600041FC204603F076F901F0FFF9204601F069
:10E27000FCF92046E7F700F9864202D115F0C07F8D
:10E2800007D0204603F066F908B0BDE8704001F001
:10E29000ECB908B070BD038D43EA010231EA030313
:10E2A00002D01146FFF711BD7047038D0A461A428E
:10E2B00023EA010101D0FFF708BD70470AB1FFF75B
:10E2C000EABFFFF7F2BF436A99430CBF0120002069
:10E2D0007047436A194214BF012000207047008D27
:10E2E0007047038D194214BF0120002070478068D9
:10E2F00000B140687047F0B5084689B00D460FF090
:10E3000060FB064628460FF058FB012E044605D157
:10E31000202109B0BDE8F040FFF7BDBF033E2F2E1E
:10E320005AD8DFE816F04C0059005900590059003E
:10E3300059005900590030001301590015015900C6
:10E34000590063005900ED002C0159005900930158
:10E3500098019A018D01830159008D0159005900DE
:10E360008D015900590059005900590059005900B0
:10E3700059005900510159007C01590059005900B8
:10E3800059002E0153002021FFF78FFF28460FF080
:10E390001CFB0DF06CFCF8B9636A1E071CD5238DBD
:10E3A000DD074FF00101204633D4FFF774FF002250
:10E3B0002321204609B0BDE8F040E6F7DFBF202169
:10E3C000204609B0BDE8F040FFF76FBF03F0F8F852
:10E3D00000250646B54201D109B0F0BDA3681B680F
:10E3E00053F8250001F041F90135F3E7436A1807B6
:10E3F00015D5284600F089FF132802D101212046B7
:10E40000D3E71128FAD0142801D0122804D1012111
:10E410002046FFF74AFFCAE70A28DDD0C7E703F422
:10E420000163B3F5016FD7D1204600F0C8F9002889
:10E43000D2D12046E7F7BEFE07462046E7F712FF97
:10E440000646284600F061FF12280DD1204601F053
:10E4500085FD0546204601F07DF9011EB8BF033158
:10E46000002205EBA1010EE0112812D1204601F097
:10E4700075FD0546204601F06DF9011E00DA0331F5
:10E480000022A5EBA101204609B0BDE8F040E8F765
:10E4900003B813281BD1204601F045FD8107D5D0D4
:10E4A000002F01DC002ED1DD204601F052FD054693
:10E4B000204601F04CF9011EB8BF0331002205EBE4
:10E4C000A101204609B0BDE8F040E7F7D1BF14280C
:10E4D00082D1204601F027FD8207C7D0002F01DC42
:10E4E000002EC3DD204601F034FD0546204601F034
:10E4F0002EF9011EB8BF03310022A5EBA101E0E710
:10E50000436A5B0502D5012101F0D3FD2046FFF7E8
:10E51000EEFEFFF7A5FB0646EDF7F0FB10B9284627
:10E52000E6F79AFF0DF073FB022808D0042814BF09
:10E53000022106212EB141F008012046E9E606211C
:10E54000F8E72046FFF7A7FE082139E74021F4E766
:10E550004021FFF7AAFE204601F0DCFC02287FF4F0
:10E560003BAF04AA6946204601F0BFFD694620463C
:10E5700001F08DFA04A9204601F089FA2CE70E215A
:10E580001EE70A22002102F05EFA162204900546D8
:10E590000021204602F057FA049080B208B9EDB28B
:10E5A00015B1204601F061F8204603F009F8002576
:10E5B0000646B5423FF410AFA3681B6853F8250028
:10E5C00001F053F80135F4E70122002102F03BFA93
:10E5D0000222049000210746204602F034FA0A2263
:10E5E000049000210646204602F02DFA16220490DF
:10E5F00005460021204602F026FA049080B240B978
:10E60000EDB235B96FF040439F4202D09E427FF495
:10E61000E3AE204609B0BDE8F04001F026B890F81E
:10E620002A3043F0020380F82A30F2E7002100F09C
:10E63000A9FD0146284609B0BDE8F04000F07DBEC6
:10E64000284609B0BDE8F040FFF711BC2021FFF7D4
:10E650002CFE4021B4E610216FE71021B0E610B582
:10E6600008460C46F1F7B8F80020E8F7E9F820462C
:10E67000E8F7AEF90120E8F7E3F800212046F0F7CB
:10E68000A3FE2046FFF733FE10B12046FFF7E7F95F
:10E69000A3687BB1186820B1F1F7CEFEA368002211
:10E6A0001A60A06808300FF06EF9A068F1F7C4FE98
:10E6B0000023A36010BDF0B5436A31EA030389B0BB
:10E6C00004460D4626D0E6F7D7FEE907074623D4D1
:10E6D000636A2B4363622046E6F7CEFE874202D18F
:10E6E00015F0C07F07D0204602F034FF00F0BDFFD8
:10E6F000204600F0BAFFEB060CD504AA6946204676
:10E7000001F0F3FC6946204601F0C1F904A9204656
:10E7100001F0BDF909B0F0BD204601F0E3F9636AEC
:10E720002B436362238D9A07D5D52046FFF7DFFD83
:10E7300006460028CFD0E6F78FFD3046FFF712FAE5
:10E740000028C8D001F0CEF9C5E710B583680446AB
:10E750007BB93420F1F75EFEA06050B1438E43F4E4
:10E7600070734386A26892F8323043F0030382F854
:10E77000323010BD18B10068431A584258417047F2
:10E7800070B50E68336805460C461BB10B60FFF789
:10E79000F7FF2660736823B121462846BDE8704024
:10E7A000184770BD10B50446206883680BB1214638
:10E7B000984723681B680BB12360F5E710BD00681C
:10E7C00038B190F8203013F00303F8D0013B5842E1
:10E7D00058417047006838B190F8203013F00C03AE
:10E7E000F8D0043B58425841704738B50446B0B39E
:10E7F00000F03BFF0020E8F723F8204610F030FE41
:10E8000021462068FFF7BCFF0120E8F719F8FF2236
:10E810004FF470212046E8F719F8204600F0E0FF99
:10E82000E6F714FD024638B12046FFF7D3FF18B1D2
:10E8300021461046FFF76AF9204602F08BFE054696
:10E8400068B122462A21E6F799FD224628462B2167
:10E85000E6F794FD2046BDE8384001F043B938BDE5
:10E8600030B5582285B004460D4602F0ECF8294632
:10E870000246204602F01BF90346DAB2002062F39A
:10E880000700C3F3072262F30F20C3F3074363F3C8
:10E89000174005B030BDF0B587B006469DF8305042
:10E8A0000193D2B1D2F8390092F83C40039029B1DB
:10E8B0000246304602F013FD0390040E85B184B188
:10E8C000294601980EF0C9FD8DF80F4001460398C6
:10E8D00007B0BDE8F0400EF062BF02F034FDEBE798
:10E8E00034B90198294607B0BDE8F0400EF0B5BD37
:10E8F0008DF80F40039B05939DF81430284663F371
:10E9000007009DF8153063F30F209DF8163063F370
:10E9100017409DF8173063F31F6007B0F0BDF0B5E6
:10E9200087B007460193134652B3D2F8390093F8E3
:10E930003A6092F8392093F83B5093F83C4049B143
:10E940000246384602F0CBFCC2B2C0F30726C0F341
:10E950000745040E314628460EF0DEFD8DF80C000A
:10E96000C0F30723C0F307408DF80D308DF80E007B
:10E9700001990398224607B0BDE8F0400EF094BE1E
:10E9800002F0E1FCE0E713B55AB192F8384029B142
:10E99000622202F058F8C0B24443240A204602B072
:10E9A00010BD02B0BDE8104002F090B9F0B5C2E968
:10E9B00000018BB01446126906460D46FFF7E3FFCF
:10E9C000074675B102280CD8002384F8203084F85B
:10E9D0003B3084F8483084F8583084F86C300BB001
:10E9E000F0BD0C222946304602F02DF894F8203074
:10E9F0000990E061002B3FD01D222946304602F0ED
:10EA000022F80990C0B2022884F8200034D91C22D0
:10EA10002946304602F017F8294602460390304650
:10EA200002F045F8C0F30743ADF81C008DF81E3026
:10EA3000079B2269099029463046FFF770FFC0F313
:10EA4000072384F82100C0F3074084F823002946F7
:10EA500084F822302622304601F0F5FF0146099065
:10EA6000002800F04881C37A1A0700F044810C2284
:10EA700004F1240010F025FB94F84830002B3FD01F
:10EA800030222946304601F0DEFF09906064B8B3B9
:10EA900032222946304601F0D6FF0990C0B2022842
:10EAA00084F848002CD934222946304601F0CBFFA7
:10EAB00094F84930099060F3040384F84930312216
:10EAC0002946304601F0BFFF29460246304601F094
:10EAD000EEFFC0F307430990ADF824008DF826300F
:10EAE000099B226929463046FFF719FFC0F3072327
:10EAF00084F83E00C0F3074084F83F3084F84000BB
:10EB000094F85830002B3AD038222946304601F08C
:10EB10009AFF0990206590B33A222946304601F0C9
:10EB200092FF0990C0B2022884F8580027D93B22EE
:10EB30002946304601F087FF392209906065294651
:10EB4000304601F080FF29460246304601F0AFFF13
:10EB5000C0F307430990ADF824008DF82630099BD7
:10EB6000226929463046FFF7DAFEC0F3072384F80E
:10EB70004A00C0F3074084F84B3084F84C0094F806
:10EB80003B30002B3DD028222946304601F05BFF68
:10EB900009902063A8B329222946304601F053FF8B
:10EBA0000990C0B2022884F83B002AD9206B03F0F8
:10EBB00092FB022840F0F7805A222946304601F0A5
:10EBC00042FF2946099060633046FFF749FE8DF801
:10EBD0002400C0F30723C0F307408DF826008DF80A
:10EBE0002530099B226929463046FFF798FEC0F37D
:10EBF000072384F83800C0F3074084F8393084F8DC
:10EC00003A0094F86C30002B4ED03C222946304616
:10EC100001F019FF0990E065002845D094F86C30A8
:10EC2000022B41D93E222946304601F00CFF0990C3
:10EC3000C0B2022884F86C0036D9402229463046FA
:10EC400001F001FF4122099020662946304601F07B
:10EC5000FAFE4222099060662946304601F0F3FE32
:10EC60003D220990A0662946304601F0ECFE294677
:10EC700002460990304601F01AFFC0F3074308909E
:10EC8000ADF820008DF82230089B226929463046D5
:10EC9000FFF745FEC0F3072384F85900C0F307408F
:10ECA00084F85A3084F85B00FC2F3FF698AE94F855
:10ECB000203013FB07F31B1284F8203094F83B300C
:10ECC00013FB07F31B1284F83B3094F8483013FB16
:10ECD00007F31B1284F8483094F86C3013FB07F3E9
:10ECE0001B1284F86C3094F8583013FB07F31B1296
:10ECF00084F8583073E620222946304601F0A3FEFE
:10ED000094F82F30099060F3030384F82F301B0729
:10ED10003FF4B2AE94F82330B4F8212084F82630C2
:10ED2000A28429462322304601F08DFE2946024660
:10ED3000304601F0BCFEC0F30743ADF820008DF86B
:10ED40002230089B2269099029463046FFF7E7FDEB
:10ED5000C0F3072384F82900C0F3074084F82A3061
:10ED600084F82B0021222946304601F06CFE222235
:10ED7000099084F828002946304601F064FE2422D8
:10ED8000099084F82D002946304601F05CFE2522CA
:10ED9000099084F827002946304601F054FE099076
:10EDA00084F82C0068E62A222946304601F04BFE02
:10EDB000294602460790304601F079FE2B22C0F327
:10EDC00007430990ADF80800294630468DF80A300F
:10EDD00001F039FE0990C0B20090029B22692946D9
:10EDE0003046FFF758FD030EC2B2C0F3072108906A
:10EDF00084F83C30C0F307400EF08EFBC0F30723CD
:10EE000084F83800C0F3074084F83A0084F83930B9
:10EE10002C222946304601F016FE0990003818BF12
:10EE2000012084F83D00ECE673B5C2E90001144608
:10EE3000592205460E4601F006FE0190C0B2022896
:10EE400084F8580057D9226931462846FFF79BFDC0
:10EE5000FC289FBF94F8583013FB00F0001284F890
:10EE6000580094F85830022B45D931462846FFF710
:10EE7000F7FC8DF80000C0F30723C0F307408DF8BE
:10EE800002008DF80130009B226931462846FFF7C9
:10EE900046FDC0F3072384F82C00C0F3074084F834
:10EEA0002D3084F82E005B223146284601F0CBFD40
:10EEB0005C22019060633146284601F0C4FD5D226A
:10EEC000019020633146284601F0BDFD94F85B3087
:10EED000019060F3020384F85B305A2231462846E1
:10EEE00001F0B1FD5E220190A0623146284601F09A
:10EEF000AAFD84F8590002B070BDF0B5C2E9000166
:10EF000087B01446442205460E4601F09CFD05904C
:10EF1000C0B2022884F8500066D9226931462846DA
:10EF2000FFF731FDFC289FBF94F8503013FB00F031
:10EF3000001284F8500094F85030022B54D94FF44A
:10EF40008073002205F11407C4E90C23A36338463B
:10EF50000EF0DFF900EBD0704010606438460EF020
:10EF6000DDF900EBD0704010A06445223146284600
:10EF700001F069FD31460246284601F098FD46221F
:10EF8000C0F307430590ADF80800314628468DF8D8
:10EF90000A3001F058FD0590C0B20090029B226932
:10EFA00031462846FFF777FC030E84F84F30C2B293
:10EFB000C0F30721C0F307400EF0AEFAC0F30723F9
:10EFC00084F84C00C0F3074084F84D3084F84E00BC
:10EFD00056B169223146284601F035FD94F851308A
:10EFE00060F3030384F8513007B0F0BD7FB5C2E988
:10EFF000000114464D2205460E4601F024FD039003
:10F00000C0B2022884F83C005AD922693146284609
:10F01000FFF7B9FCFC289FBF94F83C3013FB00F0CD
:10F02000001284F83C0094F83C30022B48D9482266
:10F030003146284601F007FD0390206300283FD0A9
:10F040004C223146284601F0FEFC31460246284655
:10F0500001F02DFDC0F30743ADF804008DF8063034
:10F06000019B2269039031462846FFF758FCC0F304
:10F07000072384F82C00C0F3074084F82E0084F89E
:10F080002D3049223146284601F0DDFC03906063B3
:10F0900030B14A223146284601F0D5FC0390A063E6
:10F0A0004B223146284601F0CEFC94F83D30003822
:10F0B00018BF012060F3000360F3410384F83D3082
:10F0C00004B070BD7FB5C2E9000114465022054668
:10F0D0000E4601F0B8FC03902062002850D0532265
:10F0E0003146284601F0AFFC0390C0B2022884F8F4
:10F0F0003C0045D9226931462846FFF744FCFC28EC
:10F100009FBF94F83C3013FB00F0001284F83C00E1
:10F1100094F83C30022B33D952223146284601F074
:10F1200092FC314602460390284601F0C0FCC0F331
:10F130000743ADF804008DF80630019B2269029068
:10F1400031462846FFF7EBFBC0F307232077C0F3D7
:10F1500007406377A07754223146284601F073FCBC
:10F1600051220290A0633146284601F06CFC94F8CD
:10F170003D30003818BF012060F3000384F83D30B3
:10F1800004B070BDF7B53C2205460E4601F05BFCAD
:10F190000446019080BB002438223146284601F005
:10F1A00052FC0746019090B13A223146284601F0C0
:10F1B0004AFC0190C0B2022809D93B2231462846B8
:10F1C00001F041FC0744BC420190B8BF3C463146C7
:10F1D0006A22284601F037FC6B220746019031462F
:10F1E000284601F030FCB842B8BF38460028C8BFF6
:10F1F0002418204603B0F0BD3E223146284601F0D7
:10F2000022FC0190C0B20228C5D9422231462846CC
:10F2100001F019FC04EBD47464100134019004442F
:10F2200040223146284601F00EFC4122074601905B
:10F230003146284601F007FC00280190B8BF404243
:10F24000002FB8BF7F42B842ACBF2418E41924EAAB
:10F25000E474A1E7806800B1C06A704737B504461E
:10F26000FFF7F8FF002301AA05461B212046019362
:10F27000E6F784F8A268019B42B1D362019BAB42DE
:10F2800002D0204600F02EFC03B030BD002BF5D09C
:10F290002046FFF75AFAA368019ADA62EEE780681F
:10F2A00018B190F83300C0F38100704710B50C46D8
:10F2B00070B90B68186868B1C3684BB10023E3608C
:10F2C000C36821469847207EC04300F0010010BD6E
:10F2D0000068F0E70120FAE72DE9F04107460C4607
:10F2E00015461E46FFF731FAB86833462A462146CE
:10F2F0000830BDE8F0410EF02BBB83681C3B052BAA
:10F3000001D80EF062BB0020704708B58368112B4E
:10F3100001D0002008BD0EF058FB0028F9D000688D
:10F32000F8E708B58368122B01D0002008BD0EF065
:10F330004CFB0028F9D00068F8E710B583681B2B58
:10F340000C4606D10EF041FB0368A342ACBF03603C
:10F35000046010BD00B9704783682BB193F8333057
:10F3600003F00C03082B01D04068F3E7012070473D
:10F3700007B52722002101F066FBC0B203B05DF89B
:10F3800004FB73B512220021064601F05CFB30221B
:10F39000044601900021304601F055FB3422054619
:10F3A00001900021304601F04EFB430748BF64192D
:10F3B000204602B070BD2DE9F04F8BB0924605910A
:10F3C0007022002104461D4601F03DFB6E2208908C
:10F3D000002106468346204601F035FB6F220128B6
:10F3E0000890074681464FF000012046B8BF01272C
:10F3F00001F029FB012880460890B8BF4FF00108B2
:10F400002EB9B9F5807F02D1B0F5807F6AD0712224
:10F410000021204601F017FB7222089000212046AF
:10F4200001F011FB089B099003F0C042B2F1005FAC
:10F4300019D123F0C0496FF06042914513D0B9F162
:10F44000805FA4BFC9F17F6909F57F2904F1140029
:10F45000A8BF09F6FF790DF05CFF642309FB00F0FB
:10F4600090FBF3F00890099B03F0C042B2F1005FFB
:10F4700019D123F0C0496FF06042914513D0B9F122
:10F48000805FA4BFC9F17F6909F57F2904F11400E9
:10F49000A8BF09F6FF790DF041FF642309FB00F0D6
:10F4A00090FBF3F009906269089B13440893A269EA
:10F4B000099B134409934DB14FF6FF73C6F1000B3E
:10F4C000FA184344B2FBF7F7B3FBF8F808AB85F042
:10F4D0000105CDE90083059802953B465A46514601
:10F4E0000DF041FE0BB0BDE8F08F73B51122002185
:10F4F000064601F0A8FA3022044601900021304669
:10F5000001F0A1FA3422054601900021304601F0B5
:10F510009AFAC30748BF6419204602B070BD73B59C
:10F5200010220021064601F08EFA30220446019096
:10F530000021304601F087FA34220546019000216F
:10F54000304601F080FA830748BF6419204602B0B4
:10F5500070BD73B513220021064601F074FA302203
:10F56000044601900021304601F06DFA3422054630
:10F5700001900021304601F066FA030748BF641984
:10F58000204602B070BD37B500230C4601AA082101
:10F59000054601F06CFA012804D1019BA34203D176
:10F5A00003B030BD0028FBD100222146284601F0DF
:10F5B00017FFF5E737B500230C4601AA09210546D8
:10F5C00001F055FA012804D1019BA34203D103B0F5
:10F5D00030BD0028FBD100222146284601F007FF5C
:10F5E000F5E738B504461546FFF7CDFF2946204616
:10F5F000BDE83840FFF7DEBF37B500230C4601AA4F
:10F600000121054601F033FA012804D1019BA342F0
:10F6100003D103B030BD0028FBD10022214628468B
:10F6200001F0C9FEF5E737B500230C4601AA022117
:10F63000054601F01CFA012804D1019BA34203D125
:10F6400003B030BD0028FBD100222146284601F03E
:10F65000C0FEF5E738B504461546FFF7CDFF29464D
:10F660002046BDE83840FFF7DEBF08B590F82A20F5
:10F6700042F0010280F82A2001F064FF90F82A206D
:10F6800042F0040280F82A20E7F7D4FABDE80840E7
:10F690000022382102F048BB10B50022044689B28E
:10F6A00001F010FF2046BDE81040FFF7DEBF70B547
:10F6B000044615461E46002201F0A0FE32462946A9
:10F6C0002046BDE87040FFF78CBF43690B6083693B
:10F6D0004B60C3698B60036ACB60704738B50446E2
:10F6E00001F038FF6469054648B14269A41A00F088
:10F6F00030FC04442846FFF744FE201A38BD20465B
:10F70000FCE738B5044601F025FFA469054648B179
:10F710008269A41A00F022FC04442846FFF7FFFE89
:10F72000201A38BD2046FCE738B50546FFF7E9FF4B
:10F73000044605F114000DF0F1FD204438BD07B575
:10F740000922002101F07FF903B05DF804FB1430B9
:10F750000DF0DFBD14300DF0E1BD70B50446FFF7CC
:10F7600010FE06462046FFF7F4FE054604F114009D
:10F770000DF0CFFD801B401B70BD70B50446FFF738
:10F78000CEFE06462046FFF7B0FE054604F1140003
:10F790000DF0C4FD801B401B70BD38B543690B6084
:10F7A00083694B60C3698B60036ACB600C46054676
:10F7B000FFF7E7FD2368034423602846FFF7C9FEEF
:10F7C000A3681B1AA3602846FFF7A9FE63680344D9
:10F7D00063602846FFF789FEE3681B1AE36038BDC3
:10F7E00037B501220021044601F02DF90222054619
:10F7F00001900021204601F026F96FF040439D4220
:10F80000019001D0984205D12046FFF72EFF01203C
:10F8100003B030BD0020FBE72DE9F04781460D46DF
:10F8200016469A4601F0CCFE00278046474501D196
:10F83000BDE8F087D9F808301B6853F82740BAF1C3
:10F84000000F13D163692B446361A3693344A3613F
:10F85000E3692B44E361236A334423623246002385
:10F8600029462046FFF7D8FF0137DFE74FF4802114
:10F870002046FEF728FD0028E4D0F5E72DE9F04703
:10F8800004460D4616461F4603F0010903F0020A1E
:10F890006CB32046FFF703FD0AF0FF038046BAF180
:10F8A000000F15D0B9F1000F07D0204601F052FE2D
:10F8B0003B4632462946FFF7E1FFB8F1020F16D169
:10F8C0003246294620460123BDE8F047FFF773BDC5
:10F8D000022804D1324629462046FFF76CFDB9F1D3
:10F8E000000F04D0204601F035FE0446D0E7BDE805
:10F8F000F08713460122FFF7C1BF70B50C4688B0F0
:10F9000009686668A5680091CDE90161E168013583
:10F910000131CDE906511346039104226946CDE930
:10F920000456FFF7ABFF069B049D02980099AB427B
:10F930001A46A8BF2A468242A8BF02468A42D4BFBE
:10F9400022602160AB42B8BF2B468342B8BF03465A
:10F95000059D8B42ACBFA360A160079B03980199F2
:10F96000AB421A46A8BF2A468242A8BF02468A4234
:10F97000D4BF62606160AB42B8BF2B468342B8BF60
:10F9800003468B42ACBFE360E16008B070BDF0B5E8
:10F990000D4689B001210446FEF795FC002872D17E
:10F9A000204601F0CFFD0646E7F744F90746E8F7A1
:10F9B00005FA864253D12046FFF74CFC6369009359
:10F9C000A3690193E36902930246236A0393014604
:10F9D00068460DF026F96A46294628460DF03BF99F
:10F9E000064600284FD02046FFF7B4FC20B1012284
:10F9F00029462046FFF781FF204601F0ABFD04AF0A
:10FA00000446002C40D001212046FEF75CFCD0BB10
:10FA100004F114030FCB87E80F004FF48011204648
:10FA2000FEF751FC38B12046FFF714FC02460146B0
:10FA300038460DF0F6F82046FFF78CFC20B1012285
:10FA400039462046FFF759FF3A46294628460DF029
:10FA500002F9C0B1204601F07DFD0446D1E73846E9
:10FA6000E8F7B6F98642A6D03846E8F7CFF98642DD
:10FA7000A1D03846E8F7B6F986429CD03846E8F778
:10FA8000BBF9864297D00026304609B0F0BD30B5AC
:10FA900085B00C460546E7F7CDF8E8F701FAF8B16E
:10FAA0002368009363680193A36802936946E3683F
:10FAB00003932846FFF76BFF90B1AB6853B193F8FF
:10FAC000333003F00C03082B04D10522114668469D
:10FAD0000DF0A7F82846E7F7ADF8694602F037F8C9
:10FAE00005B030BD30B5044685B0FFF7B3FBD4E9AF
:10FAF0000623256A6169121A0344091A28440091F1
:10FB000003906946204601920293FFF7C0FF05B0BB
:10FB100030BD2DE9F043456889B004460E461746CE
:10FB20009DB14FF48021FEF7CEFBD5F8149000284C
:10FB300047D0AB69B1441F442846FFF722FC09EBCC
:10FB400000062846FFF7EBFC07446369F61AA36931
:10FB5000FF1A56EA070331D02046FFF7C3FF636957
:10FB60000093A3690193E3690293236A03936DB140
:10FB700004A92846FFF711FE002204A968460DF0EB
:10FB800026F9804620B9284600F0DAFD4FF000083B
:10FB9000636933446361A3693B44A361E36933440C
:10FBA000E361236A3B4423623A4600233146204600
:10FBB000FFF732FE9DB92046FFF794FF09B0BDE87C
:10FBC000F083284600F0C5F9A9EB00092846B144A6
:10FBD000AE6900F0C3F9A6EB00084744ACE7224643
:10FBE0002A212846E5F7CAFB2046FFF77BFF0022C3
:10FBF00004A904F114000DF0EAF8B8F1000F01D1E6
:10FC00000028DBD0284600F09BFDD7E730B504463E
:10FC100085B0FFF71FFBD4E90623256A6169121A34
:10FC20000344091A28440091039069462046019232
:10FC30000293FFF7ACFE05B030BD38B505460C4663
:10FC4000FEF783FDAB689C6238BD034608465A69DF
:10FC50000A609A694A60DA698A601A6ACA609B68AF
:10FC60001BB19A6A11460CF0DCBF704770B50E46A6
:10FC700086B002210546FEF726FB18B9002420466F
:10FC800006B070BD02A92846FFF7DFFF002231460B
:10FC900002A80DF01CF804460028EFD04FF4803184
:10FCA0002846FEF710FB0028E9D001236A461621FA
:10FCB000284600968DF80430E5F760FB9DF8044077
:10FCC000DDE730B50446084601F0C041B1F1005F00
:10FCD00012D120F0C0416FF06045A9420CD0B1F1C3
:10FCE000805FA2BFC1F17F6101F57F2101F6FF7145
:10FCF0005943642091FBF0F002F0C041B1F1005F84
:10FD000012D122F0C0416FF06045A9420CD0B1F190
:10FD1000805FA2BFC1F17F6101F57F2101F6FF7114
:10FD20005943642291FBF2F2A242A8BF22469042BC
:10FD3000B8BF104630BD70B5044601F041FC002547
:10FD40000646B5421FD194F82A30D9070DD56FF376
:10FD5000000384F82A302046E5F7EEFC2046E5F75C
:10FD6000C5FB15B12046EEF735FE94F82A309A0708
:10FD700011D56FF3410384F82A3020460021BDE8F5
:10FD8000704000F0FEBCA3681B6853F82500FFF725
:10FD9000D2FF0135D5E770BD00231A460921FFF7D0
:10FDA00086BC07B5272200F04EFEC0B203B05DF856
:10FDB00004FB90F85C301B0704D5006800220E217C
:10FDC000E5F7DCBA704773B512220021064600F051
:10FDD0003AFE3022044601900021304600F033FE06
:10FDE0003422054601900021304600F02CFE4307E6
:10FDF00048BF6419204602B070BD73B511220021BE
:10FE0000064600F020FE30220446019000213046D4
:10FE100000F019FE3422054601900021304600F022
:10FE200012FEC30748BF6419204602B070BD73B507
:10FE300010220021064600F006FE30220446019002
:10FE40000021304600F0FFFD3422054601900021DC
:10FE5000304600F0F8FD830748BF6419204602B021
:10FE600070BD73B513220021064600F0ECFD302270
:10FE7000044601900021304600F0E5FD342205469D
:10FE800001900021304600F0DEFD030748BF6419F1
:10FE9000204602B070BD38B504460D46FEF755FC4D
:10FEA000A26892F8323003F00301A94208D065F34A
:10FEB000010382F832302046BDE83840FFF712BE19
:10FEC00038BD38B505460C46FEF73FFCAA68538E90
:10FED000C3F38311A1421CBF64F38913538638BD59
:10FEE00038B505460C46FEF730FCAB6893F8322077
:10FEF00064F3830283F8322038BD38B505460C46DA
:10FF0000FEF723FCAB6893F8322064F3051283F804
:10FF1000322038BD836823B193F8320000F003002B
:10FF200070470320704783681BB1588EC0F383105D
:10FF300070470F207047806818B190F83200C0F306
:10FF400081007047806818B190F83200C0F301104A
:10FF50007047806808B1006A40427047806808B105
:10FF6000406A40427047FFF7F9BF51EA020370B59B
:10FF700004460D46164619D0FEF7E7FBA268136A41
:10FF80002B441362A268536A334453622946012307
:10FF900032462046FFF740FC00220F212046E5F7BD
:10FFA000EDF9012803D12046FFF79CFD012070BD2B
:10FFB00008B50346FFF7D2FF421818460021BDE8F6
:10FFC0000840FFF7D2BF08B50346FFF7C2FF002283
:10FFD00001441846BDE80840FFF7C7BF2DE9F047C8
:10FFE000984651EA020305468946924651D0E5F704
:10FFF00067FE2846FFF7ADFF00210746A9EB000981
:020000022000DC
:100000002846FFF7CEFE01282ED0B9F1000F3CDACA
:100010002846E6F7CFF804462846E6F723F92044B9
:1000200020EAE07044424C45B8BF4C462846FFF7F2
:1000300095FFBAEB000A814629D52846E6F76EF807
:1000400009EB000626EAE67676425645B8BF5646E4
:10005000391909EB060251EA02031AD04346284631
:10006000BDE8F047E6F774B9B9F1000F0DDD284699
:10007000E6F7A0F804462846E6F7F4F8044424EA34
:10008000E4744C45A8BF4C46D0E70024CEE70026D8
:10009000DEE7BDE8F08770B5054616461C461A46F1
:1000A000E6F7E6F9224631462846BDE87040E6F715
:1000B000F3B973B504460E46E5F702FE0023204669
:1000C000CDE9003301F046FA2146054614340DB956
:1000D00002B070BD33466A462046E6F7F1F928467D
:1000E00001F038FA29460546F1E72DE9F04F93B0C3
:1000F0004FF0FF360D4617460022114604463346A0
:10010000284600960CF073FD00221146334638460F
:1001100000960CF06CFD10212046FEF7D4F88046C6
:10012000C0B32046FFF7F6FE834698B30020EBF7F6
:10013000DBFDBBF1020F824629D02046FFF70EFF00
:1001400081462046E5F7EAFF0D902046E6F732F8B3
:100150000B902046E6F786F804902046FFF7E3FE72
:1001600010F00C0F00F003061FD19EB1BBF1010F80
:1001700040F0178146464FF0000832E050460BF041
:1001800076FD8442D9D05046EBF7AEFD8246BAF1F7
:10019000000FF3D113B0BDE8F08F002EFAD0504617
:1001A0000BF058FD0328F5D1E4E7BBF1010FF6B2DF
:1001B00000F0EA80BBF1030F40F0D280B9F1000FEC
:1001C0000BDC0D9B002B08DC002EE3D00B9B002BDF
:1001D000D0DC049B002BCDDCDCE7002E40F0D88087
:1001E00000264FF480312046FFF7DBFD10220C90F3
:1001F0004FF48031204600F026FC11220890119027
:100200004FF48031204600F01EFC1222099011901C
:100210004FF48031204600F016FC132211904FF469
:1002200080318346204600F00EFC012211904FF4ED
:1002300080318246204600F006FC03224FF48031D4
:1002400003901190204600F0FEFB0A901190079059
:100250002046FFF77FFA05902046FFF778FAB8F1BD
:10026000000F039B069008BF0023002E02934FF05F
:100270001D02039B4FF4803108BF002320460E93DC
:1002800000F0E1FB1190C0B2022840F29580B8F175
:10029000000F40F09D80002E3FF47CAF069B0B9E2C
:1002A0001E44049BF6183FF475AF236A099A9B1A03
:1002B000039AEB609B1A01336B6063692B60E369FF
:1002C000AB60069BA3EB0B07029BA7EB0A07FF1A89
:1002D0000A9B002BD8BF069B4FF00000DEBF7B437C
:1002E00093FBF6F30793E7F733FD4FF00A0808FB9B
:1002F00000F0EF2840F369810020E7F729FD08FBB3
:1003000000F05030A02390FBF3F0079B834213DCF6
:100310000020E7F71DFD4FF00A0808FB00F0EF286A
:1003200040F355810020E7F713FD08FB00F0503043
:10033000A02390FBF3F30793069B6169F61A002E46
:1003400000F34F810C9B012B594440F04281029BEA
:100350000B44591E2960E369A3EB0A03AB6019E75C
:10036000BBF1020F7FF416AF50460BF073FC0C2864
:100370007FF413AF002E3FF433AF50460BF06AFC0E
:10038000C31E5E425E412CE7003E18BF012628E7EF
:100390000B9B002B0EDC049B002BD4BF00260126F8
:1003A0001FE7BBF1030F3FF411AFBBF1020F7FF466
:1003B000F1AEF4E6464614E732224FF4803120468F
:1003C00000F041FB1190C0B202283FF660AFE1E6B9
:1003D000059B99440D9B19EB03093FF45CAFA3699E
:1003E0007B60236AFB600C9B012B53D16369039AEA
:1003F0005B443B601344013BBB60089A059BA3EB45
:100400000208099BA8EB03080E9BA8EB03030F93BC
:100410000A9B002BDABF059B0F9ADDF828804FF06E
:100420000000DCBF534393FBF9F8E7F791FC0A2285
:100430005043EF2837DD0020E7F78AFC0A225043BB
:100440005030A02290FBF2F0804511DC0020E7F74D
:100450007FFC4FF00A0808FB00F0EF2825DD0020A4
:10046000E7F776FC08FB00F35033A02293FBF2F889
:10047000059BA269A9EB0309B9F1000F18DC089BE1
:1004800013447B60236A099A9B1A0E9A9B1A013BBC
:10049000FB6000E7E369039AA3EB0A03BB609B1AC6
:1004A00001333B60A9E70120CEE74FF00108DFE709
:1004B000059B0F994345A8BF4346A1EB03080D993F
:1004C00008FB01F191FBF9F90899A8EB09084244EE
:1004D00051180B44013B7960FB60A3699A4230DA02
:1004E000DDF820809844C7F804800020E7F730FC4E
:1004F0004FF00A0909FB00F0EF285EDD0020E7F766
:1005000027FC09FB00F05030A02390FBF3F0FB68C0
:100510008044984515DD0020D7F80480E7F718FCE3
:100520004FF00A0909FB00F0EF2848DD0020E7F74B
:100530000FFC09FB00F05030A02390FBF3F0404487
:10054000F8600E9A236A9B1A099AA3EB0208FB68CB
:1005500043457FF7A0AEC7F80C800020E7F7F8FB13
:100560004FF00A0909FB00F0EF282ADD0020E7F729
:10057000EFFB09FB00F05030A02390FBF3F07B6809
:10058000A8EB00089845BFF686AE0020D7F80C808F
:10059000E7F7DEFB4FF00A0909FB00F0EF2812DD58
:1005A0000020E7F7D5FB09FB00F05030A02390FBBB
:1005B000F3F0A8EB000078606DE60120A7E70120CA
:1005C000BDE70120DBE70120F3E701209DE60123E1
:1005D000B1E62960E369029AA3EB0A039B1A013B87
:1005E000BCE6DDE906239A42A8BF1A46049BBF1A5F
:1005F0007B4393FBF6F6BF1B0F440C9901290BEBD1
:10060000070363D102990B442B601344013BAB6099
:100610006669BE4227DD5E440E442E600020E7F787
:1006200097FB0A277843EF284CDD0020E7F790FB83
:1006300078435030A02390FBF3F0AB6806449E4211
:1006400011DD00202E68E7F783FB0A277843EF28A7
:100650003ADD0020E7F77CFB78435030A02390FB85
:10066000F3F00644AE60E469AB68A4EB0A04A3426D
:100670007FF790ADAC600020E7F76AFB0A26704375
:10068000EF2859DD0020E7F763FB70435030A023CB
:1006900090FBF3F02B68241A9C42BFF67BAD002040
:1006A000AC68E7F755FB0A267043EF2846DD0020CB
:1006B000E7F74EFB70435030A02390FBF3F0241A71
:1006C0002C6067E50C98B8E70120CAE72B6013445B
:1006D000013BAB606669BE4226DD5E442E600020B1
:1006E000E7F736FB0A277843EF2821DD0020E7F7FC
:1006F0002FFB78435030A02390FBF3F0AB68064407
:100700009E4211DD00202E68E7F722FB0A2778437E
:10071000EF280FDD0020E7F71BFB78435030A023C4
:1007200090FBF3F00644AE60E469029BE41A9BE799
:100730000120E3E70120F5E70120ABE70120BEE758
:1007400010B588B004AA69460446FFF7CEFC684697
:100750000CF05DFA18B904A80CF059FA78B16846A3
:100760000CF055FA18B169462046FFF790F904A835
:100770000CF04DFA18B104A92046FFF788F908B02B
:1007800010BD2DE9F0410446FFF7DCFB8846064624
:1007900098B92046FFF7E2FB07462046E5F7BEFC86
:1007A000051E0ADA002F08DD6A42BA424346A8BF96
:1007B0003A4631462046E5F7CBFD2046FFF7BBFB26
:1007C000074620BB2046E5F7F5FC06462046E5F740
:1007D00049FD394605462046FFF7E3FA01280ED0C9
:1007E000002D14DA002E12DD6942B14243463A462A
:1007F000A8BF31462046BDE8F041E5F7A9BD002E6F
:1008000005DA002D03DD43463A463146F2E7BDE8FE
:10081000F08170B5047A0368FF2C0ED003EB8405D9
:10082000002084420ED800200BE0884203F1080328
:1008300003D163681360012003E018781C46002888
:10084000F3D170BD15F8016B8E4202D153F8203000
:10085000F0E70130E5E72DE9F84F0F4611461A465B
:100860008B0890F82A501F2B28BF1F234FF0010937
:10087000064609FA03F907F47F0A05F00805002483
:10088000738DC3F30513A34205D84FF0FF35681CE1
:1008900018BF01201CE0F06800EBC4034FEAC40C51
:1008A00093F807E01EF0020F14D00DB10134E7E712
:1008B0005B6803F47F035345F8D150F80C0043689C
:1008C00019EA030FF2D0FFF7A4FF0128EED10120AF
:1008D000BDE8F88FBFB2FB431FFA83FB4FF0FF3533
:1008E000738DC3F30513A342D1D9F36853F83400D1
:1008F00003EBC40C436819EA030F07D0DCF804309B
:10090000C3F3170C03F47F039A4503D0A8460134C0
:100910004546E5E71CEA0B0F1FFA8CF8F6D1A8450F
:10092000F4DDFFF776FF0128F0D14745EFD1CEE7A0
:10093000F8B5074600F044FE00240646B44200D154
:10094000F8BDBB681B6853F824502846FFF7CAF867
:10095000002232212846E4F711FD2846FFF7C2F8AD
:100960002846FFF7E5FF0134E8E770B5438D0446FC
:10097000C0680D46C3F305130022934203D80ED07E
:1009800000EBC20070BD00EBC201CE79B60704D502
:100990004968C1F31701A942F2D00132EDE7628D37
:1009A000013303F03F0363F309126285D900EFF7C7
:1009B0004DFD668DE060C6F30516013EE06818D176
:1009C000082231460EF04DFC0C20E668EFF71AFDC8
:1009D0003060E36818680DF06CFDE268D37943F08D
:1009E0000203D371E3685A6865F317025A60E0683E
:1009F000C8E700EBC60313E9030083E80300DCE764
:100A000070B5037A0568FF2B04461AD005EB830501
:100A10000026237A9E4212D215F8010BEFF73CF81C
:100A2000830605D40136F4E7EFF736F8820601D5E0
:100A3000012070BD013415F834000028F4D10020E5
:100A4000F7E70024F7E737B5058D00230093294326
:100A50006B461446E5F762FE012805D0204603B038
:100A6000BDE83040EEF7BCBF009803B030BDF0B534
:100A7000458D0024C5F30515A54201D80020F0BD21
:100A8000C76807EBC4064FEAC40C96F807E01EF0EF
:100A9000010F0AD07668C6F317069E4205D157F8B3
:100AA0000C00BDE8F0400DF096BD0134E4E784B0E1
:100AB000104604B070472DE9F743002507462E463F
:100AC0006FEA01086FEA02097B8DC3F30513AB429D
:100AD00040F28780FB6803EBC502E900D079840708
:100AE0007CD4928818EA020F0CBF0120002019EA7A
:100AF000020F0CBF0122002290426FD05C5801AA65
:100B0000102120460DF067FD002869D101AA1121AE
:100B100020460DF060FD002862D101AA1221204676
:100B20000DF059FD00285BD101AA132120460DF0DC
:100B300052FD002854D101AA152120460DF04BFD8D
:100B400000284DD101AA142120460DF044FD0028B3
:100B500046D101AA162120460DF03DFD00283FD1C7
:100B600001AA6C2120460DF036FD002838D101AADB
:100B70006D2120460DF02FFD90BB01AA01212046DA
:100B80000DF029FD60BB01AA022120460DF023FDD6
:100B900030BB01AA042120460DF01DFD00BB01AAB7
:100BA000052120460DF017FDD0B901AA06212046E7
:100BB0000DF011FDA0B901AA072120460DF00BFD93
:100BC00070B901AA302120460DF005FD40B901AAF7
:100BD0006A2120460DF0FFFC38B10226013573E78B
:100BE0000326304603B0BDE8F08301AA6B212046FE
:100BF0000DF0F1FC0028F0D101AA702120460DF083
:100C0000EAFC0028E9D101AA6E2120460DF0E3FCA0
:100C10000028E2D101AA6F2120460DF0DCFC00285B
:100C2000DBD101AA3A2120460DF0D5FC0028D4D111
:100C300001AA3B2120460DF0CEFC0028CDD101AA0F
:100C4000382120460DF0C7FC0028C6D101AA3C215E
:100C500020460DF0C0FC0028BFD101AA3E2120464D
:100C60000DF0B9FC0028B8D101AA402120460DF0B2
:100C7000B2FC0028B1D101AA412120460DF0ABFC05
:100C80000028AAD101AA422120460DF0A4FC002888
:100C9000A3D101AA482120460DF09DFC00289CD13B
:100CA000012E38BF012699E773B55E2205460E4630
:100CB000FFF7C9FE2722C4B231462846FFF7C3FE1C
:100CC000012C204638BF012002B070BD73B56222EE
:100CD00005460E46FFF7B7FEC4B2022C019003D8BA
:100CE0000024204602B070BDFC2C9ABFC4EB042443
:100CF000C4F30724FF241EB9284600F02BFC054648
:100D00002DB9022CECD9FD2C28BFFF24E9E7622283
:100D100000212846FFF797FE0190C0B20228DFD9D4
:100D2000FC289CBF4443C4F30724E5E737B5702291
:100D300000210446FFF787FE0546019020B1A36815
:100D4000002B4ED102252EE001466E222046FFF7F1
:100D50007AFEB0F5807F0190F1D16F2229462046BE
:100D6000FFF771FEB0F5807F0190E8D1294673222C
:100D70002046FFF768FE014601900028DFD174226B
:100D80002046FFF760FE054601900028D7D10146B6
:100D900063222046FFF757FE0190C0B2FF280BD018
:100DA000A36833BB01252046FDF7CFFCA36893F869
:100DB000332065F3830219E0294675222046FFF7A8
:100DC00042FE014601900028EAD169222046FFF741
:100DD0003AFE019010F0FF00A368E2D113B903B00E
:100DE00030BD022093F8332060F3830283F8332070
:100DF000F5E70120F6E72DE9F84F04461FFA82F9DE
:100E000002F47F050F4611B30E7A1DB90846FFF7AD
:100E1000F7FDC0B9003E18BF01267642F6B20022A7
:100E200090464FF6FF7A638DC3F30513434510D800
:100E3000002A65D0002E63D029462046FF22BDE857
:100E4000F84FE5F703BD2046FEF74CFEE2E7FF262C
:100E5000E5E7E06800EBC801D1454B684FEAC80BF5
:100E6000C3F3170303D01FFA83FCCC450BD1B5F5B0
:100E7000702F03D003F47F039D4204D137B150F8A3
:100E80000B30BB4202D008F10108CCE7CB799907BF
:100E900005D50023FF2229462046E5F77BFCE368C1
:100EA00003EB0B02D27992070DD053F80B0008B177
:100EB0000DF003FBE36853F80B00EFF7BDFAE368AE
:100EC000002243F80B20424606E0013200EBC20349
:100ED00093E8030003E90300638DE068C3F30511A1
:100EE00001F1FF3C9445F0D83F3101F03F0161F33F
:100EF00009136385C900EFF7A9FA0122E06092E7C0
:100F0000BDE8F88F2DE9F04115460E460023FF227B
:100F100029460446E5F73EFC4EB115F47F0F06D195
:100F20003046FFF76DFD10B12046FEF7DBFD204691
:100F30002A463146FFF75FFF638DE068C3F3051370
:100F40004FF0000843454FEAC80725D8628D0133AA
:100F500003F03F0363F30912D9006285EFF776FAD5
:100F6000638DE060C3F30513013B9845E0681AD335
:100F70003844082200210EF074F9E368DE51E3687A
:100F80003B4429465A6865F317025A602046FF22FF
:100F9000BDE8F041E5F75ABCC219D2799207D5D025
:100FA00008F10108CEE700EBC30212E9030082E872
:100FB0000300D9E7F8B54B8D13F47C7F05460C464A
:100FC000C3F305120CD028B10023E16851F83310A7
:100FD000A9420DD1FF224FF470212046E5F736FCDF
:100FE000204600F0EDFA00260746BE4204D1F8BDC7
:100FF00001339A42E9D8F3E7A3681B68284653F8FF
:101000002610FFF7D7FF0136EFE72DE9F743044637
:101010001E46019200230A460F4606F47F01E5F7BB
:10102000B9FB658DE068C5F305150023AB4234D3E9
:10103000638D013505F03F0565F30913E90063850C
:10104000EFF704FA658DE060C5F30515013DE06832
:101050004FEAC508002D46D10822002140440EF079
:1010600000F90C20D4F80C90EFF7D4F949F83500CA
:10107000E36853F835000DF01CFAE3684344DA796D
:1010800042F00102DA71E36843445A6866F31702DA
:101090005A60E36853F835500DE000EBC302D90005
:1010A00092F807C01CF0010F1BD05268C2F3170260
:1010B000964216D145583EB93846EEF7EDFC830608
:1010C00002D52046FEF70EFD019A394628460DF05E
:1010D0003EFA3A463146204603B0BDE8F043E5F714
:1010E000B5BB0133A2E7A8F10803034400EB0802F3
:1010F000D9798907B0D193E8030082E80300A5E716
:10110000F8B50F46418D04461646C1F3051100237C
:10111000994203D80DD100252846F8BDE26802EBBC
:10112000C302D079C00713D55268C2F31702B24286
:101130000ED1E268394652F833000DF0CDF905467C
:101140000028E8D03A4631462046E5F77FFBE3E742
:101150000133DDE770B50468A5682279206805F4DD
:101160007F052946FFF76FFC2679E06000233246B1
:101170002068237129462346E5F70CFBA168206807
:101180002671FFF7F2FBE268217900680DF0DFF9C4
:101190002279A1682068BDE87040E5F757BBF7B534
:1011A00007680446788D0023C0F3051098424FD994
:1011B000FA6802EBC302DE00D579AD0705D55268A7
:1011C000A568C2F31702AA4201D00133EEE700235B
:1011D00000932379642B54D04BD8452B3AD8302B2D
:1011E0000CD81C2B01D0232B38D1002954DCE36808
:1011F000ADF800301B0C8DF8023012E0313B0122BB
:10120000DBB202FA03F302F5801202F588521A40AB
:10121000002AEAD113F0180F20D0FE292FDCE36852
:10122000009300230193FB682179985901AA0DF0DE
:10123000D2F9002844D10125FB68009A21799859F8
:101240000DF085F925B12279A1682068E5F7FEFA4D
:1012500003B0F0BD582BC8D05A2BDED00029DED009
:10126000FF290CD0D4E903239B1A4B4302EB232222
:101270000CE0692BD1D0782BB7D0682BEDE7236930
:10128000CEE7D4E90323002ACAD00BB90092C8E7FD
:101290007F29D8BF1346C3E7FE2901DD2369A7E7ED
:1012A000CAB2D4E903100CF0FFF9C0F307238DF89C
:1012B0000000C0F307408DF801308DF80200B0E760
:1012C000DDE900539D42B6D1294628460CF001F9CC
:1012D0000028B0D0019BED1A18BF0125ACE77FB5FF
:1012E0000192792205460E46FFF7ADFB10F0FF0490
:1012F000039016D0782231462846FFF7A4FBC0F3AE
:1013000007430390ADF80C008DF80E30214603988A
:101310000CF0A3F80146019804B0BDE870400CF051
:101320003EBA019B2046DAB262F30700C3F30722FC
:1013300062F30F20C3F3074262F317401B0E63F3FF
:101340001F6004B070BD30B5782285B004460D46EC
:10135000FFF779FB7922C0F307430390ADF804004F
:10136000294620468DF80630FFF76DFB0390C1B289
:1013700001980CF072F802901DB9204600F0EAF8CE
:1013800004468CB9029B2046DAB262F30700C3F32D
:10139000072262F30F20C3F3074262F317401B0ECC
:1013A00063F31F6005B030BD029A00212046FFF7AD
:1013B00096FF0290E1E782B013460A46012102B08F
:1013C000FFF723BE82B013460A46042102B0FFF79E
:1013D0001CBE82B013460A46022102B0FFF715BEBA
:1013E00082B013460A46082102B0FFF70EBE82B053
:1013F00013460A46092102B0FFF707BE82B0134622
:101400000A460A2102B0FFF700BE82B013460A4620
:10141000102102B0FFF7F9BD82B013460A46112130
:1014200002B0FFF7F2BD82B013460A46122102B0A5
:10143000FFF7EBBD82B013460A46132102B0FFF757
:10144000E4BD84B01346ADF80C100022090C8DF8F1
:101450000E108DF80F20039A1C2104B0FFF7D5BDA4
:1014600082B013460A461D2102B0FFF7CEBD82B0FE
:1014700013460A46282102B0FFF7C7BD82B01346C3
:101480000A46302102B0FFF7C0BD84B01346ADF864
:101490000C100022090C8DF80E108DF80F20039A05
:1014A000582104B0FFF7B1BD82B013460A465E2151
:1014B00002B0FFF7AABD82B013460A460C2102B063
:1014C000FFF7A3BD82B013460A46162102B0FFF70C
:1014D0009CBD82B013460A46272102B0FFF795BD96
:1014E00082B013460A467A2102B0FFF78EBD82B061
:1014F00013460A467B2102B0FFF787BD82B0134630
:101500000A467C2102B0FFF780BD82B013460A462E
:101510007D2102B0FFF779BD82B013460A467E21D5
:1015200002B0FFF772BD38B504460D460AF072FBF3
:1015300010B120460AF0B3FB29462046BDE83840EA
:10154000EBF7E0BB034620B118465B68002BFBD1EC
:101550007047704700B140687047806858B10029F3
:10156000038E01DAC91805D48B4203D9036853F8F6
:10157000210070470020704770B58468F4B10029DD
:10158000238E19DA0131013B14D3206850F823006F
:1015900005689542F7D10029F4D170BD206850F854
:1015A00025000668964202D10029F6D0013901359E
:1015B0009D42F3DB0020F0E70025F9E72046ECE749
:1015C000806800B1008E704730B5836873B1002029
:1015D0001C8E0246944200D830BD1D6855F822503A
:1015E0002D688D4208BF01300132F3E71846F3E75A
:1015F00010B5034630B1426822B19268118E0020C6
:10160000814202DC4FF0FF3010BD146854F82040D6
:101610009C42F9D00130F3E770B590F82B30DB062F
:1016200004462BD4FEF75EFA65682046ADB1E5F7B7
:1016300021FB95F82B4014F010041FD12846FFF72A
:101640007FF822462A212846E3F798FE22462846BC
:101650002C21BDE87040E3F791BEE5F7EBFA0646B2
:1016600060B1D0F8C8329C42204603D0BDE870403B
:10167000E5F700BBE5F7FEFAC6F8C85270BDFFF704
:10168000CBBF2DE9F041436805460C46002B67D0DF
:10169000002965D08B4263D0FEF724FA2046FDF77F
:1016A00054F82846FFF7A4FF6E6803463046FFF75C
:1016B00087FF01389842B26843DC138E013B1386E2
:1016C000B768B7F83080B8F1000F42D038684FEAF9
:1016D0008801EEF7BBFE3860A268138E01331386D3
:1016E000A768398E38688900EEF7B0FE386020466A
:1016F000FFF766FFA36800F180401B68013843F8DC
:10170000205030466C60FFF71BF82A462A213046ED
:10171000E3F734FE00222C213046E3F72FFE2A4661
:101720002A212046E3F72AFE00222B212046E3F758
:1017300025FE2846FDF799FF2846BDE8F041FEF753
:10174000D1B9126802EB8301496842F823100133D2
:10175000ACE73868EEF770FEB368C3F80080BBE70B
:10176000BDE8F08170B50C460646A0B3456895B358
:101770002846FFF725FF002901DA0C182BD4A042D8
:1017800029DD3046FFF734FFA04224D011DCAB68DE
:10179000A0421B6811D003EB8002526843F820205E
:1017A0000130F4E703EB800252F8042C43F82020C8
:1017B0000138AB68A0421B68F4D1AB681B682846AF
:1017C00043F8246000222A21E3F7D8FD2846BDE82B
:1017D0007040FEF787B970BD10B5044600223F2166
:1017E00000F0A2FA236B6BB1626B1AB120469847E6
:1017F000002363630022A26320464021BDE810401D
:1018000000F092BA636B002BFCD1F3E72DE9F341B2
:10181000041D076890F8148020460E460BF079FDF1
:10182000054620460BF07AFD009603462A464146BF
:10183000384600F07BFB02B0BDE8F08173B50022B2
:101840000C46143106460BF0C2FA10B9002002B063
:1018500070BD01212046FCF736FD0028F6D1204658
:10186000FDF71DFD05460028F0D101466222204605
:10187000FFF7E9F8C3B2FC2B0090E7D96A461A21BA
:1018800020468DF800500196E3F778FD9DF8003072
:10189000022BDBD02046FFF793FE451E002D05DA14
:1018A0009DF80030002BD1D12046D0E7A3681B68FB
:1018B000304653F82510FFF7C1FF0028C7D1013D7E
:1018C000ECE770472DE9F04F00F118050C4607468C
:1018D00095E80F00C7B002AE86E80F000AA92046BF
:1018E000FDF7F3FE2046FDF7B5FC06AE02460146C5
:1018F0000AA80BF096F90AAA02A930460BF0ABF938
:10190000E0B396E80F0085E80F003A461C21204618
:10191000E3F734FD3A461D212046E3F72FFD1E2153
:101920003A462046E3F72AFD4FF480112046FCF7A3
:10193000CAFC30BB04F114020EAE294630460BF04F
:101940008AF9B8B197F83830022B13D92046FFF73F
:1019500037FE8346B8B93A461F212046E3F70EFD0D
:101960003A4620212046E3F709FD3A462121204648
:10197000E3F704FD02AB0FCB85E80F0047B0BDE8ED
:10198000F08F0AAAD8E796E80F0085E80F002D220D
:1019900000212046FFF757F82B9058B90026A3687E
:1019A0001B68384653F826100136E5F775FAB3453B
:1019B000F5D1D0E70C2200212046FFF744F88146FC
:1019C0002B900028EAD004F114061EA800F022FE95
:1019D00096E80F000DF1940C8CE80F002BA8CDF8C1
:1019E000A490E6F7F1FF30460BF093FC80463046BA
:1019F0000BF094FC804503DB30460BF08FFC02E0DB
:101A000030460BF086FC4FEA600896E80F00C845A8
:101A1000A8BFC8460DF1480989E80F00A3EB0803E9
:101A200001332A464946484613930BF014F960B334
:101A30004A461021384600F032FC00238246A26854
:101A400001931268504652F82310E5F725FA019BDE
:101A500001339B45F3D152461F212046E3F78EFC0C
:101A6000524620212046E3F789FC52462121204698
:101A7000E3F784FC1EA9504600F0D0FD4A462BA98E
:101A80003846CDF8C8A0E7F72DF896E80F000DF11D
:101A9000580989E80F000B464344013B2A46494652
:101AA000484619930BF0D7F860B34A4610213846E0
:101AB00000F0F5FB00238246A268019312685046AD
:101AC00052F82310E5F7E8F9019B01339B45F3D168
:101AD00052461F212046E3F751FC52462021204662
:101AE000E3F74CFC524621212046E3F747FC1EA9B0
:101AF000504600F093FD4A462BA93846CDF8C8A0C1
:101B0000E6F7F0FF96E80F000DF1680989E80F008D
:101B10000B4643441B931D9B2A46A3EB08034946EF
:101B200048461D930BF097F800283FF423AF99E83F
:101B30000F0085E80F000026A3681B68384653F89D
:101B400026100136E5F7A8F9B345F5D103E770B5DE
:101B50000E4688B0044618B9E6F7BAF8044630B124
:101B60002046E6F79DF910B11EB9C4F8646208B0CA
:101B700070BD00232046CDE90033E6F7B9F80138FF
:101B800002902046E6F7C4F86D46013803902A46D5
:101B9000314604A80BF05FF80028E8D094F84030F4
:101BA000072B07D1049B23F007030493069B43F004
:101BB0000703069394F83D30022B0ED195E80F00F1
:101BC00004F1440686E80F000123C4F864320022C1
:101BD0003821204600F0A8F8C9E704AA352120469C
:101BE00000F0A2F80128C2D10026D4F86432B1B2C4
:101BF0008B4215D81F2B84BF0023C4F86432D4F85D
:101C000064328CBF2A4604AA04EB031110684864AE
:101C1000506888649068C864D2680A650133D4E764
:101C200004EB01110022443104A80BF0D0F8013676
:101C30000028DAD09BE738B505460BF0C2FE044613
:101C400028460BF0BCFE382C06D1D0F8080318B19A
:101C5000BDE838400DF0A4B838BD2DE9F04F87B08D
:101C60009A469DF8403004930446E6F79DF80646F0
:101C70002046E6F75DF880462046E6F761F88B4699
:101C80001746054631465846E6F746FB1FB1314632
:101C90003846E6F741FB31464046E6F717FB049B22
:101CA00081466BB32A4604F51E75CDE901BA334669
:101CB000414604F5257BCDF8009028460592E6F7CD
:101CC00033FB059ACDF8009033464146CDE9017AC1
:101CD0005846E6F729FB002F14BF5A460022294632
:101CE0002046E6F73FF804992046E6F74BF894F8CB
:101CF0003F3043F0020384F83F3007B0BDE8F08F77
:101D0000BAFBF0F2CFE7002343637047806B0038E3
:101D100018BF01207047006A003818BF01207047C3
:101D200000F53A700BF014BE70B588B004460E464C
:101D3000154600211C2201A80DF093FACDE90144BB
:101D400004F53A74012201A92046039605950BF08B
:101D5000A0FD012804D1002201A920460BF099FD25
:101D600008B070BD08B5024650B10020E5F7F0FF9D
:101D70004243EF2AD1BF01225032A023B2FBF3F23B
:101D8000104608BD10B54022044600210DF069FA46
:101D900001232362FF2384F83C300BF0E3FBC0F304
:101DA000072320776377C0F307404023A077636160
:101DB00010BD7FB591F83C30022B05460C4620D96A
:101DC0000B6AF3B1D1E909239A421AD08B8ECA6A01
:101DD000D11A0091216B1A44CE1A013A0B44013BEF
:101DE00002926946092201960393E6F7FDFB21461C
:101DF00006464022406D0DF064F931462846E6F76C
:101E0000DFFC04B070BD10B1033020F00300704758
:101E100010B504460846EDF79DFC60430730C00846
:101E200010BDEEF709BB0330EEF7ECBA03460846E7
:101E30005B69114603B118471846704703460846C8
:101E40009B68114603B118471846704730B585693D
:101E50002B6987B004460A466BB141B98388C088B4
:101E600001380090013B02A80AF0C1FE02AA2B69CA
:101E700011462046984707B030BD2DE9F84F074678
:101E80001C200A9E894693461D46EEF7C3FA044677
:101E900088B126B929464846E6F718FA0646334679
:101EA0002A4659464846E6F719FA3B68804633B950
:101EB0002046EEF7C1FA00242046BDE8F88F2946F7
:101EC000984782460028F3D065702368A4F80490F0
:101ED00003F47F4343F4401343F01903A4F806B01E
:101EE000268123602946E6F717FAC4F80C80C4E976
:101EF000040AA761E0E737B50B8900934B78CA88DD
:101F00000C468988FFF7B9FF054660B16388C2684F
:101F100043F030034380E368216900699A4228BF97
:101F20001A460DF0CEF8284603B030BD2DE9F04139
:101F3000069E0D4617469846044618B900242046CA
:101F4000BDE8F08101B9457826B929463846E6F75B
:101F5000BDF9064633462A4641463846E6F7BEF9FD
:101F6000E3688342EAD36570A780A4F806802681DF
:101F7000E5E710B5044660B14388DB0609D58369FF
:101F80005B680BB1406998472046BDE81040EEF70A
:101F900053BA10BD2DE9F0430446B0F8088089B06B
:101FA0000E4679B90A46E6F703FAE288314608FB9D
:101FB00002F20DF056F93146204609B0BDE8F04373
:101FC000FFF744BF0023CDE900338388013B029330
:101FD000C3886A46013B04A803930AF03CFE10B391
:101FE00004A80BF096F900281DDD04A80BF096F963
:101FF000002818DDDDE904122046E6F7D9F9074686
:102000006078EDF7A7FB054604A80BF082F945437D
:102010000735DDF81490ED10079B4B4506DA314685
:102020002046FFF713FF09B0BDE8F08338462A4683
:1020300000210DF016F9474409F10109ECE72DE9FB
:10204000F84F054691461E460C4671B94378B0F8E4
:102050000480DA1F032A11D91EB330460BF059F958
:1020600040453FD1D6E9001221E008460BF051F976
:102070008046CEBB6B78DA1F032A12D8072B28695B
:10208000D9F8101009D0082B09D0092B14BF4FF430
:10209000806240220DF015F8DEE70822FAE71022F0
:1020A000F8E7B9F8043043451CD1002211464846F0
:1020B000E6F77EF90746E4B1D4E900122846E6F7D0
:1020C00077F9D4F804B0D4F80CA0064668782C89C7
:1020D000B9F80890EDF73EFB08FB00F50735ED1069
:1020E000D34512DDBDE8F88F30460BF012F980457C
:1020F000B7E7224621462846E6F75AF9B5F806A082
:1021000006460AF1FF3AA346E0E7394630462A463A
:102110000CF0D7FF26444F440BF1010BE0E7438856
:10212000194214BF012000207047438819434180A1
:10213000704730B585B0CB6802930B6901930B896A
:1021400000934B78CA880C4689880546E6F7ECF878
:10215000012804BF63886B8005B030BD70472DE94E
:10216000FF41436C06460D461746EBB9002D3BD1A7
:10217000756CA5B32B6D012B36D195F858300BB18A
:10218000BB4231D1746C05F118087CB3A54227D04D
:10219000236D032B06D0424604F1180168460AF06D
:1021A0005AFD08BB2468F0E7E5F720FAE5F7A0FD43
:1021B0000446E5F71BFAE5F7ABFD736C1A6D012ACF
:1021C000D4D09A68002AD1DC1A69013CA242CDDB46
:1021D000DA68002ACADC5B6901388342C6DB002466
:1021E000204604B0BDE8F0812D68C2E72C46F7E731
:1021F000FF2310B580F83830002304461A461946EC
:1022000018460BF094F9C0F3072384F83A30C0F372
:10221000074384F83B30C0F3076384F8390084F83F
:102220003C3010BD10B55822044600210DF019F8BD
:102230002046BDE81040FFF7DBBF2DE9F041054621
:102240000F461C469046FFF7EDFFE5F7CFF9AF6468
:10225000064694E80F0005F1180787E80F0094E898
:102260000F002F1D87E80F0094E80F0005F12807E5
:1022700087E80F0085F81480D6F8B43213B12946E8
:1022800030469847D6F8B03233B11A46DB6C002B93
:10229000FBD1D564BDE8F081C6F8B052FAE7F8B5D5
:1022A000054658200E461746EEF7B4F8044668B1C6
:1022B0003B4632462946FFF7C0FF3DB195F838301E
:1022C00084F83830D5F83930C4F839302046F8BDB4
:1022D0000068E6F76DB838B10078A0F120035F2BF5
:1022E00004D9C0094000704703207047012070479F
:1022F0002DE9F0438BB00546BDF84870BDF84C8021
:10230000DDF850901E4673B9B7F5807F0BD1B8F554
:10231000807F08D1C0E9003301398160541EEC6030
:102320000BB0BDE8F08301240023CDE90413CDE90F
:102330000632CDE90812CDE90233CDE900944346D7
:102340003A46314602A80AF0D6FFCDE9009443464A
:102350003A46314604A80AF0CEFFCDE90094434640
:102360003A46314606A80AF0C6FFCDE90094434636
:102370003A46314608A80AF0BEFF089B069C04981E
:102380000299A3421A46A8BF22468242A8BF02462B
:102390008A42D4BF2A602960A342B8BF2346834241
:1023A000B8BF0346099C0798039A8B42B8BF0B46F7
:1023B000013B84420599AB602346A8BF03468B428C
:1023C000A8BF0B469342D4BF6B606A608442B8BF1B
:1023D00004468C42B8BF0C469442B8BF1446013C38
:1023E0009DE72DE9F0410646A0B00C4615461F4674
:1023F000002B4FD013680593536806939368079397
:10240000D36808930B6B3BB94B6BB3F5807F03D15B
:102410008B6BB3F5807F21D028460AF07AFF804687
:1024200028460AF07BFF04F144030293238F0193B3
:10243000A38E00930246236B414605A8FFF758FF81
:102440002968059B6A680B440593069B1344069311
:10245000079B0B440793089B134408930DF1240832
:1024600006F1380205A940460AF0F5FB90B1E16992
:1024700000220DA8E7F774F901280BD13046CDE909
:102480000187009500230DAA2146E6F737FA0DA82B
:1024900000F082FB20B0BDE8F0811F2825D940F272
:1024A0001C63984221D0A0F58A531F3B012B1CD9F5
:1024B000A0F5C0530B3B032B17D9A0F50053A3F194
:1024C0000B02042A11D9283B072B0ED9A0F5015382
:1024D0001F3B102B09D94FF6FF63984205D04FF6EA
:1024E000FF03C31A58425841704701207047034602
:1024F0003038C0B209280BD9602B84BF203BDBB237
:10250000A3F14102052A02D8373BD8B27047002018
:1025100070470379052B0CBF406D002070473022B7
:1025200000210CF09EBEF8B50C46064694F85830D3
:10253000022B11461ED9E369E3B11B78D3B1A36A1C
:10254000C3B10522E6F750F86C2205462146406DDE
:102550000CF0B7FD94F85C30DB0705D5616DE069E0
:102560006F6D0CF009FFF86129463046BDE8F84070
:10257000E6F726B9F8BD10B54022044600210CF05C
:1025800070FE01232363FF2384F83C300AF0EAFF46
:10259000C0F3072384F82C0084F82D30C0F30740E3
:1025A000402384F82E00636110BD7FB50B6B064697
:1025B0000C466BB391F83C20022A29D9496AE2699A
:1025C0009142D4BFC3EB0105C3EB020500959142D4
:1025D000ACBF5D189D18A16A226A02959142D4BFD2
:1025E000C3EB0105C3EB02059142ACBF5B189B181E
:1025F0000822694601950393E5F7F6FF2146054653
:102600004022406D0CF05DFD29463046E6F7D8F8D3
:1026100004B070BD342200210CF023BEF8B504468E
:10262000007D0F46EDF7A0F840B30B22211D204698
:10263000E5F7DAFF05463422406D39460CF041FDDE
:102640006E6D3068346198B14FF40021FBF73BFEAA
:1026500070B130684FF40021FBF7E1FD22213868AA
:102660002A46E2F78BFE30684FF40021FCF723F88E
:1026700029462046BDE8F840E6F7A2B8F8BD10B5F7
:102680003022044600210CF0ECFDFF2384F82030BA
:102690003023636110BD0379012B0CBF406D002016
:1026A000704710B504462C2200210CF0DAFD238D72
:1026B00023F4FF5323F01F036FEA13336FEA03334E
:1026C00023852C23636110BD0379022B0CBF406D61
:1026D000002070472DE9F04FCD6D93B007460C46B2
:1026E000164685B191F86C30022B40F28780012D9F
:1026F00040F086808B6E002B05DC0B6E1BB94D6E97
:10270000003D18BF012594F82030059394F83B3024
:10271000022B77D9236B003B18BF0123079394F852
:102720004830022B70D9636C002B6DD094F849802F
:1027300018F0200F68D118F01F0818BF4FF00108DB
:1027400094F85830022B62D9236D003B18BF012347
:102750000693059BFF2B6DD194F82F301B0758D1A2
:10276000002D6CD0314603223846E5F73DFFA26EBE
:10277000D0F8549000F1180B8246114658460AF0E2
:1027800050FAE26D584611460AF04BFAD4E9181295
:1027900058460AF053FAA646BEE80F00CC46ACE80D
:1027A0000F009EE807008CE807003823C9F81430B2
:1027B000E369C9F81C3094F85B30B4F85920A9F8E3
:1027C000202089F82230E36DC9F82430A36EC9F8BF
:1027D000283094F86C3089F83430236EC9F82C30E6
:1027E000636EC9F8303099F83530514665F300030F
:1027F000384689F83530E5F7E3FF1DE0002582E72C
:10280000012580E7002389E74FF0000898E70023BF
:102810009EE794F82E20002304F127019A429FD9C5
:1028200003EB8300085CFF2801D10133F6E735B1E3
:10283000002597E7002DFBD1059B022B52D996E886
:102840000F000EAD85E80F00636C012B1BDD94F8C3
:102850004830FC2B17D9E369ABB194F849300246F4
:10286000C3F380010A440E920F9AC3F340010A4455
:102870000F92109AC3F3C001521A1092119A03F0EA
:102880000103D21A1192294601223846E5F7ACFE1F
:10289000456D81462846FFF7F2FEA646BEE80F00CA
:1028A000AC46ACE80F009EE807008CE80700302338
:1028B0006B61E369EB61B4F82130A5F8213094F83D
:1028C000233085F8233004F1240207CA05F12403DC
:1028D00083E8070094F8203085F8203049463846D0
:1028E000E5F76EFF079B002B71D0206BFFF7F3FC21
:1028F000012805460DF12C0A1DD8206B514600F029
:1029000025F9012863D194F83D30002B40F0E18097
:10291000BDF830200093013A1092BDF83220013A00
:1029200011920EA909223046CDE90E330AF050FB70
:1029300006220EA9CFE00C22002150460CF091FC9B
:10294000032D44D000256FF06043CDE9013500959B
:10295000D4E90C122B4609A80CF0BFF9099B00958D
:10296000013B10930A9B013B119309222B460EA9B0
:102970003046CDE90E550AF02BFB05220EA938464C
:10298000E5F732FED0F8549082464846E6F7DAF989
:10299000A446BCE80F004D460FC59CE8070085E83B
:1029A00007006C23C9F81430A36BA9F82C301B0C5A
:1029B00089F82E30636BC9F82830236BC9F81C30B6
:1029C00005238AF8043051463846E5F7F9FEB8F198
:1029D000000F2CD0022231463846E5F705FEA64608
:1029E000456D8046BEE80F00AC46ACE80F009EE89F
:1029F00007008CE807002C236B61E369EB61E28F31
:102A000094F8403085F822302A8494F8483085F8CC
:102A10002830636C6B6294F8492095F8293062F392
:102A2000040385F8293041463846E5F7C9FE069B80
:102A3000002B4BD096E80F000EAD85E80F00D4E9CF
:102A400014231A44114628460AF0EBF829460222BC
:102A50003846E5F7C9FD226D456D00F118061146AF
:102A6000804630460AF0DDF8626D304611460AF0C5
:102A7000D8F8A446BCE80F002E460FC69CE8070015
:102A800086E807002C236B61E36947F6FF729342E7
:102A90001FBF226D9B18626D9B18EB61B4F84A2032
:102AA00094F84C3085F822302A8494F8583085F810
:102AB0002830236D6B6295F829300F2262F30403EE
:102AC00085F8293041463846E5F77AFE13B0BDE86F
:102AD000F08F062231463846E5F786FD456D814682
:102AE0002846E5F771FFA646BEE80F00AC46ACE805
:102AF0000F009EE807008CE807006C236B61236BD6
:102B0000EB6194F83B3085F85030A36BA5F84C305E
:102B10001B0C85F84E3094F83C3085F84F3094F813
:102B20003D2095F8513062F345139AE8070085F887
:102B3000513005F1200383E80700E369EB6296E872
:102B40000F00583585E80F0049463DE730B595B090
:102B500004464C220D4601A800210CF082FB2046C1
:102B60000494FFF7B8FB29468DF8140001A8E6F796
:102B700035FD003818BF012015B030BD30B4044613
:102B800000688568134625B10A46AC46214630BC2C
:102B90006047284630BC704710B50446006878B1DD
:102BA000C3680BB121469847ECF73CFB40B1206C61
:102BB00030B1616C21B1BDE81040002209F003BDC5
:102BC00010BD016070474160704781607047C1600F
:102BD0007047CB10C943C05C01F00701084100F009
:102BE0000100704737B5ADF80400C0F30720FC289A
:102BF00002D84C78022C03D8BDF804300B800FE0CB
:102C000002280DD9FF2C0DD19DF804300A784C70A4
:102C1000C0F1FF0513FB00F305FB02331B0A0B7029
:102C200003B030BDD378A34202D1537883420DD094
:102C3000C0F1FF03C4F1FF0463436FEA2323DBB257
:102C4000C0EB00209371B0FBF3F0D0710C8850887A
:102C5000BDF80430844202D11088984212D0BDF8E9
:102C6000043013800B88D07953809DF804300C78A1
:102C7000C0F1FF0513FB00F305FB04331B0A1371BE
:102C8000937953719388B9E710B485B0013AADF8E0
:102C90000410C9B2032A26D8DFE802F002090E1F89
:102CA00004780C44FF2CA8BFFF24E4B208E00478A9
:102CB000641A24EAE474F8E7047814FB01F4240AA3
:102CC0009DF805208DF80D208DF80C4001460398E5
:102CD0001A4605B010BCFFF785BF0478641A002CB3
:102CE000B8BF6442E1E705B010BC704710B50222DE
:102CF000002104460CF0B5FA0222A01800210CF0C5
:102D0000B0FA02220021201D0CF0ABFAFF23A371C0
:102D1000E37110BD2DE9F04F8BB0436800938368D9
:102D20000193C3680293D0E906530393D0E90443A7
:102D3000074690F821900668049308A88846FFF794
:102D4000D5FF97F82230002B40F0C1804CBBB9F181
:102D5000FC0F23D8019B9C4280F2BC80AA4600272E
:102D60003AE050460AF06EFC09F1010907F8020C3E
:102D700007F801BCC244009B994507F10207F0DB4C
:102D8000029B1E44039B01341D44019B9C4280F224
:102D9000A180AA4637464FF00009ECE74FF0FF0B41
:102DA000F3E7B9F1FC0F1F463BD8019B9F4280F22D
:102DB0009180AB464FF0000A4FE050460AF042FCCB
:102DC0008DF81D908DF81C0006EB4701079808AAA6
:102DD000FFF708FF0137C244009B9F42EDDB029BD7
:102DE0001E44039B01341D44B4E750460AF02AFCFC
:102DF00014F809308DF81C008DF81D3006EB4901E0
:102E0000079808AAFFF7EEFE09F10109C244009BEA
:102E10009945EADB029B1E44039B1D44049B01373A
:102E20001C44019B9F4255DAAA464FF00009EEE789
:102E300058460AF007FC14F80A308DF81C0013FB02
:102E400009F31B128DF81D3006EB4A01079808AAFA
:102E5000FFF7C8FE0AF1010AC344009B9A45E7DB6D
:102E6000029B1E44039B1D44049B01371C449CE7AA
:102E700005980AF0E7FB8DF81C0034B314F80A300B
:102E800013FB09F31B0A8DF81D3006EB4A0008AB53
:102E900097F822200799FFF7F7FE059B43440AF1B4
:102EA000010A0593009B9A45E2DB0CB1049B1C448C
:102EB000029B1E44039B0BF1010B1D44019B9B4590
:102EC00008DA05954FF0000AECE74B46DBE74FF0D8
:102ED000000BF3E70BB0BDE8F08F2DE9F04FD0E920
:102EE000044A87B00546D0E9016790F81B90D0F8F6
:102EF0000C8004A8FFF7FAFEA869002C40F0868039
:102F0000B9F1FC0F67D90AF069FB002E0246286868
:102F100006F1FF3525F00F05A6F1100ED8BF0025EC
:102F2000FF21BC4261DA03464FF0000C41E003F898
:102F3000202C03F81F1C03F81E2C03F81D1C03F89B
:102F40001C2C03F81B1C03F81A2C03F8191C03F89B
:102F5000182C03F8171C03F8162C03F8151C03F89B
:102F6000142C03F8131C03F8122C03F8111C03F89B
:102F7000102C03F80F1C03F80E2C03F80D1C03F89B
:102F80000C2C03F80B1C03F80A2C03F8091C03F89B
:102F9000082C03F8071C03F8062C03F8051C03F89B
:102FA000042C03F8031C03F8022C03F8011C0CF199
:102FB000100CE64503F12003B9DC2B4600F1010CAF
:102FC000B34202DB40440134ABE700F813200CF8B5
:102FD00013100133F4E70AF001FB8DF80D90D5F8DA
:102FE00000908DF80C00BC420EDB07B0BDE8F08FFE
:102FF00009EB4501039804AAFFF7F4FD0135B5423A
:10300000F6DBC1440134EEE70025F8E7B9F1FC0F27
:103010001CD90AF0E3FAD5F800B08DF80C004FF097
:103020000009B945E1DA002509E0635D8DF80D304E
:103030000BEB4501039804AAFFF7D4FD0135B54217
:10304000F3DBC344544409F10109EAE70AF0C6FA84
:103050002B688DF80C004FF0000BBB45C5DA00253E
:103060000EE0625D019312FB09F212128DF80D2041
:1030700003EB4501039804AAFFF7B4FD019B01355A
:10308000B542EEDB434454440BF1010BE5E72DE977
:10309000F04F90F82030063B8BB004460F2B2FD812
:1030A000DFE813F0E30181032E002E002E002E0036
:1030B0002E002E002E00E500EE00EC0010002E0089
:1030C0002E009E024368019383680293D0E9045363
:1030D000D0E9067B90F821800668D0F80CA0039315
:1030E00008A8FFF703FE94F82230002B40F0BD80C3
:1030F000002D3CD1B8F1FC0F1CD8029BAB4234DC54
:103100000BB0BDE8F08F37F814000AF082FA0134F2
:1031100008F8020C08F8019C019BA34208F1020880
:10312000F1DC56445F440135029BAB42E8DDB0461A
:103130000024F1E74FF0FF09F6E737F814000AF032
:1031400068FA4FEA44098DF81C008DF81D80079835
:1031500008AA06EB0901FFF745FD0134019BA342D4
:10316000EBDC56445F440135C7E70024F6E7B8F1CD
:10317000FC0F1C4621D8029BA342C1DD4FF0000981
:1031800039E037F818000AF044FA15F808308DF8DD
:103190001C004FEA48098DF81D30079808AA06EB75
:1031A0000901FFF71FFD08F10108019B4345E8DC19
:1031B000039B56445F441D440134029BA3429FDDA0
:1031C0004FF00008F1E74FEA490137F81900049180
:1031D0000AF01FFA15F8093004998DF81C0013FB4A
:1031E00008F31B128DF81D30079808AA3144FFF729
:1031F000F9FC09F10109019B4B45E4DC039B5644B2
:103200005F441D440134B6E74FEA490337F819001B
:1032100005930AF0FEF98DF81C0025B315F8093066
:1032200013FB08F31B0A8DF81D304FEA490094F890
:103230002220079908AB3044FFF726FD09F1010968
:10324000019B4B45E0DC0DB1039B1D44049B5644A0
:103250005F4401330493049A029B93427FF750AF7B
:103260004FF00009ECE74346DDE70023F2E70321D6
:1032700020460BB0BDE8F04FFFF74CBD0421F7E747
:103280004368019383680293C3680393D0E90453AE
:10329000D0E9066A90F821800768049308A8FFF730
:1032A00025FD94F82230002B40F0DD80002D48D120
:1032B000B8F1FC0F20D8029BAB427FF721AFB1469B
:1032C000002436E0D8F800000AF0D3F998F803306B
:1032D0008DF81C008DF81D3007EB4401079808AAF3
:1032E000FFF780FC013408F10408019BA342E9DCEC
:1032F000039B56441F440135029BAB427FF700AF4E
:10330000B0460024F1E7D9F800000AF0B2F999F8C4
:1033100003308DF81C0013FB08F31B128DF81D30D1
:1033200007EB4401079808AAFFF75CFC013409F198
:103330000409019BA342E6DC039B56441F4401356C
:10334000B9E7B8F1FC0F1C4629D8029BA3427FF7CE
:10335000D7AEB3464FF0000944E0D9F800000AF0B8
:1033600088F915F8082099F803308DF81C0013FB34
:1033700002F31B128DF81D3007EB4801079808AACD
:10338000FFF730FC08F1010809F10409019B4345EE
:10339000E3DC039B1F44049B56441D440134029B01
:1033A000A3427FF7ADAEB1464FF00008EEE7DBF881
:1033B00000000AF05EF915F809209BF803308DF83B
:1033C0001C0013FB02F308FB03F31B148DF81D30E4
:1033D00007EB4901079808AAFFF704FC09F1010966
:1033E0000BF1040B019B4B45E1DC039B1F44049B49
:1033F00056441D440134A8E7DBF800000AF039F90F
:103400009BF803208DF81C002DBB12FB08F2130A59
:103410008DF81D3007EB490094F82220079908AB7E
:10342000FFF732FC09F101090BF1040B019B4B453D
:10343000E2DC0DB1049B1D44039B1F44059B5644D5
:1034400001330593059A029B93427FF759AEB34629
:103450004FF00009EAE715F8093013FB02F308FB07
:1034600003F31B0CD4E70023EBE743680193836865
:103470000293D0E90453D0E9067B90F821800668D6
:10348000D0F80CA0039308A8FFF730FC94F8223082
:10349000002B40F0A38085BBB8F1FC0F18D8029B2D
:1034A000AB427FF72DAE002420E0F85C06F8130055
:1034B00001F81320013301989842F6DC56445F442A
:1034C0000135029BAB427FF71BAE0023711CF2E774
:1034D000FF22F6E73B5D8DF81C308DF81D8006EB72
:1034E0004401079808AAFFF77DFB0134019BA34222
:1034F000F0DC56445F440135D1E7B8F1FC0F1C46BF
:103500001ED8029BA3427FF7FBAD4FF0000931E0CC
:1035100017F808308DF81C3015F808308DF81D307C
:1035200006EB4801079808AAFFF75CFB08F10108C1
:10353000019B4345ECDC039B56445F441D4401342E
:10354000029BA3427FF7DCAD4FF00008F0E717F8CD
:1035500009308DF81C3015F8093013FB08F31B12E5
:103560008DF81D3006EB4901079808AAFFF73AFBD2
:1035700009F10109019B4B45E9DC039B56445F447B
:103580001D440134BDE717F809308DF81C301DB318
:1035900015F8093013FB08F31B0A8DF81D3006EBF4
:1035A000490094F82220079908ABFFF76DFB09F159
:1035B0000109019B4B45E6DC0DB1039B1D44049BB7
:1035C00056445F4401330493049A029B93427FF76D
:1035D00097AD4FF00009ECE74346DEE70023F2E742
:1035E0004368019383680293D0E90453D0E9066AE3
:1035F00090F821800768D0F80C90039308A8FFF793
:1036000075FB94F82230002B40F0CB80002D3DD18B
:10361000B8F1FC0F19D8029BAB427FF771ADB346EE
:1036200000242AE006EB440216F81430507807EB29
:10363000440108AA43EA0020FFF7D4FA0134019BB1
:10364000A342EFDC4F4456440135029BAB427FF767
:1036500057AD0024F3E73BF8023CADF81C301BF8F3
:10366000013C13FB08F31B128DF81D3007EB4401DE
:10367000079808AAFFF7B6FA0134019BA3420BF1A1
:10368000020BE8DC4F4456440135C4E7B8F1FC0FA7
:103690001C4626D8029BA3427FF732AD33464FF03B
:1036A000000B3FE03BF8023C15F80820ADF81C3059
:1036B0001BF8013C13FB02F31B128DF81D3007EBC6
:1036C0004801079808AAFFF78DFA08F10108019B45
:1036D00043450BF1020BE5DC039B4F4456441D446C
:1036E0000134029BA3427FF70BADB3464FF00008B5
:1036F000EDE733F8022C15F80B10ADF81C2013F889
:10370000012C049312FB01F208FB02F212148DF853
:103710001D2007EB4B01079808AAFFF763FA049BEB
:103720000BF1010B019A5A4503F10203E1DC039B03
:103730004F4456441D440134ACE736F81B30ADF815
:103740001C30059B13F81B201DBB12FB08F2130A4B
:103750008DF81D3007EB4B0094F82220079908AB39
:10376000FFF792FA0BF1010B019B5B45E5DC0DB114
:10377000039B1D44049B4F44564401330493049A15
:10378000029B93427FF7BCAC731C4FF0000B059378
:10379000EAE715F80B3013FB02F308FB03F31B0CED
:1037A000D6E70023EAE7D0E901830193D0E9045387
:1037B000D0E9067B90F821900668D0F80CA002931F
:1037C00008A8FFF793FA94F82240002C7FF498ACF5
:1037D000CDBBB9F1FC0F1DD8019BAB427FF790AC7C
:1037E00000242AE011463846FFF7F3F9404204F876
:1037F000020C04F8019C0132904504F10204F1DC52
:1038000056445F440135019BAB427FF779AC3446A7
:103810000022F1E74FF0FF09F5E721463846FFF7B0
:10382000D8F940428DF81C008DF81D9006EB44013C
:10383000079808AAFFF7D6F90134A045EDDC5644F5
:103840005F440135C8E7B9F1FC0F1FD8019BA342C3
:103850007FF756AC002337E049463846FFF7B9F901
:1038600015F809308DF81D3040428DF81C0006EB2C
:103870004901079808AAFFF7B5F909F10109C845F8
:10388000EADC029B56445F441D440134019BA34281
:103890007FF736AC4FF00009F1E71946384603933D
:1038A000FFF797F9039BEA5C12FB09F24042121200
:1038B0008DF81D208DF81C0006EB4301079808AA1F
:1038C000FFF790F9039B01339845E6DC029B5644D1
:1038D0005F441D440134B9E7CB10C943C05C01F01B
:1038E0000701084100F00100704730B5B0F17D4F8D
:1038F00085B0CDE9001014464FEA10634FEA116518
:1039000001D2022D14D8019B03939DF80C300020A6
:1039100063F307009DF80D3063F30F209DF80E3020
:1039200063F317409DF80F3063F31F6005B030BD9F
:10393000022B01D80391E8E7FF2D04D105B0BDE8C3
:10394000304009F0DFBED279AA4202D1E2789A4231
:103950000DD0C3F1FF02C5F1FF056A436FEA2222D1
:10396000D2B2C3EB03232273B3FBF2F36373616838
:10397000009809F0BBFDB0B90198637B2060009806
:103980008DF8073060600146019809F0BBFEC0F376
:10399000072320726372C0F30740237BA072E37297
:1039A000A0680390B1E72168019809F09FFD002805
:1039B000E2D0F5E77FB5013A0191CDB2C1F3072618
:1039C0000446C1F30741032A4ED8DFE802F002178C
:1039D000284FA2780A44FF2AA8BFFF228DF80E20A4
:1039E000627821783244FF2A2944A8BFFF22FF29A8
:1039F0008DF80D20A8BFFF21C9B220E0A278521A8D
:103A000022EAE2728DF80E2062782178921B22EA77
:103A1000E272491B8DF80D2021EAE171ECE7A278F2
:103A200012FB01F212128DF80E206278217812FB3F
:103A300006F2121211FB05F18DF80D20090A9DF80E
:103A400007208DF80C108DF80F20216803981A4676
:103A5000FFF74BFFC0F3072320706370C0F30743E9
:103A6000C0F30760A370E07004B070BDA278521A72
:103A7000002AB8BF52428DF80E2062782178921B3E
:103A8000002AA1EB0501B8BF524200298DF80D2094
:103A9000B8BF4942B0E732B1FF23FC2ACB7003D94B
:103AA000887048700870704710FB02F0D3438A7822
:103AB000DBB202FB0302120A8A704A7802FB03029D
:103AC000120A4A700A7802FB0300000AEAE710B5FE
:103AD0000422002104460BF0C4FB0422A01800219C
:103AE0000BF0BFFB0422002104F108000BF0B9FB2E
:103AF000FF232373637310BD2DE9F04F8DB043682E
:103B0000009383680193C3680293D0E9066303932B
:103B1000D0E90443074690F821800568059308A87A
:103B20000491FFF7D4FF97F82230002B40F02A8150
:103B3000002C44D1B8F1FC0F39D9049B042B34D1AB
:103B4000009B9F00019B9C4202DB0DB0BDE8F08F03
:103B5000314628463A460BF0B4FA029B1D44039BBB
:103B600001341E44EEE712F8017C03F8027C12F8DF
:103B7000027C03F8037C12F8037C03F8047C03F84E
:103B8000010C0131009FB94202F1030203F1040369
:103B9000E9DB029B1D44039B01341E44019B9C42B4
:103BA000D3DA32462B460021ECE7FF20F6E78DF80A
:103BB0001F80019B9C42C8DAB04600272FE0B8F175
:103BC000FC0F1F4668D8019B9F42BEDAB2464FF0F9
:103BD000000996E098F802308DF81E3098F8013010
:103BE0008DF81D3098F800308DF81C3055F82710EE
:103BF000079808AAFFF779FE05EB8709C0F30723AA
:103C000005F8270089F80130C0F3074389F802302E
:103C1000049BC0F3076089F8030001379844009BB8
:103C20009F42D7DB029B1D44039B01341E44C0E727
:103C300014F808308DF81F3099F802308DF81E30D6
:103C400099F801308DF81D3099F800308DF81C304E
:103C500055F82810079808AAFFF747FE05EB880AD1
:103C6000C0F3072305F828008AF80130C0F30743A2
:103C70008AF80230049BC0F307608AF8030008F159
:103C800001089944009B9845D2DB029B1D44039B8D
:103C90001E44059B01371C44019B9F42BFF655AF54
:103CA000B1464FF00008EDE714F8093055F8291037
:103CB00013FB08F31B128DF81F309AF802308DF8B1
:103CC0001E309AF801308DF81D309AF800308DF8CA
:103CD0001C30079808AAFFF708FE05EB890BC0F314
:103CE000072305F829008BF80130C0F307438BF850
:103CF0000230049BC0F307608BF8030009F101094F
:103D00009A44009B9945CFDB029B1D44039B1E44B4
:103D1000059B01371C4456E79AF802308DF81E3097
:103D20009AF801308DF81D309AF800308DF81C306B
:103D300034B314F8093013FB08F31B0A8DF81F3055
:103D400005EB890008AB97F822200799FFF732FEB0
:103D5000049B09F101099A44009B9945DCDB0CB1F5
:103D6000059B1C44029B1D44039B0BF1010B1E444D
:103D7000019B9B45BFF6E9AEB2464FF00009EBE769
:103D80004346DBE74FF0000BF2E72DE9F04FD0E9B7
:103D9000044389B0D0E9015990F81B80D0F80CA0F9
:103DA0000093064604A8FFF792FE002C5BD1B8F101
:103DB000FC0F2FD9B06909F071FB002D0346306864
:103DC00025F00F01A5F10F07B8BF00214C4529DAF6
:103DD0000246002610E042E9103342E90E3342E980
:103DE0000C3342E90A3342E9083342E9063342E937
:103DF000043342E902331036B74202F14002EADCF2
:103E00000A46AA4202DB50440134DFE740F8223080
:103E10000132F6E7B069414609F01FFB37680390AD
:103E20004C451EDB09B0BDE8F08F57F8261003980B
:103E300004AAFFF75AFD07EB8608C0F3072307F82B
:103E4000260088F80130C0F30743C0F3076088F804
:103E5000023088F803000136AE42E6DB57440134F5
:103E6000DEE70026F8E7B8F1FC0F2DD9B069FF2195
:103E700009F0F3FA376803904FF00008C845D1DA2B
:103E8000002619E0A35D8DF80F3057F8261003982F
:103E900004AAFFF72AFD07EB860BC0F3072307F8F8
:103EA00026008BF80130C0F30743C0F307608BF89E
:103EB00002308BF803000136AE42E3DB009B57442F
:103EC0001C4408F10108D9E7B069414609F0C5FA78
:103ED000376803904FF0000BCB45A3DA00261BE0B8
:103EE000A35D57F8261013FB08F31B128DF80F3053
:103EF00004AA07EB860303980193FFF7F6FC019BE6
:103F000007F82600C0F307225A70C0F30742C0F337
:103F100007609A70D8700136AE42E1DB009B5744CF
:103F20001C440BF1010BD7E72DE9F04F90F820303E
:103F3000063B8DB083460F2B33D8DFE813F07602B3
:103F4000F50332003200320032003200320032001B
:103F5000570160015E011000320032002603436801
:103F6000019383680293C3680393D0E906430493E3
:103F7000D0E9046390F821900568059308A8FFF73D
:103F8000A6FD9BF82270002F40F02B81002E48D117
:103F90008DF81F9040F20D4A40F63A09029BB34259
:103FA0003DDC0DB0BDE8F08F04EB470355F827105A
:103FB0005B78DB0809FB03F31B128DF81E3034F825
:103FC0001730C3F345130AFB03F31B128DF81D30A2
:103FD00014F8173003F01F0309FB03F31B128DF8CD
:103FE0001C30079808AAFFF780FC05EB8708C0F390
:103FF000072305F8270088F80130C0F30743C0F312
:10400000076088F8023088F803000137019BBB4243
:10401000CADC039B1D44049B01361C44BEE70027F9
:10402000F4E7B9F1FC0F51D840F63A0B40F20D43DA
:10403000029ABA42B5DD4FF0000887E016F8083062
:104040008DF81F3004EB480355F828105B78DB0827
:104050000AFB03F31B128DF81E3034F81830C3F33B
:1040600045130BFB03F31B128DF81D3014F81830A9
:1040700003F01F030AFB03F31B128DF81C30079893
:1040800008AAFFF732FC05EB8809C0F3072305F8FF
:10409000280089F80130C0F30743C0F3076089F8AE
:1040A000023089F8030008F10108019B4345C5DC93
:1040B000039B1D44049B1C44059B01371E44029B2B
:1040C000BB427FF76EAF4FF00008EEE740F63A0ACA
:1040D00040F20D4BF3E716F8082055F8281012FBB4
:1040E00009F212128DF81F2004EB480205EB880A32
:1040F0005278D2080BFB02F212128DF81E2034F80F
:104100001820C2F345125A4312128DF81D2014F8DC
:10411000182002F01F020BFB02F212128DF81C2075
:10412000079808AAFFF7E1FBC0F3072205F828006B
:104130008AF80120C0F30742C0F307608AF8022022
:104140008AF8030008F1010840F20D43019A424544
:10415000C1DC039A1544049A1444059A01371644A5
:1041600066E704EB470340F20D425B78DB080AFB8D
:1041700003F31B128DF81E3034F81730C3F34513C8
:1041800053431B128DF81D3014F8173003F01F0332
:104190000AFB03F31B128DF81C3006B3F35D13FB0F
:1041A00009F31B0A8DF81F3005EB87009BF82220CE
:1041B000079908ABFFF7FEFB0137019BBB42D0DC40
:1041C0000EB1059B1E44039B1D44049B08F101088E
:1041D0001C44029B43457FF7E4AE0027EDE74B46C6
:1041E000E0E74FF0000840F63A0AF2E703215846AC
:1041F0000DB0BDE8F04FFFF77FBC0421F7E743683F
:10420000019383680293C3680393D0E90453D0E910
:10421000066990F821800468049308A8FFF757FC0A
:104220009BF82270002F40F0FD80002D59D1B8F18D
:10423000FC0F25D8029BAB427FF7B3AEB2460027F6
:1042400045E054F8271056F8270008AAFFF74DFB61
:1042500004EB8708C0F3072304F8270088F801302F
:10426000C0F30743C0F3076088F8023088F8030002
:104270000137019BBB42E4DC039B4E441C440135E7
:10428000029BAB427FF78DAE0027F2E71AF8013CA4
:104290005AF8040C079013FB08F31B128DF81F301B
:1042A00054F82710079808AAFFF71FFB04EB870BA9
:1042B000C0F3072304F827008BF80130C0F307434D
:1042C000C0F307608BF802308BF803000137019BC5
:1042D000BB420AF1040AD9DC039B4E441C4401355D
:1042E000A8E7B8F1FC0F36D8029BBB427FF759AE66
:1042F000B3464FF0000A5AE015F808201AF8013CBE
:104300005AF8040C079013FB02F31B128DF81F30B0
:1043100054F82810079808AAFFF7E7FA04EB880B6F
:10432000C0F3072304F828008BF80130C0F30743DB
:10433000C0F307608BF802308BF8030008F1010826
:10434000019B43450AF1040AD6DC039B1C44049BF1
:104350004E441D440137029BBB427FF722AEB2465A
:104360004FF00008ECE71BF8012C15F80A105BF879
:10437000040C079012FB08F24A4312148DF81F2018
:1043800004EB8A0354F82A100798059308AAFFF74C
:10439000ACFA059B04F82A00C0F307225A70C0F358
:1043A0000742C0F307609A70D8700AF1010A019BB6
:1043B00053450BF1040BD6DC039B1C44049B4E4479
:1043C0001D44013790E7059B56F8270013F8272076
:1043D000079005BB18FB02F2130A8DF81F3004EB9F
:1043E00087009BF82220079908ABFFF7E3FA013713
:1043F000019BBB42E7DC0DB1049B1D44039B4E4473
:104400001C440AF1010A029B53457FF7CAADF31C15
:1044100000270593ECE7EB5D13FB02F308FB03F3C6
:104420001B0CDAE74FF0000AEDE7D0E901930193A6
:10443000D0E906530293D0E9044390F8227090F833
:1044400021800668D0F80CA00393002F6DD19CBB8F
:10445000B8F1FC0F19D8019BA3427FF7A2AD00274A
:1044600023E012F8011F03F8011C03F8021C117865
:1044700003F8031C03F8041C8118494503F10403E5
:10448000EFDB029B56441D440134019BA3427FF79E
:1044900088AD6A1E3346C5F10100EDE7E85D06EB25
:1044A00087014246FFF7F7FA0137B945F6DC029B70
:1044B00056441D440134CEE7B8F1FC0F18D8019BD7
:1044C000BB427FF76EAD4FF0000B25E014F80820DB
:1044D00015F8080006EB8801FFF7DDFA08F101087E
:1044E000C145F3DC029B1D44039B56441C44013729
:1044F000019BBB427FF755AD4FF00008F0E714F881
:104500000B2015F80B0012FB08F206EB8B01120AC8
:10451000FFF7C1FA0BF1010BD945F0DC029B1D44FA
:10452000039B56441C440137C9E708A8FFF7CFFA9C
:1045300000230493049A019B93427FF732AD002736
:1045400016E0EB5D8DF81E308DF81D308DF81C30B7
:10455000CCB1E35D13FB08F31B0A8DF81F3006EBAB
:1045600087009BF82220079908ABFFF723FA013751
:10457000B945E6DC0CB1039B1C44029B1D44049B23
:1045800056440133D5E74346E7E743680193836820
:104590000293D0E9044390F8227090F821800668D5
:1045A000D0F80C900393D0E9065A002F40F0828097
:1045B000B4BBB8F1FC0F17D8029BA3427FF7F1AC54
:1045C000AB46002723E006EB870118F8012C18F80A
:1045D000020CFFF760FA0137019BBB4208F10208A9
:1045E000F1DC4E4455440134029BA3427FF7D9AC21
:1045F000A8460027F0E71BF8012C1BF8020C12FB61
:1046000008F206EB8701120AFFF745FA0137019B12
:10461000BB420BF1020BEEDC4E4455440134CBE7B8
:10462000B8F1FC0F20D8029BBB427FF7BAAC2B46F7
:104630004FF0000B33E014F808301BF8012C1BF886
:10464000020C12FB03F206EB8801120AFFF723FAB1
:1046500008F10108019B43450BF1020BEBDC039BC6
:104660004E4455441C440137029BBB427FF799AC32
:10467000AB464FF00008EDE714F80B1013F8012CCF
:1046800013F8020C049312FB01F208FB02F206EB92
:104690008B01120CFFF7FFF9049B0BF1010B019A40
:1046A0005A4503F10203E7DC039B4E4455441C4486
:1046B0000137B8E708A8FFF70AFA00230493049A21
:1046C000029B93427FF76DAC6B1C0027059319E0AA
:1046D00015F817308DF81E308DF81D308DF81C3010
:1046E000059B13F81720C4B912FB08F2130A8DF8C2
:1046F0001F3006EB87009BF82220079908ABFFF7D5
:1047000059F90137019BBB42E2DC0CB1039B1C440D
:10471000049B4E4455440133D0E7E35D13FB02F3A1
:1047200008FB03F31B0CE2E74368019383680293E1
:10473000D0E9044390F8228090F821700568D0F801
:104740000C900393D0E9066AB8F1000F7BD1002CDE
:104750003AD1FC2F1DD8029BA3427FF722AC4FF029
:1047600000082AE039463046FFF7B6F84042C0B2AA
:1047700002F8010C02F8020C02F8030C02F8040C17
:104780000137019BBB4202F10402EBDC4D4456446D
:104790000134029BA3427FF704AC2A460027F0E7CE
:1047A00041463046FFF798F8404205EB88013A460B
:1047B000C0B2FFF770F908F10108019B4345EFDC37
:1047C0004D4456440134C6E7FC2F1BD8029B434599
:1047D0007FF7E7AB4FF0000B2BE039463046FFF791
:1047E0007BF84042E25D05EB8701C0B2FFF753F969
:1047F0000137019BBB42F0DC039B4D4456441C44F3
:1048000008F10108029B43457FF7CBAB0027F0E797
:1048100059463046FFF760F814F80B20404212FB6F
:1048200007F205EB8B01120AC0B2FFF734F90BF166
:10483000010B019B5B45EBDC039B4D4456441C4440
:1048400008F10108C2E708A8FFF741F90023049323
:10485000049A029B93427FF7A4AB4FF000081DE03F
:1048600041463046FFF738F84042C0B28DF81D008F
:104870008DF81C00ECB114F8083013FB07F31B0A89
:104880008DF81F308DF81E009BF82220079905EB4C
:10489000880008ABFFF78EF808F10108019B43453B
:1048A000DEDC0CB1039B1C44049B4D445644013395
:1048B000CDE73B46E4E700290B46B8BFCB1D4A4293
:1048C00002F007024FEAE30301F0070158BF51422B
:1048D000C1F1070101228A40C15C0A43C2547047FA
:1048E00000290B46B8BFCB1D4A4202F007024FEA2F
:1048F000E30301F0070158BF5142C1F10701012252
:1049000002FA01F1C25C22EA0102C2547047002996
:104910000B46B8BFCB1DDB10C05C4B4203F0070356
:1049200001F0070158BF5942C1F10701084100F0E9
:104930000100704710B55AB1FC2A9FBF0C78D343D1
:1049400010FB02F0DBB29CBF04FB0300000A0870FE
:1049500010BDF0B585B0044610461F460D460192C5
:1049600008F087FE294606462046FFF7D0FF424260
:10497000D2B27B1E8DF80F20032B2CD8DFE803F07A
:1049800002080C213244FF2AA8BFFF22D0B207E060
:10499000921B22EAE272F9E712FB06F0C0F307204D
:1049A0000DF10F019DF80720FFF7C4FF9DF90F30AF
:1049B000002B2946204609DA05B0BDE8F040FFF794
:1049C0007ABF921B002AB8BF5242DFE705B0BDE8AC
:1049D000F040FFF785BF05B0F0BD2DE9F04F8BB07B
:1049E00090F822700591002F40F0DE80436800931C
:1049F0008368019390F821300293C3680393D0E950
:104A000006630493D0E90453426A0693534203F0C9
:104A1000070302F00708046858BFC3F10008029BAF
:104A2000002D52D1FC2B1CD8019B9D4280F2BC80F2
:104A3000B14600273DE0484608F004FE10F0800F24
:104A400008EB0701204613D0FFF735FF059B013720
:104A50009944009B9F42EEDB039B1C44049B013561
:104A60001E44019B9D4280F29F80B1460027F0E7E3
:104A7000FFF736FFEAE7484608F0E4FD07EB080BCE
:104A8000824659462046FFF742FF40428DF82700F4
:104A90000DF127015046029AFFF74CFF9DF9273090
:104AA000002B594620460DDAFFF705FF059B01371D
:104AB0009944009B9F42DEDB039B1C44049B013511
:104AC0001E44B1E7FFF70CFFF0E7FC2B30D8019B49
:104AD0009F4269DAB2464FF0000957E0504608F0AD
:104AE000B1FD08EB090B029059462046FFF70FFF76
:104AF000404215F809208DF827000DF12701029892
:104B0000FFF718FF9DF92720002A5946204616DA9C
:104B1000FFF7D1FE059B09F101099A44009B9945D5
:104B2000DCDB039B1C44049B1E44069B01371D4495
:104B3000019B9F4238DAB2464FF00009EEE7FFF7DB
:104B4000CFFEE7E7504608F07DFD08EB090B079024
:104B500059462046FFF7DBFE15F80920029B40422C
:104B600012FB03F28DF82700120A07980DF12701B6
:104B7000FFF7E0FE9DF92720002A5946204610DA6B
:104B8000FFF799FE059B09F101099A44009B99459D
:104B9000D8DB039B1C44049B1E44069B01371D4429
:104BA00095E7FFF79DFEEDE70BB0BDE8F08F2DE92F
:104BB000F74FD0E904430546D0E90198C77ED0F805
:104BC0000CA08069019308F009FDC0F3C7130646E5
:104BD0002868ED6900936B4203F0070305F00705B1
:104BE00058BF5D42002C4AD1FC2F1ED8009B13FBFE
:104BF00007F6C7F1FF0744450FDA4FF0000B36E028
:104C0000002E05EB07010BDAFFF755FE01374F4584
:104C1000F6DB50440134444505DB03B0BDE8F08FBA
:104C2000FFF75EFEF2E70027F1E776B2F3E70BEB62
:104C3000050100290B46B8BFCB1DDB10D1F1000CDC
:104C40000CF0070C01F00702C35C58BFCCF1000266
:104C5000C2F10702134103F0010307FB0363FE33B4
:104C6000B3F5FE7F08D9FFF726FE0BF1010BCB450C
:104C7000DDDB50440134BEE7FFF732FEF5E7FC2FE1
:104C80004FF0000B3DD8C345C7DA002666E0E35D70
:104C90003BB1FF2B05EB07010FD1002E2EDAFFF7FA
:104CA0000AFE01374F45F2DB019B50441C440BF1D7
:104CB000010BC345B1DA0027F4E700290A46B8BF63
:104CC000CA1DD210D1F1000E0EF0070E01F0070C34
:104CD000825C58BFCEF1000CCCF1070CDDF800E08F
:104CE00042FA0CF202F00102C3F1FF0C13FB0EF3C7
:104CF0000CFB0233FE33B3F5FE7FD0D8FFF7F0FD97
:104D0000CFE776B2D5E7A35D3BB3A91900294FF0F1
:104D1000FF0213FB07F3B3FBF2F30A46B8BFCA1D49
:104D2000D210D1F1000E0EF0070E01F0070C825CDC
:104D300058BFCEF1000CCCF1070C42FA0CF202F095
:104D4000010E009AC3F1FF0C53430CFB0E33FE33EC
:104D5000B3F5FE7F0AD9FFF7AEFD01364E45D2DB33
:104D6000019B50441C440BF1010B8CE7FFF7B8FD8D
:104D7000F3E72DE9F04F90F82030063B8BB0044666
:104D80000F2B50D8DFE813F07502A0044F004F003E
:104D90004F004F004F004F004F002F0138013601E8
:104DA00010004F004F007303436801938368029320
:104DB000C3680393D0E906730493D0E90463426A9D
:104DC0000593534203F0070302F0070858BFC3F1ED
:104DD000000890F8223090F821A00568002B40F0E0
:104DE000FF80002E4FD1BAF1FC0F19D8029BB342BD
:104DF00019DD00243BE037F8140008F00AFC10F03D
:104E0000800F08EB0401284610D0FFF754FD013451
:104E1000019BA342EFDC039B1D44049B01361F440E
:104E2000029BB34205DC0BB0BDE8F08FFFF758FDE5
:104E3000EDE70024ECE737F8140008F0EAFB08EB94
:104E4000040B814659462846FFF761FD40428DF824
:104E5000240009A948465246FFF76CFD9DF924300D
:104E6000002B594628460BDAFFF725FD0134019B3C
:104E7000A342E0DC039B1D44049B01361F44B5E7BD
:104E8000FFF72EFDF2E7BAF1FC0F1C462DD8029B6E
:104E9000A342C8DD4FF0000951E037F8190008F0CF
:104EA000B8FB08EB090B824659462846FFF72FFD51
:104EB00040428DF8240009A9504616F80920FFF752
:104EC00039FD9DF92430002B5946284613DAFFF7A7
:104ED000F2FC09F10109019B4B45DEDC039B1D44FB
:104EE000049B1F44059B01341E44029BA3429ADD90
:104EF0004FF00009EFE7FFF7F3FCEAE737F8190096
:104F000008F087FB08EB090B069059462846FFF787
:104F1000FEFC16F80920404212FB0AF28DF824002C
:104F2000120A069809A9FFF705FD9DF92420002A19
:104F3000594628460EDAFFF7BEFC09F10109019B2C
:104F40004B45DBDC039B1D44049B1F44059B013444
:104F50001E449CE7FFF7C4FCEFE707EB490340F66C
:104F60003A025B78DB0853431B128DF8263037F882
:104F7000193040F20D41C3F345134B431B128DF81A
:104F8000253017F8193003F01F0353431B128DF817
:104F900024301EB316F8093013FB0AF31B0A8DF8F0
:104FA000273008EB090194F82230099A2846FFF7C8
:104FB000D0FC09F10109019B4B45CEDC0EB1059BEC
:104FC0001E44039B1D44049B0BF1010B1F44029BD9
:104FD0005B457FF728AF4FF00009ECE75346DEE76B
:104FE0004FF0000BF3E7032120460BB0BDE8F04F74
:104FF000FFF7F3BC0421F7E7436802938368039348
:10500000C3680493D0E906730593D0E90463426A48
:105010000693534203F0070302F0070258BF5A42B7
:1050200090F8223090F8218005680192002B40F022
:105030001D81002E6AD1B8F1FC0F2ED8039BB3421C
:105040007FF7F1AEB946002454E0D8F8000008F02C
:1050500010FB019B04EB030A814651462846FFF7EB
:1050600056FC40428DF8240009A9484698F80320D0
:10507000FFF760FC9DF92430002B5146284613DAD7
:10508000FFF719FC013408F10408029BA342DCDCA1
:10509000049B1D44059B01361F44039BB3427FF7CD
:1050A000C2AEB8460024F0E7FFF71AFCEAE7D9F8E9
:1050B000000008F0DEFA019B04EB030B8246594620
:1050C0002846FFF724FC99F80320404212FB08F21F
:1050D0008DF8240009A95046120AFFF72BFC9DF910
:1050E0002430002B594628460DDAFFF7E4FB013443
:1050F00009F10409029BA342D9DC049B1D44059BD2
:1051000001361F449AE7FFF7EBFBF0E7B8F1FC0F1D
:105110001C4637D8039BA3427FF785AEBA464FF0B3
:10512000000961E0D9F8000008F0A3FA019B03EB45
:10513000080B824659462846FFF7E9FB99F80330E9
:1051400016F80820404212FB03F28DF8240009A94A
:105150005046120AFFF7EEFB9DF92430002B59460A
:10516000284617DAFFF7A7FB08F1010809F104093F
:10517000029B4345D6DC049B1D44059B1F44069BB4
:1051800001341E44039BA3427FF74DAEB9464FF056
:105190000008EDE7FFF7A4FBE6E7DAF8000008F007
:1051A00068FA019B079003EB090B59462846FFF765
:1051B000AEFB16F809209AF8031012FB08F24042E1
:1051C0004A438DF82400120C079809A9FFF7B2FB97
:1051D0009DF92420002A5946284610DAFFF76BFB78
:1051E00009F101090AF1040A029B4B45D5DC049B35
:1051F0001D44059B1F44069B01341E448AE7FFF7AC
:105200006FFBEDE75AF8030C9AF8002009902EBBCB
:1052100012FB08F2130A01998DF82730494494F8DB
:105220002230099A2846FFF794FB09F101090AF197
:10523000040A029B4B45E5DC0EB1069B1E44049B11
:105240001D44059B0BF1010B1F44039B5B457FF73E
:10525000EAAD07F1030A4FF00009EAE716F8093052
:1052600013FB02F308FB03F31B0CD4E74FF0000B16
:10527000EBE74368019383680293C3680393D0E923
:1052800006730493D0E90463426A0593534203F022
:10529000070302F0070858BFC3F1000890F8223056
:1052A00090F821900568002B40F0DE80002E45D15B
:1052B000B9F1FC0F16D8029BB3427FF7B4AD0024BE
:1052C00030E03B57002B08EB0401284610DAFFF7CB
:1052D000F2FA0134019BA342F3DC039B1D44049BBF
:1052E00001361F44029BB3427FF79DAD0024F1E7D6
:1052F000FFF7F6FAEDE708EB040A51462846FFF7F8
:1053000006FB40428DF8240009A9385D4A46FFF7A4
:1053100011FB9DF92430002B514628460BDAFFF78C
:10532000CAFA0134019BA342E5DC039B1D44049BA4
:1053300001361F44BFE7FFF7D3FAF2E7B9F1FC0FDC
:105340001C462BD8029BA3427FF76DAD4FF0000A9D
:105350004DE008EB090B59462846FFF7D8FA17F835
:1053600009A016F8092040428DF8240009A95046EA
:10537000FFF7E0FA9DF92430002B5946284614DA4D
:10538000FFF799FA09F10109019B4B45E1DC039B09
:105390001D44049B1F44059B01341E44029BA342F1
:1053A0007FF741AD4FF00009EEE7FFF799FAE9E723
:1053B00008EB0A0B17F80A30069359462846FFF700
:1053C000A6FA16F80A20404212FB09F28DF82400D2
:1053D000120A069809A9FFF7ADFA9DF92420002AC0
:1053E000594628460EDAFFF766FA0AF1010A019BD0
:1053F0005345DDDC039B1D44049B1F44059B013486
:105400001E449FE7FFF76CFAEFE717F80A308DF8B4
:1054100026308DF825308DF824301EB316F80A306A
:1054200013FB09F31B0A8DF8273008EB0A0194F8E7
:105430002230099A2846FFF78CFA0AF1010A019BEB
:105440005345E2DC0EB1059B1E44039B1D44049BA7
:105450000BF1010B1F44029B5B457FF7E4AC4FF05F
:10546000000AECE74B46DEE74FF0000BF3E743683A
:10547000019383680293C3680393D0E9067304938E
:10548000D0E90463426A0593534203F0070302F034
:10549000070B58BFC3F1000B90F8223090F8218021
:1054A0000568002B40F00E81002E5ED1B8F1FC0F94
:1054B00028D8029BB3427FF7B6AC002407F101095C
:1054C00047E00BEB040949462846FFF720FA404223
:1054D0008DF8240009A917F8140018F81420FFF714
:1054E00029FA9DF92430002B4946284612DAFFF7A5
:1054F000E2F90134019BA342E3DC039B1D44049BBE
:1055000001361F44029BB3427FF78DAC002407F1A4
:105510000108EFE7FFF7E4F9EBE70BEB040A51466C
:105520002846FFF7F4F919F81420404212FB08F25C
:105530008DF8240009A917F81400120AFFF7FAF9E8
:105540009DF92430002B514628460BDAFFF7B3F9BA
:105550000134019BA342E0DC039B1D44049B013604
:105560001F44A6E7FFF7BCF9F2E7B8F1FC0F1C46B1
:1055700031D8029BA3427FF756AC7B1C4FF0000949
:10558000069356E00BEB080A51462846FFF7BFF991
:1055900016F8083019F81820404212FB03F28DF873
:1055A000240009A917F81800120AFFF7C3F99DF99A
:1055B0002430002B5146284616DAFFF77CF908F113
:1055C0000108019B4345DDDC039B1D44049B1F44F4
:1055D000059B01341E44029BA3427FF724AC4FF08D
:1055E000000807F10109ECE7FFF77AF9E7E70BEBB1
:1055F000090A51462846FFF78AF9069B13F8192035
:1056000016F8093012FB03F2404208FB02F28DF853
:10561000240009A917F81900120CFFF78BF99DF95E
:105620002430002B514628460EDAFFF744F909F1E1
:105630000109019B4B45DADC039B1D44049B1F447D
:10564000059B01341E4494E7FFF74AF9EFE71AF887
:10565000013C9AF800208DF826308DF825308DF821
:1056600024303EBB12FB08F2130A8DF827300BEBF7
:10567000090194F82230099A2846FFF76AF909F1DE
:1056800001090AF1020A019B4B45E0DC0EB1059BC2
:105690001E44039B1D44049B1F44069B0133069339
:1056A000069A029B93427FF7BEAB07F1010A4FF0C7
:1056B0000009E8E716F8093013FB02F308FB03F3CF
:1056C0001B0CD2E70023EAE7436801938368029347
:1056D000C3680393D0E906730493D0E90463426A74
:1056E0000593534203F0070302F0070858BFC3F1C4
:1056F000000890F8223090F821900568002B40F0C7
:10570000E780002E49D1B9F1FC0F1AD8C9F1FF0A80
:10571000029BB3427FF787AB002432E02146384634
:10572000FFF7F5F804EB080188B12846FFF7C3F846
:105730000134019BA342F1DC039B1D44049B013611
:105740001F44029BB3427FF76EAB0024F1E728466B
:10575000FFF7C6F8ECE721463846FFF7D8F804EB28
:10576000080B024659462846FFF7D1F819FB02F20A
:1057700000FB0A221206594628460BD5FFF79BF874
:105780000134019BA342E6DC039B1D44049B0136CC
:105790001F44BDE7FFF7A4F8F2E7B9F1FC0F1C4680
:1057A0002BD8029BA3427FF73EAB4FF0000A4EE09E
:1057B00049463846FFF7ABF808EB090B82465946D5
:1057C0002846FFF7A4F816F80920C2F1FF0312FBE0
:1057D0000AF200FB032213065946284614D5FFF7A8
:1057E0006AF809F10109019B4B45E1DC039B1D446B
:1057F000049B1F44059B01341E44029BA3427FF778
:1058000012AB4FF00009EEE7FFF76AF8E9E716F888
:105810000A20D2B151463846FFF779F808EB0A0161
:1058200083462846069112FB09F2FFF770F8121220
:10583000C2F1FF0312FB0BF200FB032212F0800FF8
:10584000069928460ED0FFF736F80AF1010A019BA7
:105850005345DCDC039B1D44049B1F44059B013422
:105860001E449EE7FFF73CF8EFE751463846FFF746
:105870004EF84042C0B28DF825008DF824002EB3BA
:1058800016F80A3013FB09F31B0A8DF827308DF840
:1058900026000AEB080194F82230099A2846FFF7FF
:1058A00058F80AF1010A019B5345DEDC0EB1059B55
:1058B0001E44039B1D44049B0BF1010B1F44029BE0
:1058C0005B457FF7B0AA4FF0000AECE74B46DCE7F8
:1058D0004FF0000BF3E7CB10C943C05C01F00701A8
:1058E000084100F00100704710B55AB1FC2A9FBF73
:1058F0000C78D34310FB02F0DBB29CBF04FB030027
:10590000000A087010BD37B51546044608460191D7
:1059100007F0AFFE6A1E032A22D8DFE802F0020970
:105920000E1B23780344FF2BA8BFFF23D8B209E046
:1059300023781B1A23EAE373F8E7237813FB00F3B9
:10594000C3F307209DF80720214603B0BDE830408F
:10595000FFF7CABF23781B1A002BB8BF5B42E5E7ED
:1059600003B030BD2DE9F04F89B0436800938368E0
:105970000193C3680293D0E906530393D0E904432B
:10598000049390F8223090F82190066807468846E4
:10599000002B40F0A980F4B9B9F1FC0F14D8019B99
:1059A0009C4280F2A380AA46002729E0484607F0DF
:1059B00049FEC144F0550137009B9F42F6DB029B34
:1059C0001E44039B01341D44019B9C4280F28E8047
:1059D000A9460027F0E7B9F1FC0F1F462FD8019B1D
:1059E0009F4280F28380AB464FF0000A3DE0504674
:1059F00007F028FEF1194A46FFF776FF0137C24447
:105A0000009B9F42F3DB029B1E44039B01341D4419
:105A1000C5E7504607F016FE14F8092006EB090109
:105A2000FFF762FF09F10109C244009B9945F0DBD1
:105A3000029B1E44039B1D44049B01371C44019B95
:105A40009F4253DAAA464FF00009EEE7584607F0A6
:105A5000F9FD14F80A2012FB09F206EB0A01120AFA
:105A6000FFF742FF0AF1010AC344009B9A45EDDBB0
:105A7000029B1E44039B1D44049B01371C44AEE75C
:105A80009BF802208DF81E209BF801208DF81D2028
:105A90009BF800208DF81C2024B314F80A2012FB78
:105AA00009F2120A8DF81F2006EB0A0097F822204F
:105AB00007990593FFF727FF059B0AF1010AC344E5
:105AC000009A9245DCDB0CB1049A1444029A164405
:105AD000039A01331544019A934207DAAB464FF01B
:105AE000000AEDE74A46DDE70023F4E709B0BDE828
:105AF000F08F2DE9F74FD0E9045AD0E9017890F8FA
:105B00001BB0D0F80C9006468069002D5FD1BBF128
:105B1000FC0F46D907F062FD002FD6F800A007F170
:105B2000FF3626F00F06D8BF0026A7EB060BBE42B5
:105B3000C8BF4FF0000B0446103F454537DA5246C8
:105B400020E003F8104C03F80F4C03F80E4C03F858
:105B50000D4C03F80C4C03F80B4C03F80A4C03F8FB
:105B6000094C03F8084C03F8074C03F8064C03F8FB
:105B7000054C03F8044C03F8034C03F8024C03F8FB
:105B8000014C1A4602F11003A2EB0A029742D8DC3C
:105B90000AEB06005A4621460EF0EEFFCA440135D4
:105BA000CBE707F01BFD3668824645450DDB03B0A9
:105BB000BDE8F08F31195A465046FFF795FE013483
:105BC000BC42F7DB4E440135EFE70024F8E7BBF1B8
:105BD000FC0F16D907F002FDD6F800B000264645A6
:105BE000E5DA002407E02A5D00900BEB0401FFF7E3
:105BF0007BFE00980134BC42F5DBCB4455440136B2
:105C0000EDE707F0EBFC336800264645CFDA0024C9
:105C10000BE02A5D12FB0BF21919120ACDE9000301
:105C2000FFF762FEDDE900030134BC42F1DB4B44C7
:105C300055440136E9E72DE9F04F90F82030063B56
:105C400089B081460F2B3CD8DFE813F0A301FD0299
:105C50003B003B003B003B003B003B003B00CD00DA
:105C6000D600D40010003B003B003C02D0E9018389
:105C70000193C3680293D0E9044390F822B090F8EE
:105C8000217006680393D0E9065ABBF1000F40F07B
:105C9000A8806CBBFC2F11D8019BA34211DD4FF0F3
:105CA000000B1EE035F8170007F0B3FCF055013784
:105CB000B845F7DC029B55441E440134019BA342C6
:105CC00002DC09B0BDE8F08F0027F1E735F81B00D2
:105CD00007F09FFC06EB0B013A46FFF705FE0BF1C0
:105CE000010BD845F2DC029B55441E440134D3E736
:105CF000FC2F17D8019B5B45E3DD4FF0000925E041
:105D000035F8170007F085FCE25DF119FFF7ECFDAF
:105D10000137B845F4DC029B1E44039B55441C44E8
:105D20000BF1010B019B5B45CBDD0027F1E735F85B
:105D3000190007F06EFC14F8092012FB07F206EBBD
:105D40000901120AFFF7D0FD09F10109C845EEDC8F
:105D5000029B1E44039B55441C440BF1010BC9E7F5
:105D600005EB4B0240F63A015278D2084A43121230
:105D70008DF81E2035F81B2040F20D40C2F345126D
:105D8000424312128DF81D2015F81B2002F01F024D
:105D90004A4312128DF81C200CB314F80B2012FB8E
:105DA00007F2120A8DF81F2006EB0B0099F822204B
:105DB00007990493FFF7A7FD049B0BF1010BD8454E
:105DC000CEDC0CB1039A1444029A554416440133B4
:105DD000019A9A427FF775AF4FF0000BEFE73A4612
:105DE000E0E70023F4E70321484609B0BDE8F04F9F
:105DF000FFF7B8BD0421F7E7436801938368029376
:105E0000C3680393D0E9044390F8227090F821808E
:105E100006680493D0E9065A002F40F0B780002CA2
:105E20003AD1B8F1FC0F19D8029BA3427FF749AFD2
:105E3000AB46002728E0D8F8000007F01AFC98F8D5
:105E40000320F119FFF750FD013708F10408019B09
:105E5000BB42F0DC039B55441E440134029BA34229
:105E60007FF72FAFA8460027F1E7DBF8000007F027
:105E700000FC9BF8032012FB08F2F119120AFFF74D
:105E800033FD01370BF1040B019BBB42EDDC039B9F
:105E900055441E440134C7E7B8F1FC0F23D8029BD8
:105EA000BB427FF70EAFA9464FF0000B37E0DBF89F
:105EB000000007F0DEFB9BF8032014F8083012FB0B
:105EC00003F206EB0801120AFFF70EFD08F10108C4
:105ED0000BF1040B019B4345E9DC039B1E44049B2F
:105EE00055441C440137029BBB427FF7EAAEAB46E8
:105EF0004FF00008EEE7D9F8000007F0BAFB99F878
:105F0000032014F80B1012FB08F24A43120C06EBA4
:105F10000B01FFF7E9FC0BF1010B09F10409019BEF
:105F20005B45E8DC039B1E44049B55441C4401373D
:105F3000B5E755F8270013F827100790FCB918FBB0
:105F400001F10A0A8DF81F20F01999F8222007990B
:105F50000593FFF7D8FC059B0137019ABA42E8DCAC
:105F60000CB1049B1C44039B55441E440BF1010BD4
:105F7000029B5B457FF7A5AE0027EB1CEDE7E25DDA
:105F800012FB01F208FB02F2120CDBE74FF0000BF0
:105F9000EEE74368019383680293D0E9044390F8E5
:105FA000227090F821800568D0F80CA00393D0E906
:105FB000066B002F40F084800CBBB8F1FC0F0DD8AD
:105FC000029BA3427FF77DAE002711E031462846B1
:105FD000019A09F076F855445E440134029BA342CD
:105FE000F4DC6EE6F05DE9194246FFF77DFC01370F
:105FF000019BBB42F6DC55445E440134E0E7B8F156
:10600000FC0F18D8029BBB427FF75BAE4FF0000934
:1060100025E014F8082016F8080005EB0801FFF742
:1060200063FC08F10108019B4345F2DC039B5544E6
:106030005E441C440137029BBB427FF742AE4FF0E7
:106040000008F0E714F8092016F8090012FB08F21E
:1060500005EB0901120AFFF747FC09F10109019B51
:106060004B45EFDC039B55445E441C440137C9E7B4
:10607000F25D8DF81E208DF81D208DF81C20ECB1EE
:10608000E25D12FB08F2120A8DF81F20E81999F858
:10609000222007990493FFF736FC049B0137019AED
:1060A000BA42E5DC0CB1039A144455445E44013312
:1060B000029A9A427FF705AE0027F0E74246E3E7EF
:1060C0000023F5E74368019383680293C368039351
:1060D000D0E9044390F8227090F821800568049379
:1060E000D0E9066A002F40F0AB80B4BBB8F1FC0FDA
:1060F00017D8029BA3427FF7E4ADB346002722E006
:10610000E91918F8012C18F8020CFFF7EDFB01371C
:10611000019BBB4208F10208F2DC039B56441D447C
:106120000134029BA3427FF7CCADB0460027EFE7D6
:106130001BF8012C1BF8020C12FB08F2E919120AD9
:10614000FFF7D2FB0137019BBB420BF1020BEFDCE7
:10615000039B56441D440134CBE7B8F1FC0F21D812
:10616000029BBB427FF7ADADB1464FF0000B32E072
:1061700014F808301BF8012C1BF8020C12FB03F278
:1061800005EB0801120AFFF7AFFB08F10108019BBC
:1061900043450BF1020BEBDC039B1D44049B56446F
:1061A0001C440137029BBB427FF78BADB3464FF0D7
:1061B0000008ECE714F80B1019F8012C19F8020C80
:1061C00012FB01F208FB02F205EB0B01120CFFF7C8
:1061D0008BFB0BF1010B019B5B4509F10209E9DC2B
:1061E000039B1D44049B56441C440137B8E716F832
:1061F00017308DF81E308DF81D308DF81C30ECB145
:10620000E35D13FB08F31B0A8DF81F30E81999F8BA
:1062100022200799FFF777FB0137019BBB42E6DCA1
:106220000CB1049B1C44039B56441D440BF1010B11
:10623000029B5B457FF745AD0027EEE74346E3E76A
:106240004FF0000BF4E74368019383680293C3683F
:106250000393D0E9044390F8228090F821700568F8
:106260000493D0E9066AB8F1000F40F0AC80002C2E
:1062700038D1FC2F1AD8029BA3427FF722AD4FF0F2
:10628000000827E041463046FFF725FB404205EB7A
:1062900008013A46C0B2FFF727FB08F10108019B4D
:1062A0004345EFDC039B56441D440134029BA3424B
:1062B0007FF707AD4FF00008F1E741463046FFF7A2
:1062C0000AFB404205EB08013A46C0B2FFF70CFB5F
:1062D00008F10108019B4345EFDC039B56441D4434
:1062E0000134C8E7FC2F1BD8029B43457FF7E9AC7C
:1062F0004FF0000B2BE039463046FFF7ECFA4042F6
:10630000E25DE919C0B2FFF7EFFA0137019BBB422A
:10631000F1DC039B1D44049B56441C4408F1010816
:10632000029B43457FF7CDAC0027EFE75946304647
:10633000FFF7D1FA14F80B20404212FB07F205EBED
:106340000B01120AC0B2FFF7CFFA0BF1010B019B50
:106350005B45EBDC039B1D44049B56441C4408F145
:106360000108C1E741463046FFF7B5FA4042C0B2E6
:106370008DF81D008DF81C001CB314F8083013FBB9
:1063800007F31B0A8DF81E008DF81F3005EB08007F
:1063900099F822200799FFF7B6FA08F10108019B46
:1063A0004345DFDC0CB1049B1C44039B56441D4455
:1063B0000BF1010B029B5B457FF783AC4FF00008AC
:1063C000EDE73B46DEE74FF0000BF3E7CB10C943A8
:1063D000C05C01F00701084100F0010070472DE9A1
:1063E000F04FD0E9017387B080468069019307F0D0
:1063F00047F8D8E904530393D8F80C3098F81B9069
:10640000D8F8004002930646002D40F0B180B9F163
:10641000FC0F42D9791E21F00F017800490006EBEC
:106420000642A3EB4707019B9D4202DB07B0BDE894
:10643000F08FA30704EB000C04EB010E18BF24F847
:10644000026B234673451BD30EF11F031B1BA4F1E4
:106450001F0823F01F03C64538BF002323441C46F2
:10646000644517D30CF10104E41A24F0010403F18C
:10647000FF3EF44538BF00243C441C440135D2E7BC
:10648000C3E90022C3E90222C3E90422C3E90622C8
:106490002033D7E724F8026BE2E723880133CDE904
:1064A0000353BB1E0593039B019A9342BEDA14F07B
:1064B000030A07D021884A463046E9F761F94FF0D0
:1064C000010A208004EB4A08D346059B5B4514DC97
:1064D00007F1FF38A8EB0A0828F001085745D8BF94
:1064E0004FF00008D04404EB480AB84535DB029B66
:1064F0001C44039B01330393D5E734F81B00B8F821
:106500000210814213D001464A463046E9F738F975
:1065100024F81B004A46B8F802103046E9F730F973
:10652000A8F802000BF1020B08F10408CDE7D8F837
:106530000020049B9A4202D1C8F80050F2E7D8F834
:10654000003004934A463046E9F71AF924F81B0054
:10655000A8F80200D8F80050E4E7BAF800104A465C
:106560003046E9F70DF908F101082AF8020BBCE7FB
:10657000B9F1FC0F4FF0000B2FD8019B9B45BFF6E4
:1065800055AFA4F1020A4FF0000869E015F00108C8
:1065900007D02A7821883046E9F7F2F84FF0010851
:1065A00020807A1E04EB480A05EB0803C1460492DA
:1065B000049A4A4515DCA7EB080323F00103B8450C
:1065C000C8BF0023984404EB4809B8452EDB029B62
:1065D0001C44039B0BF1010B1D44019B9B45D5DB28
:1065E00024E71A884FF6FF718A4209D124F819600E
:1065F000AAF8026009F102090AF1040A0233D7E796
:10660000002AF7D01A7834F8191005933046E9F7C4
:10661000B7F8059B24F8190030465A78BAF80210EA
:10662000E9F7AEF8059BAAF80200E3E715F80820A1
:10663000B9F800103046E9F7A3F808F1010829F885
:10664000020BC2E715F808203AF8021F12FB09F204
:10665000120A3046E9F794F808F10108AAF8000098
:10666000B845EFDB029B1C44039B0BF1010B1D445F
:1066700083E72DE9F04F90F82020063A87B0814655
:106680000F2A2DD8DFE812F0E10276052C002C004D
:106690002C002C002C002C002C0064016D016B01DF
:1066A00010002C002C000B044368009383680193B6
:1066B000C3680293D0E9044390F8225090F82180F7
:1066C00006680493D0E9067A002D40F03F8164BB50
:1066D000B8F1FC0F22D9009B5D00019BA34202DCB4
:1066E00007B0BDE8F08F394630462A4608F0E9FC8D
:1066F000029B57441E440134EFE73BF8021F37F872
:1067000015004246E9F73CF80135ABF80000009B64
:10671000AB42F2DC029B57441E440134019BA3426E
:10672000DEDDA6F1020B0025F1E7B8F1FC0F1CD865
:10673000019BAB42D4DDA6F102094FF0000B2BE028
:1067400014F808203BF8021F37F81800E9F718F88A
:1067500008F10108ABF80000009B4345F0DC029B08
:106760001E44049B57441C440135019BAB42B7DDDA
:10677000A6F1020B4FF00008EEE714F80B2039F8F1
:10678000021F37F81B0012FB08F2120AE8F7F8FFA5
:106790000BF1010BA9F80000009B5B45EDDC029BAF
:1067A0001E44049B57441C440135C1E799F822203C
:1067B000013A032A94D8DFE802F0022B749ABBF85E
:1067C0000010002950D09BF801206878D20802EB15
:1067D000D00228881F2AC0F34510C1F34511014497
:1067E000A8BF1F22D2023F29A8BF3F2192B202EBCD
:1067F000411029789BF8002001F01F0102F01F02D0
:1068000080B211441F29D4BF40181F3080B224E049
:10681000BBF8001041B39BF801206878D208C2EBA6
:10682000D002288822EAE272C0F34510C1F3451174
:10683000411AD20221EAE17192B202EB411290B206
:1068400029789BF8002001F01F0102F01F02891A2D
:106850000029ACBF4218021C90B22988002C6CD1D0
:106860004246E8F78DFF2880039B013303930BF129
:10687000020B0235009B039A934297DC029B57441C
:106880001E440CB1049B1C44059B01330593059ADF
:10689000019B93427FF724AF0023BB463546039309
:1068A000E8E7BBF800104FF6FF729142DCD06A783F
:1068B0009BF80100D208C00812FB00F22888C1F33F
:1068C0004511C0F3451010FB01F080115211400139
:1068D00000EBC2209BF800102A7801F01F0102F0A3
:1068E0001F0280B212FB01F200EB52108EE79BF800
:1068F00001006A78BBF80010C008C0EBD2002A88FB
:106900000028C1F34511C2F34512A2EB0102B8BF42
:106910004042C002002AB8BF524280B200EB42108F
:106920009BF800102A7801F01F0102F01F02521A92
:10693000002AB8BF5242104468E7039BE25CB8F1FA
:10694000FC0F9CBF12FB08F2120A8AE700239DE7A6
:106950000321484607B0BDE8F04FE3F7B7B904217B
:10696000F7E74368009383680193C3680293D0E913
:1069700006530393D0E9044390F8227090F82180E5
:1069800006680493002F40F05E81002C40D1B8F1DE
:10699000FC0F1CD8019BA3427FF7A2AEA6F1020B0D
:1069A0002F464FF0000A2AE0FA783AF8021F3846DC
:1069B000E3F756F908F10108AAF800000437009B34
:1069C0004345F1DC029B1E44039B01341D44019BA3
:1069D000A3427FF785AEA6F1020A2F464FF00008CA
:1069E000EDE7FA783BF8021F12FB08F23846120A6C
:1069F000E3F736F90AF1010AABF800000437009B0F
:106A00005345EEDC029B1E44039B01341D44C1E749
:106A1000B8F1FC0F25D8019BBB427FF761AEA6F110
:106A20000209AB464FF0000A39E014F808309AF832
:106A300003203BF8021F12FB03F25046120AE3F751
:106A40000FF908F10108ABF800000AF1040A009BF5
:106A50004345EADC029B1E44039B1D44049B013713
:106A60001C44019BBB427FF73BAEA6F1020BAA463A
:106A70004FF00008EBE714F80A109BF8032012FB14
:106A800001F208FB02F239F8021F5846120CE3F734
:106A9000E7F80AF1010AA9F800000BF1040B009BCA
:106AA0005345E8DC029B1E44039B1D44049B0137B5
:106AB0001C44B0E799F82220013A032A3FF610AEB1
:106AC000DFE802F0025071919AF80120B978D208FB
:106AD00002EBD1021F2AA8BF1F22D002BAF8002061
:106AE0007978C2F3451202EB91023F2AA8BF3F22F8
:106AF00080B200EB42109AF80020397802F01F02B1
:106B000080B202EBD1021F2AD4BF80181F30BAF81E
:106B1000001080B2002C40F08980FA78B8F1FC0FA8
:106B20009CBF18FB02F2120AE8F72AFE2AF8020BB1
:106B30000BF1010B0437009B5B45BBDC029B1E4441
:106B4000039B1D440CB1049B1C44059B013305931E
:106B5000059A019B93427FF7C3ADB2462F464FF093
:106B6000000BE8E7BA789AF80110D208C2EBD1021C
:106B700022EAE272D002BAF800207978C2F3451214
:106B8000A2EB910222EAE27280B200EB42109AF884
:106B90000020397802F01F0280B2A2EBD102002A55
:106BA000A8BF8018B3E7BA789AF801107878C908B6
:106BB000D20812FB01F2BAF800108008C1F34511A7
:106BC00010FB01F080115211400100EBC2209AF835
:106BD00000103A7801F01F01D20880B212FB01F2D6
:106BE00000EB521093E7B8789AF801207978C00842
:106BF000C0EBD200BAF800200028C2F34512A2EB85
:106C00009102B8BF4042C002002AB8BF524280B2CF
:106C100000EB42109AF80020397802F01F02A2EB34
:106C2000D102002AB8BF5242104470E7B8F1FC0FFD
:106C300014F80B209FBF97F803C012FB08F20CFB5F
:106C400002F2120C70E7002381E743680093836827
:106C50000193C3680293D0E9044390F8225090F85E
:106C6000218006680393D0E9067A002D40F0158153
:106C700074BBB8F1FC0F14D8019BA3427FF730AD71
:106C8000A6F1020B00251BE0785CE2F7ABFF26F8CB
:106C900011000131009B8B42F6DC029B57441E44DD
:106CA0000134019BA3427FF71BAD0021F2E7785D21
:106CB0003BF8021F4246E2F7A1FF0135ABF80000A6
:106CC000009BAB42F3DC029B57441E440134D3E7E4
:106CD000B8F1FC0F1DD8019BAB427FF701ADA6F1C7
:106CE00002094FF0000B2CE014F8082017F80800F8
:106CF0003BF8021FE2F782FF08F10108ABF8000041
:106D0000009B4345F0DC029B1E44039B57441C44FC
:106D10000135019BAB427FF7E3ACA6F1020B4FF0CC
:106D20000008EDE714F80B2017F80B0039F8021FE4
:106D300012FB08F2120AE2F761FF0BF1010BA9F84E
:106D40000000009B5B45EDDC029B1E44039B574407
:106D50001C440135BFE799F8221017F82BC0013900
:106D60004FEADC024FEA9C0C03293FF6B9ACDFE89E
:106D700001F0023F586F6878298802EBD0001F2885
:106D8000C1F345116144A8BF1F20C0023F29A8BF1D
:106D90003F2180B200EB4110297801F01F0180B241
:106DA0000A441F2AD4BF80181F3080B2002C6AD139
:106DB000B8F1FC0F03D829884246E8F7E1FC25F832
:106DC000020B0BF1010B009B5B45C4DC029B57449B
:106DD0001E440CB1039B1C44049B01330493049A8E
:106DE000019B93427FF77CAC35464FF0000BEAE7FE
:106DF00068782988C2EBD00020EAE070C1F3451121
:106E0000C002A1EB0C0121EAE17180B200EB41105C
:106E1000297801F01F0180B28A1A002AA8BF8018C1
:106E2000C3E728886978C0F34510C90810FB0CF047
:106E300011FB02F180114911400100EBC1202978BA
:106E400001F01F0180B211FB02F200EB5210ACE71F
:106E500068782988C2EBD0000028C1F34511A1EB66
:106E60000C01B8BF4042C0020029B8BF494280B2FD
:106E700000EB4110297801F01F018A1A002AB8BFDF
:106E80005242104491E714F80B202988B8F1FC0F06
:106E90009CBF12FB08F2120A8FE700239EE74368AB
:106EA000009383680193C3680293D0E90653039368
:106EB000D0E9044390F8227090F82180066804938A
:106EC000002F40F05581002C46D1B8F1FC0F1FD89F
:106ED000019BA3427FF704AC2F46A6F1020B4FF0B3
:106EE000000A2EE017F8012C3AF8021F17F8020CDE
:106EF000E2F784FE08F10108AAF80000009B434570
:106F000007F10207EEDC029B1E44039B01341D4483
:106F1000019BA3427FF7E4AB2F46A6F1020A4FF094
:106F20000008EBE717F8012C3BF8021F17F8020CDA
:106F300012FB08F2120AE2F761FE0AF1010AABF84D
:106F40000000009B534507F10207EBDC029B1E4447
:106F5000039B01341D44BBE7B8F1FC0F26D8019B0D
:106F6000BB427FF7BDABAB46A6F102094FF0000A6A
:106F700039E014F808301AF8012C3BF8021F1AF80F
:106F8000020C12FB03F2120AE2F738FE08F10108C4
:106F9000ABF80000009B43450AF1020AE9DC029BC2
:106FA0001E44039B1D44049B01371C44019BBB42B0
:106FB0007FF796ABAA46A6F1020B4FF00008E9E76F
:106FC00014F80A101BF8012C1BF8020C12FB01F23A
:106FD00008FB02F239F8021F120CE2F70FFE0AF169
:106FE000010AA9F80000009B53450BF1020BE7DCF6
:106FF000029B1E44039B1D44049B01371C44AEE7C7
:1070000099F8221097F800C001394FEADC024FEAE4
:107010009C0C03293FF664ABDFE801F00249657F71
:107020009AF80100BAF8001002EBD0001F28C1F353
:1070300045116144A8BF1F20C0023F29A8BF3F21BE
:1070400080B200EB41109AF8001001F01F0180B2ED
:107050000A441F2AD4BF80181F30BAF8001080B22B
:10706000002C78D17A78B8F1FC0F9CBF18FB02F2A3
:10707000120AE8F785FB2AF8020B0BF1010B08371F
:10708000009B5B45BCDC029B1E44039B1D440CB172
:10709000049B1C44059B01330593059A019B934275
:1070A0007FF71EABB2462F464FF0000BE8E79AF889
:1070B0000100BAF80010C2EBD00020EAE070C1F382
:1070C0004511C002A1EB0C0121EAE17180B200EB95
:1070D00041109AF8001001F01F0180B28A1A002AAC
:1070E000A8BF8018B9E7BAF800009AF80110C0F3F9
:1070F0004510C90810FB0CF011FB02F18011491179
:10710000400100EBC1209AF8001001F01F0180B28D
:1071100011FB02F200EB52109FE79AF80100BAF857
:107120000010C2EBD0000028C1F34511A1EB0C0107
:10713000B8BF4042C0020029B8BF494280B200EB4C
:1071400041109AF8001001F01F018A1A002AB8BFF6
:107150005242104481E7B8F1FC0F14F80B209FBF96
:1071600097F801C012FB08F20CFB02F2120C80E748
:10717000002391E74368009383680193C3680293F7
:10718000D0E9044390F8227090F8218005680393B9
:10719000D0E9066A002F40F0FC80002C38D1B8F10D
:1071A000FC0F19D8019BA3427FF79AAAA5F1020B05
:1071B000002725E039463046FFF708F94042C0B2C3
:1071C000E2F710FD25F817000137009BBB42F1DC08
:1071D000029B56441D440134019BA3427FF780AAC1
:1071E0000027F2E739463046FFF7F0F840423BF817
:1071F000021F4246C0B2E2F701FD0137ABF80000C2
:10720000009BBB42EEDC029B56441D440134C9E79F
:10721000B8F1FC0F21D8019BBB427FF761AAA5F111
:1072200002094FF0000B34E041463046FFF7CEF83C
:10723000404214F808203BF8021FC0B2E2F7DEFC1F
:1072400008F10108ABF80000009B4345ECDC029B11
:107250001D44039B56441C440137019BBB427FF7EE
:107260003FAAA5F1020B4FF00008EDE75946304662
:10727000FFF7ACF814F80B2039F8021F12FB08F2E4
:107280004042120AC0B2E2F7B9FC0BF1010BA9F8B7
:107290000000009B5B45E9DC029B1D44039B5644B8
:1072A0001C440137B7E73046FFF790F899F82220E1
:1072B0004042013AC0B2032A3FF612AADFE802F0C8
:1072C000022F3653E2F78EFC79884FF6FE7208449F
:1072D00090424FDC80B2002C51D1B8F1FC0F03D8A2
:1072E00079884246E8F74CFA27F8020F0BF1010BB8
:1072F000009B5B454FEA8B01D5DC029B56441D4445
:107300000CB1039B1C44049B01330493049A019B1E
:1073100093427FF7E5A9AF1E4FF0000BE8E7E2F7D5
:1073200061FC7988814228DD081AD3E77A880592C2
:10733000E2F758FC059AC0F3CF014FEAD22C01FBCB
:107340000CFC00F01F0E02F01F01C0F385000EFBC5
:1073500001F1C2F345124243491141EACC21921195
:1073600041EA4210B6E7E2F73DFC79888142DBDC76
:10737000401AAFE74FF6FF70ADE70020ABE714F817
:107380000B207988B8F1FC0F9CBF12FB08F2120A9F
:10739000A8E70023B9E7CB10C943C05C01F007019F
:1073A000084100F00100704722B1FC2A03D908709F
:1073B00048708870704710FB02F0D3430A78DBB244
:1073C00002FB0302120A0A704A7802FB0302120A45
:1073D0004A708A7802FB0300000AEAE730B53AB146
:1073E000FC2A037805D90B7043784B7083788B7037
:1073F00030BD0D78D443E4B213FB02F305FB043334
:107400001B0A0B704B78457813FB04F305FB023322
:107410001B0A4B708B78807813FB04F300FB02335C
:107420001B0AE4E730B585B0013A0191CBB2C1F354
:107430000724C1F30741032A41D8DFE802F002170D
:10744000284202781344FF2BA8BFFF238DF80C308D
:1074500043782344FF2BA8BFFF238DF80D3083789A
:107460000B44FF2BA8BFFF23DBB220E00278D31A26
:1074700023EAE3738DF80C3043781B1B23EAE37394
:107480008DF80D3083785B1A23EAE373ECE702781A
:1074900012FB03F31B128DF80C30437813FB04F33B
:1074A0001B128DF80D30837813FB01F31B0A014684
:1074B0009DF807208DF80E3003A8FFF78FFF05B069
:1074C00030BD0278D31A002BB8BF5B428DF80C3068
:1074D00043781B1B002BB8BF5B428DF80D308378BF
:1074E0005B1A002BB8BF5B42BEE72DE9F04F436843
:1074F00090F821A005688BB04B43019383680293F9
:10750000C3680393D0E906630493D0E90443069368
:1075100090F82230074688469146002B40F0BA800A
:1075200064BBBAF1FC0F44D991420FD0029B9C423C
:107530000FDA32462B4617E031462846019A07F00B
:10754000C0FD039B1D44049B01341E44029B9C42CE
:10755000F2DB0BB0BDE8F08F1178197051785970DB
:10756000917899704A4443440198591B8142F3DB56
:10757000039B1D44049B01341E44D7E7BAF1FC0F62
:107580001F4630D8029B9F42E3DA631E30464FF01D
:10759000000B40E0E91958465246FFF71FFF4744E9
:1075A000CB44019B9F42F5DB039B1D44049B0134AC
:1075B0001E44029B9C42CCDAB3460027F1E705EB60
:1075C0000A011BF8012F0590FFF708FF0598C24438
:1075D0004844019B9A45F2DB039B1D44049B1E44D7
:1075E000069B01371C44029B9F42B2DA04F1FF3B29
:1075F00030464FF0000AECE713F8012F079312FB17
:107600000AF205EB0B01120A0590FFF7E7FE059859
:10761000079BC3444844019A9345EDDB039B1D44FB
:10762000049B1E44069B01371C44ABE79A788DF8F7
:1076300026205A788DF825201A788DF824203CB31E
:1076400014F80B2012FB0AF2120A8DF8272005EB22
:107650000B0097F8222009990793FFF7E3FE079B99
:10766000C3444B44019A9345E0DB0CB1069B1C4498
:10767000039B1D44049B1E44059B01330593059BFE
:10768000029A9342BFF665AF33464FF0000BE9E72D
:107690005246DAE70023F1E72DE9F04FD0E9044341
:1076A00087B0D0E901A790F81B90C6680193804687
:1076B0000D46002C76D1B9F1FC0F5AD9032925D1FA
:1076C00004680AEB4A0A2346D91C1B1B9A4507DCAF
:1076D00004EB06080125BD4210DB07B0BDE8F08FC2
:1076E00098F8183001F8033C98F8193001F8023C7A
:1076F00098F81A3001F8013C0B46E5E7404652463F
:10770000214607F0DEFCB0440135E4E70429E4D16A
:10771000806905F0C3FEBAF1000FD8F800102AF016
:107720000F02AAF10F0CB8BF0022BC42D5DA0B46FB
:10773000002510E043E9100043E90E0043E90C0086
:1077400043E90A0043E9080043E9060043E904006D
:1077500043E902001035AC4503F14003EADC13466F
:10776000534502DB31440134DFE741F823000133A4
:10777000F6E7806905F092FED8F800B0059005FBA9
:107780000AFABC42A9DA4FF0000806E00BEB080148
:107790004A4605A8FFF722FEA844D045F6DBB344CD
:1077A0000134EEE701FB0AF3B9F1FC0F80690293A3
:1077B0001ED905F073FED8F800A005904FF000091F
:1077C000B9458ADA04F1FF3B4FF0000807E00AEB05
:1077D00008011BF8012F05A8FFF700FEA844029B33
:1077E0009845F4DB019BB2441C4409F10109E7E729
:1077F00005F054FED8F800B005904FF0000ABA45E5
:10780000BFF66BAF631E4FF000080CE013F8012FBA
:10781000039312FB09F20BEB0801120A05A8FFF70C
:10782000DDFD039BA844029A9045EFDB019BB34426
:107830001C440AF1010AE2E72DE9F04F90F82030EC
:107840008BB0063B044601910F2B00F2D082DFE89B
:1078500013F02702B403CE02CE02CE02CE02CE0235
:10786000CE02CE024B01560154011000CE02CE02D0
:10787000D902D0E901B30293C3680393D0E9065358
:107880000493D0E90463059390F8223090F8219096
:107890000768002B40F02381002E62D1B9F1FC0F64
:1078A00030D840F63A0840F20D4A029BB34240F30A
:1078B0009E82394600244CE005EB42035B78DB08EE
:1078C00043431B128B7035F81230C3F345136343E7
:1078D0001B124B7015F8123003F01F0343431B12A9
:1078E0000B70019B013219449345E5DC039B1F4457
:1078F000049B01361D44029BB34240F37882394613
:107900000022F1E740F63A0040F20D44F3E705EBC0
:1079100044034A465B78DB0808FB03F31B128DF82F
:10792000263035F81430C3F345130AFB03F31B125A
:107930008DF8253015F8143003F01F0308FB03F30E
:107940001B1209A88DF82430FFF748FD019B013474
:107950001944A345DBDC039B1F44049B01361D44F3
:10796000A3E7B9F1FC0F1C463ED840F63A0A029B49
:10797000A34240F33C8239464FF0000861E005EB3A
:10798000480316F808205B78DB0809FB03F31B1299
:107990008DF8263035F81830C3F345130AFB03F38E
:1079A0001B128DF8253015F8183003F01F0309FB62
:1079B00003F31B1209A88DF82430FFF70FFD019B7C
:1079C00008F101081944C345D9DC039B1F44049BFB
:1079D0001D44059B01341E44029BA34240F30782D1
:1079E00039464FF00008EEE740F63A0940F20D4AFA
:1079F000F2E705EB480340F20D425B78DB080AFB37
:107A000003F31B128DF8263035F81830C3F34513F5
:107A100053431B128DF8253015F8183016F808203E
:107A200003F01F030AFB03F312FB09F21B12120AF5
:107A300009A88DF82430FFF7D1FC019B08F101085B
:107A40001944C345D5DC039B1F44049B1D44059B7F
:107A500001341E448BE705EB480240F20D41527899
:107A6000D2085A4312128DF8262035F81820C2F396
:107A700045124A4312128DF8252015F8182002F0FD
:107A80001F025A4312128DF8242036B316F808202C
:107A900012FB09F2120A8DF82720099994F8222086
:107AA0000690FFF7BFFC019B069808F101081844F7
:107AB00040F63A03C345CEDC0EB1059A1644039A4C
:107AC0001744049A0AF1010A1544029A524540F3F8
:107AD0008E8138464FF00008ECE74A46DBE74FF06E
:107AE000000A40F63A03F0E703229DF8041020460E
:107AF0000BB0BDE8F04FFFF7F8BC0422F5E7436890
:107B0000029383680393C3680493D0E904530593F5
:107B100090F8223090F821800768D0E90669002BA0
:107B200040F0BC80002D38D1B8F1FC0F18D8039B71
:107B3000AB4240F35C81B2463946002425E098F818
:107B400003204046FFF74AFC019B013408F104087A
:107B50001944029BA342F2DC049B4E441F440135AE
:107B6000039BAB4240F34381B04639460024F0E723
:107B70009AF8032012FB08F25046120AFFF72EFC77
:107B8000019B01340AF1040A1944029BA342EFDC71
:107B9000049B4E441F440135C9E7B8F1FC0F1C4655
:107BA00021D8039BA34240F32281B34639464FF0CC
:107BB000000A33E015F808309AF8032012FB03F2AC
:107BC0005046120AFFF70AFC019B08F101080AF16E
:107BD000040A1944029B4345ECDC049B1F44059BAB
:107BE0004E441D440134039BA34240F30081B2463E
:107BF00039464FF00008EDE715F80A309BF80320EE
:107C000012FB03F208FB02F25846120CFFF7E6FBE8
:107C1000019B0AF1010A0BF1040B1944029B534525
:107C2000EADC049B1F44059B4E441D440134B8E725
:107C300053F8030C1978099045BB18FB01F10A0AA7
:107C40008DF8272007EB0A0094F822200999079362
:107C5000FFF7E8FB019B9A44079B0BF1010B0433F0
:107C6000029A5A45E4DC0DB1059B1D44049B1F4458
:107C7000069B4E4401330693069A039B934240F3BE
:107C8000B6804FF0000BF31CDA46E9E715F80A203E
:107C900012FB01F208FB02F2120CD1E70023EAE723
:107CA0004368029383680393D0E90453049390F8E4
:107CB000223090F821800768D0F80C90D0E9066A4D
:107CC000002B40F09D8075BBB8F1FC0F15D8039BCD
:107CD000AB4240F38C80394600241DE012F8011FAE
:107CE000997059701178197001990B44029C811890
:107CF0008C42F3DC4F4456440135039BAB4276DDA6
:107D0000721E3B46C6F10100F0E7305D4246FFF7C8
:107D10004BFB019B01341944029BA342F5DC4F4409
:107D200056440135D3E7B8F1FC0F1C4618D8039B25
:107D3000A3425CDD39464FF0000B25E015F8082022
:107D400016F80800FFF730FB019B08F10108194401
:107D5000029B4345F2DC049B4F4456441D440134CE
:107D6000039BA34243DD39464FF00008F0E715F8C6
:107D70000B2016F80B0012FB08F2120AFFF714FB97
:107D8000019B0BF1010B1944029B5B45EFDC049B4B
:107D90004F4456441D440134C9E716F80B208DF8B2
:107DA00026208DF825208DF824201DB3EA5C12FBD7
:107DB00008F2120A8DF82720F81894F82220099961
:107DC0000693FFF72FFB019A069B0BF1010B13445F
:107DD000029A5A45E1DC0DB1049B1D44059B4F44BA
:107DE000564401330593059A039B934204DC0BB080
:107DF000BDE8F08F4246DDE74FF0000B5B46E7E75A
:107E00000023EFE74368029383680393C3680493F6
:107E1000D0E90453059390F8223090F82180076848
:107E2000D0E90669002B40F0C680002D3CD1B8F1A6
:107E3000FC0F1AD8039BAB42D9DD344639464FF0CC
:107E4000000A27E014F8012C14F8020CFFF7ACFA32
:107E5000019B08F101081944029B434504F1020407
:107E6000F0DC049B4E441F440135039BAB42BEDD56
:107E7000344639464FF00008EEE714F8012C14F8A8
:107E8000020C12FB08F2120AFFF78EFA019B0AF1AC
:107E9000010A1944029B534504F10204EDDC049BE2
:107EA0004E441F440135C5E7B8F1FC0F1C4621D8EC
:107EB000039BA3429BDDB34639464FF0000A33E0F3
:107EC00015F808301AF8012C1AF8020C12FB03F20C
:107ED000120AFFF769FA019B08F101081944029B95
:107EE00043450AF1020AEBDC049B1F44059B4E4408
:107EF0001D440134039BA3427FF779AFB246394654
:107F00004FF00008EBE715F80A301BF8012C1BF8BE
:107F1000020C12FB03F208FB02F2120CFFF744FA08
:107F2000019B0AF1010A1944029B53450BF1020B14
:107F3000E9DC049B1F44059B4E441D440134B7E714
:107F400013F8011C18788DF8261065BB10FB08F09B
:107F5000020A8DF827208DF824108DF8251007EBE4
:107F60000A0094F8222009990793FFF75BFA019B16
:107F70009A44079B0BF1010B0233029A5A45DFDC4E
:107F80000DB1059B1D44049B1F44069B4E440133C9
:107F90000693069A039B93427FF729AF4FF0000B9D
:107FA000731CDA46E9E715F80A2012FB00F208FB19
:107FB00002F2120CCDE70023EAE7436802938368DC
:107FC0000393C3680493D0E90453059390F82230D7
:107FD00090F821800668D0E9067A002B40F0B8803E
:107FE000002D38D1B8F1FC0F19D8039BAB427FF7B5
:107FF000FEAEB146002426E021463846FFF7CBF915
:10800000019B4042C0B290705070107001341A440D
:10801000029BA342F0DC049B57441E440135039BA2
:10802000AB427FF7E4AE32460024F1E72146384602
:10803000FFF7B1F9404249464246C0B2FFF7B4F9F2
:10804000019B01349944029BA342EFDC049B5744FB
:108050001E440135C9E7B8F1FC0F1C461FD8039B2D
:10806000A3427FF7C4AEB1464FF0000B31E0494662
:108070003846FFF790F9404215F809204146C0B252
:10808000FFF792F9019B09F101099844029B4B45C6
:10809000EDDC049B1E44059B57441D440134039BA7
:1080A000A3427FF7A4AEB0464FF00009EEE7594671
:1080B0003846FFF770F915F80B20404212FB08F222
:1080C0004946120AC0B2FFF76FF9019B0BF1010B91
:1080D0009944029B5B45EADC049B1E44059B574484
:1080E0001D440134BBE749463846FFF754F9404286
:1080F000C0B28DF825008DF824003DB315F8092095
:1081000012FB08F2120A8DF827208DF8260094F849
:10811000222009990698FFF785F9069B019A1344D6
:1081200009F101090693029B4B45DCDC0DB1059B6F
:108130001D44049B57441E440BF1010B039B5B45FC
:108140007FF755AE06964FF00009ECE74246DAE7B6
:108150004FF0000BF2E7F0B5154685B006460F4626
:108160000A46684629461C4604F075FD90B16968C8
:10817000019A009B2D683F68521A0A995D1B684658
:1081800001FB0255DF1B05F0C4F8E319711918440F
:10819000834201D105B0F0BD1A7811F8014B224499
:1081A000FF2A28BFFF2203F8012BF1E72DE9F8434E
:1081B00056081F46A1EB52059046814605F0BAFFCE
:1081C00000FB05F44846E7F74BFBE411002CD4BF55
:1081D0008034803C05FB00F06FEA0802CCBFC6EBA0
:1081E0002423C6EB24234FEAE010D8BF06EB242457
:1081F00002F00102C6BF9B1806EB2424A41A002833
:10820000CCBF803880303B60CDBFC6EB2023C6EBAF
:10821000202306EB20269B18CCBF06EB2026B61A9F
:10822000BC607B60FE60BDE8F8832DE9F04F91F8FB
:108230003C30ADF50B7D022B05900C4642D90D6A02
:10824000002D3FD0D1E9091399423BD00FCA0AAFA4
:1082500087E80F00059BB4F834800EAE03F13802B6
:108260003946304604F0F7FC039058B3A36B4545FC
:10827000D4E909A9A8BF454643BB0AF5B4734B45E9
:1082800003D009F5B473534520D167A8FAF709FA6A
:1082900094F83C308DF8C431E369ADF8BC311B0C67
:1082A0008DF8BE3147F6FF736E939DF8C531059882
:1082B00070950F2262F3040367A93A468DF8C53121
:1082C00000F0A3F90DF50B7DBDE8F08FD7E90112A1
:1082D000236A3868D21A1492FA6818441944D31AD7
:1082E000129013911593BAF5B47F80F2B780B9F567
:1082F000B47F80F2B6801022002116A80CF03CFC5E
:108300000DF5CE78CDF80090D4E90B1240465346D7
:10831000E2F748FCCDF858800DF1B808002347F685
:10832000FF7239464046E2F78BFC12A8CDF85C801C
:1083300004F0EFFF002800F39780002303933046FA
:1083400004F0ECFF0690304604F0E3FF8046E8F7C7
:1083500059F8074696E80F000DF1680B8BE80F00FF
:10836000002128224AA80CF007FCA16B94F83C30AD
:108370004F978DF83831CDF824B1CDF844B10029AC
:1083800040F08280A28BA37FADF839218DF83B317C
:10839000002394F83D60049316F001063DD005FBE0
:1083A00005FB5846E8F72EF85A46FF21064606F028
:1083B00058FF6A1E0DF5807BCDE92C2205EBD572A6
:1083C0000023584652102AA9CDE92A33E2F738FC97
:1083D0000023CDF820B00993B346AB42C0F28C80A5
:1083E00040A85FFA85FB02F030FE22ABA18E5A4610
:1083F0000FFA8AF0FFF7DAFED4E90B1222A804F094
:108400001DFCA18E5A460FFA89F026ABFFF7CEFE6F
:10841000D4E90B1226A804F011FC1B9B4FF00009B5
:108420001D93069B994579DB67A802F00EFE2EA8E6
:1084300002F00BFE039B13B137A802F006FE38468C
:10844000E7F7FAFFA36B13B154A8FAF7A5FB002EC8
:108450003FF438AF3046E7F7EFFF33E7AAF5B47AD9
:1084600041E7A9F5B47942E712A804F057FF0028C4
:108470007FF763AF37AF012347F6FF7212A9384683
:10848000E2F7DEFB18975AE7002254A8E1F768F9F3
:1084900000283FF477AF5F9B002B3FF473AF1EAE15
:1084A0000022C6E900229A88013AB260DA88013ACD
:1084B000F260D4E90B129B883046A2EB5302A1EB89
:1084C000530104F0BBFB5F9A4D96D2F810B01389AC
:1084D000CDF828B14B935278142A02D08DF8302170
:1084E00056E71222304604938DF8302104F016FF2F
:1084F000049B03FB00B34CE759460095002208A8F3
:10850000079302F086FD079B014620B92A4658468C
:1085100006F0A7FE079BAB4401335EE74246FF210E
:10852000384606F09EFEDDE91A233946CDF8008074
:1085300016A802F06EFD94F83D308DF84001DB077F
:1085400001462DD51B9B239A934211DB259A93421A
:108550000EDC30B94246384606F083FE02238DF821
:10856000403100953B4622AA1AA93046FFF7F3FD99
:108570001B9B279A934213DB299A934210DC9DF8A8
:10858000401131B94246384606F06BFE02238DF8A1
:10859000403100953B4626AA1AA93046FFF7DBFD7D
:1085A000049BEBB19DF84031D3B14D9B1B9A5868A9
:1085B0001B68A2EB000C1A9A4B98D31A4008049A35
:1085C00000FB0C33791E1344C7F10100421890459B
:1085D00012DC9DF84031012B04BF02238DF840319D
:1085E000059849A9E1F794F91B9B01331B931D9B47
:1085F00009F10109013313E713F801CB11F8012F39
:1086000012FB0CF212120A70E0E72DE9F04F91F81C
:108610002830022BB9B005460F46144640F2AD8013
:108620004B6A002B00F0A98091F82930DA0600F09F
:10863000A480204604F06DFE0646204604F06EFE3F
:108640008642FB6997F8288097F82290A8BF0646D3
:1086500070109842A8BF184697F829307E6A834662
:1086600013F0040FD4E900E003F01F010ABF0BEB85
:10867000060333465B4273440B93D4E902C20B07F3
:1086800056BF0BEB060333465B42ACEB03030D9383
:108690008B0756BF0BEB060333465B4203440C9338
:1086A000CB0756BF0BEB060333465B42D21A97F853
:1086B0002030039397F821300E92ABEB060602931D
:1086C000BBF1000F5CD1002E5ADC59462C222DA89C
:1086D00006F0C7FD24AB2D93039BD4F804B08DF8AE
:1086E000C9308DF8CB90029BDDF83090A6688DF8EC
:1086F000CA300B9B2768029309F1FF310D9B8DF85F
:10870000C880CB45CDE925B6D4F80CA0DDF838807B
:1087100003932497279103DC2DA92846E1F7F8F865
:108720000E9901312591C245E168279103DB2DA9FE
:108730002846E1F7EDF8CB45D4BF0C9B6368259341
:10874000C245ACBF0E9BE3682168249127930B9927
:10875000029B01399F42269103DC2DA92846E1F7AF
:10876000D7F80D9B01332493A3682693039B9E4265
:1087700003DB2DA92846E1F7CBF839B0BDE8F08F2F
:1087800005F1380221460FA804F065FA069000288A
:10879000F3D00FA804F0BDFD2C22002107902DA8D6
:1087A00006F05FFD0798E7F72DFE0027339082461D
:1087B00001231BA826EAE6720BA9CDE908770A97E0
:1087C000E2F73EFA1BA8BB45089007DD24AE3B4606
:1087D0005A4621463046E2F733FA099613AB2D93F9
:1087E0003593039B8DF8C930029B8DF8CA302368FE
:1087F0000B9A8DF8CB905B449342ACBF17931792C2
:10880000A3680D9A8DF8C880A3EB0B039342D4BFE5
:108810001993199263680C9A5B449342ACBF189306
:108820001892E3680E9AA3EB0B0317A89342D4BFE8
:108830001A931A9204F06DFD6368D4F80090DDF885
:108840002C8002930C9B0393A3680493C1450D9B5A
:10885000E6680E9F059362DCDDE9043293425EDB3D
:10886000DDE9023293424FF001038DF8D03041DD53
:10887000BE420CDB179B1393199B15930E9B013380
:1088800014932DA9E36816932846E1F741F80B9B52
:108890000D9A93424BDBC14557DCDDE904218A4246
:1088A00047DB23681393A3681593189B14932DA992
:1088B0001A9B16932846E1F72BF806990F9B119AFD
:1088C000139300297AD163680C9F1592FF1A5F45B4
:1088D000B8BF5F46884647453EDC1BA802F0B5FBA3
:1088E000BBF1000F02DD24A802F0AFFB5046E7F712
:1088F000A3FD42E7BE4201DB31280DDD179B139338
:10890000199B1593029B1493039B2DA9013B2846A9
:108910001693E0F7FDFFABE700230693B7E70123CB
:108920008DF8D030DDE902329342E7DDA0E7C145A2
:108930000BDC013B1593189B226814932DA91A9BFD
:10894000139228461693E0F7E3FFDDE904329342E1
:10895000B3DB0D9B0133A5E76368E66808EB030909
:10896000109B9945A6EB080602DA129B9E4222DC78
:10897000079AFF21504606F074FC079B0093139A58
:108980004B46514608A802F044FB109B8DF8D000DE
:10899000994507DB2DA92846CDF85090CDF8589081
:1089A000E0F7B6FF129B9E4205DC2DA928461496DF
:1089B0001696E0F7ADFF08F101088CE7179B13A8A6
:1089C000013B9342D4BF1593159204F0A2FC041E00
:1089D00034DC199B0F9A01339342ACBF139313926B
:1089E00013A8119B159304F094FC041E7FF775AF38
:1089F000DDE90432934267DADDE90232934263DD56
:108A0000BE42FFF66AAF1A9E129B01369E423FF7A6
:108A100064AF22465046FF211496169606F021FCBC
:108A20005146139A0094334608A802F0F2FA2DA991
:108A30008DF8D0002846E0F76BFFE5E7C14524DD5F
:108A4000DDE90232934220DDBE42C2DB1A9B03F114
:108A50000108129B9845BCDC2246FF215046CDF808
:108A60005080CDF8588006F0FCFB4346139A0094E2
:108A7000514608A802F0CDFA2DA98DF8D00028465D
:108A8000E0F746FF08F10108E3E7109B189A9342CC
:108A900002DBC145DADDD7E72246FF2150461493B9
:108AA0001693069306F0DDFB069B139A009451463D
:108AB00008A802F0AEFA2DA98DF8D0002846E0F7FC
:108AC00027FF069B0133E1E7DDF84080189B9845BE
:108AD00004DBDDE90432934295DA91E72246FF2177
:108AE0005046CDF85080CDF8588006F0BAFB43468A
:108AF000139A0094514608A802F08BFA2DA98DF81C
:108B0000D0002846E0F704FF08F10108DEE72DE970
:108B1000F04F450087B04FEA610ACB07044628466C
:108B2000904654BF0AF1FF3BD3460F46E7F76AFC75
:108B3000AB1E6FF0010200930BFB02224FEA4A03C7
:108B400001930646C14600230292A34225DB04FBA3
:108B500004F0424608EB400043464FF47F5CBCFB08
:108B6000F7FC834244D16B420AFB03F30593631E77
:108B700005FB038304930BF1010300930BFB0553E7
:108B80000393AB1901934FF0000CA4453CDB304636
:108B900007B0BDE8F04FE7F74FBC009A019839F8ED
:108BA000021000EB090C02987943621E484426F833
:108BB000121002EB0A0E7445CCBF3CF812E04FF0E5
:108BC000000EA1EB0E0EA2EB0B010029D4BFB9F8E9
:108BD000001030F81210013A7144E8D248462A4693
:108BE0003146039306F06DFA039BA9440133ACE7C9
:108BF000198839B1B1F57F5F0EBFA3F800C091FBB2
:108C0000F7F119800233ACE70599138851180291E6
:108C10000399002002EB010996467B4390460146EA
:108C2000002BACBFC3F38F1B4FF0000B26F811B025
:108C3000A1EB0A0BBBF1000FCABFDDF808B0B8F812
:108C400000B03BF800B0A3EB0B0B009B0B449C4225
:108C5000D6BF049B39F8003033F81C3001318C4208
:108C60005B44A8442844DBD1334633F8021BAEF8FA
:108C7000001001998B42AE44F7D10CF1010C023285
:108C800083E72DE9F04F1446BBB00D46D1E90A3118
:108C900005901268A0686668E7680A440144286B7A
:108CA00006443844D21A1944F61A18446B6A0E92D4
:108CB00003EBD3735B105B421A44013A109111909D
:108CC000C91AC01A1292F21895F834300F96FE2B7A
:108CD00028BFFF230993059B0131013A0130383346
:108CE0001491139215901A4612A916A8069303F030
:108CF000B2FF002800F0278323681A9363681B9350
:108D00004FF0FF32A3681C931146E3681D931AA825
:108D100003F087FF1AA8EC6904F0FBFA06461AA8CC
:108D200004F0FCFA86421AA865DA04F0F2FA401060
:108D3000A042A8BF204603900EA8EC6904F0E9FA0F
:108D400006460EA804F0EAFA86420EA856DA04F0A7
:108D5000E0FA4710A742A8BF27466C6A3C4404FBD0
:108D600004F04000E7F74EFB6E6A0E9B2693119BC2
:108D7000299306EBD6735A1066F0010907EB6303DB
:108D8000994406F00101013204900EA8089127923F
:108D9000CDF8A09004F0BDFAA9EB000026900EA833
:108DA000DDF89C9004F0BAFA484406EB070800236B
:108DB00029903A4626A92FA8E1F742FF012E404606
:108DC00018BF7610E7F71EFB4FEA4803DDF810A046
:108DD000079381464FF0000BD84512DC4846E7F771
:108DE0002BFB2FA802F031F9012E08FB08F740F009
:108DF000AD82002341E004F091FA98E704F08EFA86
:108E0000A7E74246FF21484606F02BFA2FAB009316
:108E100000212F9F43465A464846B847014640B96D
:108E2000079A504606F01DFA079B0BF1010B9A4476
:108E3000D2E799F8003052469B0193FBF6F322F8F3
:108E4000023B079B494603EB0A009042ECD00F46D9
:108E500011F8013F3F789F4217BF9B0132F8023C57
:108E600093FBF6F39BB222F8023BEEE7049A0499D7
:108E700032F813209209CA540133BB42F6D195F857
:108E80003570002317F00107CDE90C3307D126AE6A
:108E9000039A01231AA93046E1F7D2FE0C9612A8D4
:108EA00004F037FAE7F7AEFA2C22064600212FA885
:108EB00006F0D7F995F822302A8C8DF8D3301EA908
:108EC00095F83430DDF848802F9112A83791ADF82D
:108ED000D1208DF8D030359604F01BFA00EBD0701D
:108EE00008EB600312A8DDF84C800A9304F016FA30
:108EF00000EBD07008EB6003149A0793139B209249
:108F0000121B0A991F93013223448A42ACBF1E925E
:108F10001E91013B079A9342D4BF219321921EA92F
:108F2000069A22A803F097FE002840F03E82149A89
:108F30002092121B159B0A99219301328A42ACBFE1
:108F40001E921E91079A1B1B013201330892934215
:108F5000ACBF1F931F921EA9069A22A803F07BFEA6
:108F6000002835D0039A1AA922A803F030FF78BB55
:108F700022A804F0CEF9DDF884A0259BDDF88880D6
:108F8000DDF85090834637B1039A0B931AA922A8B3
:108F900003F0DFFF0B9BBBF1000F19DDA9EB040908
:108FA00009F10109A8EB0908AAEB030A049BDDF803
:108FB0009490359604FB0A889844229B1E93249B28
:108FC000209302238DF8D830239B4B4540F34A82EF
:108FD000129B079A23441E93149B1B1B2093139BE5
:108FE0001F932344013B9342D4BF219321921EA996
:108FF000069A22A803F02FFEF8B1039A1AA922A814
:1090000003F0E5FE8046C0B922A804F082F9DDF83D
:109010008C901F9B8246002F00F08082039A0B9356
:109020001AA922A803F095FF0B9B8346002800F0A5
:109030003D82BAF1000F00F33E8295F834308DF88E
:10904000D030129B089A23441E93149B1B1B209321
:10905000159B21931B1B01339342ACBF1F931F929F
:109060001EA9069A22A803F0F6FD48B3039A1AA98E
:1090700022A803F0ACFE814610BB22A804F049F9F7
:10908000B0F1000B1CDDDDF88480DDF894A0002F2A
:1090900000F05482039A1AA922A803F05AFF4B4603
:1090A000049A3593229B1E93A8EB0A08249BDDF8B3
:1090B0009490209304FB0828239B4B4540F3408267
:1090C00095F834308DF8D030149B2093DDE90750AB
:1090D0001A1B139B15992344AB42C8BF03460132A8
:1090E000091B1F930A9BA942ACBF219121959A426B
:1090F000ACBF1E921E931EA9069A22A803F0ABFDD8
:1091000068B3039A1AA922A803F061FE38BB22A80B
:1091100004F0FFF8149B229D1B1B0133ED1A631E04
:1091200004FB0355049B80461D44002F00F03B8246
:10913000039A1AA922A803F00CFF2B46B8F1000FDE
:1091400035930CDD229B1E93249B2093DDF88C909D
:1091500002238DF8D830259B4B4580F22682049B54
:109160006510013B0021A142C0F23F82DDE90750BA
:10917000139A129B15991E932244AA42C8BF024615
:109180001F920A9A091B234402F1FF39013BA942AD
:10919000ACBF21912195069A4B45D4BF2093CDF8C1
:1091A00080901EA922A803F056FD002840F02F82CF
:1091B000129A139B1E922244013A1F9323444A455C
:1091C000D4BF2092CDF88090013B079A9342D4BF40
:1091D000219321921EA9069A22A803F03CFD0028A3
:1091E00030D0039A1AA922A803F0F1FD50BB22A89F
:1091F00004F08FF8DDF88CA01F9B229DDDF878B07D
:10920000804637B1039A09931AA922A803F0A1FE58
:10921000099B3596B8F1000F14DDAAEB030AA5EB04
:109220000B05049B04FB0A551D44229B1E93249BA3
:109230002093DDF88CA002238DF8D830259B534570
:1092400080F23582159A129B2192121B08991E9367
:10925000013223448A42ACBF1F921F91013B069A00
:109260004B45D4BF2093CDF880901EA922A803F0CF
:10927000F2FC78B3039A1AA922A803F0A8FD48BB10
:1092800022A804F046F8DDF88490DDF894B0229D21
:10929000DDF878A0804627B1039A1AA922A803F026
:1092A00058FEB8F1000F359614DD049BA9EB0B09AD
:1092B000A5EB0A0504FB09551D44229B1E93249B24
:1092C0002093DDF8949002238DF8D830239B4B45F2
:1092D00040F31082129B159A359623441E93149BDB
:1092E0001B1BDDE907012093139B121B23448342C0
:1092F000C8BF0B468242ACBF219221901EA9069A9C
:109300001F9322A803F0A7FC98B1039A1AA922A8D8
:1093100003F05DFD68B922A803F0FBFF051E08DD20
:10932000229B1E93239C249B2093259BA34280F287
:10933000048217B926A801F088FE0498E7F77CF8A4
:109340003046E7F779F83BB0BDE8F08F3146049A34
:109350004046FFF7DCFB0899314401290CDD049AF3
:1093600002EB47064FF47F5090FBF1F0B2420ED172
:10937000049A4046FFF7CBFB0023BB423FF47FAD8E
:10938000049A049932F81320CA540133F5E732F8ED
:10939000023B002BEAD0FF2B17BF9B0122F8020CE7
:1093A00093FBF1F322F8023CE0E7039A1AA922A802
:1093B00003F00DFD00287FF4BAAD22A803F0A9FF49
:1093C000DDF88CB0139BDDF88880DDF85090824684
:1093D00037B1039A08931AA922A803F0BAFD089B93
:1093E000BAF1000F7FF7A3ADA9EB040909F1010958
:1093F000A8EB0908ABEB030B049BDDF88C903596CA
:1094000004FB0B889844229B1E93249B20930223E9
:109410008DF8D830259B4B45FFF689ADCDF87C9073
:10942000CDF88490DFB922464146304605F049FE2A
:109430004B46229ACDF800A031460CA801F0E9FD78
:1094400001280ABF02238DF8D8008DF8D83005987E
:109450002FA9E0F75DFAA04409F10109DAE7CDF898
:10946000D480F4E7CDF87C90CDF88490DFB9224623
:109470004146304605F025FE4B46229ACDF800B015
:1094800031460CA801F0C5FD01280ABF02238DF862
:10949000D8008DF8D83005982FA9E0F739FAA04404
:1094A00009F1FF3990E5CDF8D480F4E7BAF1000F67
:1094B0007FF7C3ADBB46A9EB0309049BCDF8D4806D
:1094C00004FB0939229B1E93DDF88C80249B20939A
:1094D000259B4345FFF6B1ADCDF87C80CDF8848067
:1094E00099F80010BBF1000F1DD15246304605F02F
:1094F000B8FE229ACDF800A0434631460CA801F0F0
:1095000088FD012808BF02208DF8D80005982FA9F2
:10951000E0F7FEF9A14408F10108D9E700287FF738
:109520008CADB046C6E7099BFF2B1EBF95F83430C3
:1095300013FB01F1090A8DF8D010E7E73346AFE5D8
:10954000CDF87C90CDF88490D7B998F800105A46A1
:10955000304605F086FE229ACDF800B04B463146E3
:109560000CA801F056FD012808BF02208DF8D80094
:1095700005982FA9E0F7CCF9A04409F1FF399BE544
:10958000039A1AA922A803F0E4FC099BFF2B18BF39
:1095900095F8342098F800301CBF13FB02F31B0A27
:1095A0008DF8D030E4E73346C8E5CDF87C90CDF8AF
:1095B00084909FB942462946304605F082FD4B46CD
:1095C000229ACDF8008031460CA801F022FD012836
:1095D0000ABF02238DF8D8008DF8D83005982FA93E
:1095E000E0F796F909F10109B5E518190246A0EB73
:1095F000020C654502DC01310346B4E513F801CFE6
:1096000092F800E083F800E002F801C9EFE7039A5E
:109610001AA922A803F0DBFB00287FF4C9AD22A819
:1096200003F077FE1E9B229DED1A631E04FB03557B
:10963000049B80461D44002F37D0039A1AA922A804
:1096400003F087FC2B46B8F1000F35937FF7B0ADE0
:10965000229B1E93249B2093DDF88CA002238DF87F
:10966000D830259B5345FFF6A3ADCDF87CA0CDF8AF
:1096700084A09FB942462946304605F022FD534654
:10968000229ACDF8008031460CA801F0C2FC0128D6
:109690000ABF02238DF8D8008DF8D83005982FA97D
:1096A000E0F736F90AF1010ADBE73346CBE7CDF8FC
:1096B0007CA0CDF884A0DFB922462946304605F0CB
:1096C00000FD5346229ACDF8008031460CA801F0E7
:1096D000A0FC01280ABF02238DF8D8008DF8D830ED
:1096E00005982FA9E0F714F925440AF1010AA5E528
:1096F0003595F5E7CDF87C90CDF88490DFB922461A
:109700002946304605F0DDFC4B46229ACDF8008014
:1097100031460CA801F07DFC01280ABF02238DF818
:10972000D8008DF8D83005982FA9E0F7F1F8254436
:1097300009F1FF39CAE53595F5E72A46FF2130469C
:109740001F94219405F08DFD2346229A0095314601
:109750000CA801F05EFC2FA98DF8D8000598E0F761
:10976000D7F80134E1E50B79063B012B0ED84B6DA0
:10977000DA6B9AB91A6C8AB993F821209B6E1BB1E7
:109780000E2A0BD0142A09D02F2A07D891F8593065
:10979000632B84BF46F20143A1F858300020704784
:1097A00070B50E46C169054600296BD101223046CD
:1097B000DFF75CF8044610B94FF0FF3070BD30465B
:1097C000DFF768F80028F7D002232365EC612379DE
:1097D000013B0A2B0DD8DFE803F006151C232A31C4
:1097E000493F38445000616D04F10802204600F002
:1097F0004BF8EB6903221A650023EB61DFF72EF8C3
:109800000120DBE7616D04F108022046FEF7FDFE52
:10981000EFE7616D04F108022046FFF732FAE8E74E
:10982000616D04F108022046E0F7D6FDE1E7616DC5
:1098300004F108022046E0F705FEDAE7616D04F165
:1098400008022046E0F7BCFDD3E7616D04F1080291
:109850002046FEF7EAFCCCE7616D2046E0F7FCFD10
:10986000C7E7616D204601F033FFC2E7616D04F187
:109870000802204600F09EFDBBE7616D204601F026
:109880001EFCB6E7002099E72DE9F04F91F8203053
:10989000ADB0022B04900C463CD913680C9353686E
:1098A0000D930CAE93680E933146D3680F9300F17D
:1098B000380210A803F0CFF9029058B394F82F5053
:1098C0002C22C5F30303002115F00F0521A803BFC7
:1098D00094F8219094F8228094F8237094F82490BE
:1098E0001CBF94F8258094F8267007930BF044F978
:1098F000E36994F820A08DF899908DF89A808DF8FE
:109900009B7053B94DB90498219621A98DF898A060
:10991000DFF7FEFF2DB0BDE8F08FBAF1FD0F304646
:1099200028BF4FF0FF0A03F0F4FC8046304603F0F6
:10993000F5FC8045E2694346A8BF03465B109342AD
:10994000A8BF1346814610A8059303F0E2FC059BCF
:1099500003904FF0000B5B45CDE90ABB38DDE6F71D
:1099600051FD059A07465B4618A83146E1F768F9AC
:1099700018A80A90109B1493129B16930DF1500B8C
:10998000FF234A46414604F124002797CDF884B0CE
:10999000CDF8A4B08DF8983000F0DAF9064600282A
:1099A0004BD0012D4CD90C9A109BCDF894B09B1A3A
:1099B000026803EB43010A44229294F82E1000221D
:1099C0002734914206D84FF0000B4FF000080EE00C
:1099D0005F46CFE702EB8200205CFF2840F02D813C
:1099E0000132EEE77268DDF808B002EB03080F23DE
:1099F0008DF890304FF00009059A0D9C0F9B914512
:109A000022DB14449B1A002D40F0D080049815945A
:109A100021A917938DF898A02795DFF779FF2FB12B
:109A20003846E6F709FD18A801F00FFB002E3FF4B9
:109A300071AF304600F0C8F96CE780468346D9E73D
:109A40004FF0000BD846D5E7A3EB09030693119B13
:109A50004C44A34204DD139B069A9342C0F29280C9
:109A6000039A5146384605F0FCFB039B0093149A79
:109A7000234639460AA801F0CCFA119B012808BFF9
:109A80000220A3428DF8A0005DDC012D15941794EF
:109A900004D0022D13D000231A4615E00D9B316827
:109AA000E31A03EB430288188A5AADF899208278AA
:109AB0008DF89B207268D35C8DF89830EBE7B8F195
:109AC000000F3ED1029B4246049821A9CDE908230C
:109AD000DFF71EFFDDE9082313990698814251DB69
:109AE000012D1590179031D0022D43D0002A45D07A
:109AF000022D3DD9039A5146384605F0B2FB039B2F
:109B00000093149A234639460AA801F082FA0128E4
:109B10000ABF02238DF8A0008DF8A03028E018F8C5
:109B20000310FC299FBFFA5C12FB01F21212FA54D7
:109B30000133039A9342F2DB02238DF8A030029B9B
:109B4000AAE70023F5E700231A46C5E706990D9B0F
:109B50003068CB1A03EB43014418415AADF8991011
:109B6000A1788DF89B107168CB5C8DF898302AB184
:109B7000002314E013B9B8F1000FF9D1049821A91A
:109B8000DFF7C6FE09F1010936E718F80310FC29D2
:109B90009FBFFA5C12FB01F21212FA540133039ACE
:109BA0009342F2DB02238DF8A030E7E7022D8DF817
:109BB00098A036D031D905F10D0202F00F02022A29
:109BC00036D9119A9442B8BF1446139A9342A8BF4B
:109BD000134699464C453FF722AF012D1594179433
:109BE00015D10D9B3168E31A03EB430288188A5A9A
:109BF000ADF8992082788DF89B207268D35CBAF119
:109C0000FC0F9CBF13FB0AF31B128DF898300498CD
:109C100021A9DFF77DFE0134DCE701228DF8A020C9
:109C2000CFE79DF81C208DF8A020CDF89C80C8E7D8
:109C30000BF1010B8DF8A0B0F7E7022D3FF4D2AE87
:109C4000DDF808B0C1E62DE9F0411D4603794B432C
:109C5000B2EB232F0F460ADC8378017842786A70D2
:109C60002970AB70C378069A1370BDE8F081847ACE
:109C700004EB8403034413F8011C7943B2EB212F56
:109C800054DA012C62D9437A7B43B2EB232FD4BF41
:109C90000123002303EB8303C618C35C16F8014CB1
:109CA000317916F8030C7C437943A2EB2422091284
:109CB000C2EB0222A1EB242192FBF1F416F8052C51
:109CC00016F8041CE743FFB2E4B212FB07F204FBF0
:109CD0000322737811FB07F104FB0311B37810FB27
:109CE00007F048F2810804FB030008FB02F208FBBE
:109CF00001F108FB00F0C2F3C752C1F3C751C0F332
:109D0000C75003F009FC2870C0F30723C0F30740D5
:109D10006B70A87016F8023CF27813FB07F304FB93
:109D2000023308FB03F3C3F3C7539CE713F8051C86
:109D300013F8042C13F8033CAB7029706A70837A13
:109D4000013B03EB83030344DB788CE70023A1E7AB
:109D5000F7B5C37A17461A07064603D100242046F2
:109D600003B0F0BD03F00F03012B06D00E3303F058
:109D70000F03032B94BF0F4640277D1CF81C05EBF7
:109D8000450520F0030025F003050C302844E6F7D4
:109D900039FB04460028E1D00C35054400F10C03E2
:109DA000C0E9015703600025A168A942D7D9D4E9C9
:109DB000000205EB45032A44009203442A4630463C
:109DC000FFF741FF0135EFE7E6F736BB2DE9F04F2E
:109DD000B7B08B460D930B6BDDF800A106901646CD
:109DE000002B54D14B6BB3F5807F50D18D6BB5F503
:109DF000807518BF0125F46ADBF82C30B4F80890A0
:109E000007932C22002120A8D4F81080677805F051
:109E100028FA9BF850308DF894309BF85130CDF8EB
:109E20008890C3F303038DF8A830002D40F0A08183
:109E3000079B002B00F3F7800E2F2AD0142F49D157
:109E40009BF84F30022B54D8504603F067FA054672
:109E5000504603F05EFACDF89880CDF890A0CDF88A
:109E60008480A288CDF880A009FB00F3B3FBF2F355
:109E700005FB038326934FEA5903299302238DF8A8
:109E80009C301223CDF8A0A08DF88C301BE001256A
:109E9000B1E7069B514603F138022BA802F0DBFE26
:109EA000A8B19BF84E30BBF84C208DF89730CDE927
:109EB00028A90223CDF898802195ADF895208DF83A
:109EC0009C30CDF880A0069820A9DFF721FD37B09F
:109ED000BDE8F08F062F01D0152F06D1CDE920A8BF
:109EE000CDF890A08DF88C70EDE79BF84F30022BE9
:109EF000F4D9419BD6F82C800FCB13AD85E80F0029
:109F000098F8013007931846B8F8089003F0D3FA90
:109F10000646504603F002FA0890284603F0F9F985
:109F20000446284603F0FAF96643012E334638BF4B
:109F3000012309930746DDF759FBDDF7D9FE0446F7
:109F4000DDF754FBDDF730FF03F0B5FA4443099B1E
:109F5000A400B4FBF3F4BC42A8BF3C4603FB04F0EE
:109F6000E6F750FA2C22074600212BA805F079F9D4
:109F70009BF850308DF8C0309BF851302D96C3F3CC
:109F800003038DF8D430079B2F95142BCDE92B5765
:109F90008DF8B83010D1CDF8CCA0D8F81030089A90
:109FA00009FB0233319302238DF8C83012238DF858
:109FB000B8304FEA59033493149B169E2344013B57
:109FC000169317AD149B9E4203DA3846E6F734FA2F
:109FD0007DE7139ACDE91723DAE90012159B19934F
:109FE0005242169B1A934942284602F027FE9DF8DA
:109FF000B830CDF810B0CDE902930197D8F8103001
:10A00000009395E80F00DFF7F9FF06982BA9DFF71B
:10A010007FFC169B013314932344013BB342D4BF0E
:10A0200016931696CEE79BF84F30022B00F2A080D5
:10A03000D6F82C9099F80180B9F80870B8F1140F8F
:10A0400014BF434612232C2229462BA8079305F060
:10A0500008F99BF850308DF8C0309BF851302D979F
:10A06000C3F303038DF8D430CDF8BCA0D9F8103079
:10A070002C93079B8DF8B830419B0FCB13AC84E831
:10A080000F002046169B08932B94169103F041F97C
:10A090000646E6F7B7F913ABCDE93336079B3190A7
:10A0A0000E2B044608D1BBF84C209BF84E302C9563
:10A0B000ADF8C1208DF8C33017AD2846DBF82C2051
:10A0C00000230BF15801E0F7BBFD00235046CDE91A
:10A0D0000F5303F023F907FB00F5149B089A9A42EB
:10A0E00001DA204672E7B8F1140F2CD1DAF8042017
:10A0F00013999B1ADAF800207B43891A01EB53016C
:10A100002944D9F8103032461944204604F0D9FFCA
:10A11000DDE91323009621460FA800F07AFFB8F17D
:10A12000140F23D0B8F10E0F08BF02208DF8C8001D
:10A130002BA90698DFF7ECFB149B01331493169BB5
:10A1400001331693C9E7B8F10E0F09D1DAF80420EC
:10A1500013999B1ADAF80020891A07FB0311D0E73C
:10A160003246FF21204605F07CF8D1E70220DDE7EA
:10A17000F76A2C223B897E78099300212BA805F0F1
:10A1800070F89BF850308DF8C0309BF85130C3F315
:10A1900003038DF8D430419B0FCB0FAD85E80F0042
:10A1A00050462B9503F0B5F80A90504603F0B6F8E8
:10A1B0000B90284603F0ADF88046284603F0AEF831
:10A1C000062E9BF84F3004462DD00E2E37D19BF82B
:10A1D0004E30BBF84C208DF8C3300023ADF8C120C1
:10A1E00035460793284603F066F908FB00F208920B
:10A1F000DDF7FCF9DDF77CFD8146DDF7F7F9DDF7EA
:10A20000D3FD03F058F909FB00F3089A9B00B3FB58
:10A21000F2F3A342A8BF234602FB03F09946E6F7F8
:10A22000F1F804463DE09BF84E30BBF84C208DF829
:10A23000C3300023ADF8C12007931525D2E7022BC8
:10A2400094BF002301230F2E07934CD0A6F11103D6
:10A25000DAB20A2A45D80A2B43D8DFE803F04406CD
:10A2600042064242424242420600DDF7BFF9DDF7B4
:10A270003FFD8146DDF7BAF9DDF796FD03F01BF9E6
:10A2800009FB00F308EB48059B00B3FBF5F3A34281
:10A29000A8BF234605FB03F09946E6F7B3F814255B
:10A2A0000446129B0893109B2C944B44013B129341
:10A2B0000FAB8DF8B8502F933A690C92142D14D12E
:10A2C000339302238DF8C83009FB08F304EB4303F2
:10A2D0004FEA4802319312232D928DF8B83017AF10
:10A2E00056E035467EE710257CE70E2D08D1CDE9F6
:10A2F000333802238DF8C830002331942C93EEE7D5
:10A30000284603F0D8F808FB00F02D90E7E70F9AF5
:10A31000CDE91323DAE90012119B15935242129BE7
:10A320001693494213A802F089FC0D9B0C99CDE9C4
:10A3300001B3099B0093CDE90364DDE90A2313A867
:10A34000E0F756FE079BB3B10F99109A119B179136
:10A35000189219935242129B1A934942384602F0BE
:10A360006DFC2D9B0094CDE9035BCDE9014397E89B
:10A370000F00DFF743FE06982BA9DFF7C9FA129BFF
:10A38000089A013310934B44013B9A4205DB129328
:10A39000109B089A9A42BADAA3E6089B1293142DEE
:10A3A000F6D10FA802F0BAFF00FB08F004EB400062
:10A3B0003190EDE72DE9F04FCC69B1B0D4F800B0A1
:10A3C00003900F469146BBF1000F45D0896E51B105
:10A3D000002215A8DFF7C4F9012804D1209D7DB91A
:10A3E00015A8F8F7D9FB39466C2215A80AF09CFB92
:10A3F000236803981C934A4615A9DFF7E1FF2BE079
:10A400006B7803F0F703062BEAD107F158030FCB63
:10A4100009AEB5F808A086E80F00EA88AB88013AD3
:10A42000009200221146013B05A8002502F0DFFB47
:10A430002B46092205A93046009502F0C9FD231DCF
:10A440000FCB86E80F00324605A90DA802F003FCE9
:10A4500028B915A8F8F7A0FB31B0BDE8F08F10229D
:10A46000294611A80AF088FB23680A9A9B88013BB9
:10A4700013930E9B013B9B1A1493206811A9F7F7C5
:10A4800089FD109B0A9A01339B1A12932368DB887B
:10A49000013B1493206811A9F7F77CFD0D9B099AE5
:10A4A000CDE91155013B9B1A1393206811A9F7F7C9
:10A4B00071FD0F9B099A01339B1A119323689B88A6
:10A4C000013B1393206811A9F7F764FD0A9B0E9ACC
:10A4D0000D99D21A099B5846C91ADDF769FF069BE8
:10A4E0000E9A0D99D21A059B0646C91A2098DDF7D7
:10A4F0005FFF83460DA802F011FF80460DA802F011
:10A5000008FFA8457FF76CAF06F1030C002109E0B6
:10A510001BF801301CF804EC13FB0EF31B120CF8B3
:10A52000043C013188420CF1040CF1DC23681B89E6
:10A53000D3441E440135E4E72DE9F0470546A0B0B9
:10A54000904699460C46002939D00B79042B32D815
:10A55000002B42D0236A27694FF4616293FBF2F12A
:10A5600002FB1133002B51D0E16A384601F06CFA3E
:10A57000206005A8DEF728FA236A11934FF4807350
:10A58000CDE91233E37D8DF8643023680C93636961
:10A59000ADF8603022691B0C8DF862301389B2F976
:10A5A0000C201344626A05A9CDE916232846A26847
:10A5B000DFF706FF03E0082BCCD0192B24D0B8F12D
:10A5C000000F7CD0B9F1000F79D04A4641462846A9
:10A5D00020B0BDE8F047FFF757B9CB68002BEED0AD
:10A5E00005A8F8F75EF8E37D8DF83C306369ADF8B7
:10A5F00034301B0C8DF83630E268012305A928465B
:10A600000E93FEF702F8DAE70F69ADE7A3680FCB08
:10A6100001AE86E80F00386801F0C9FA04F1140AA7
:10A6200048B323691A7C082A25D15A7C42F00202D9
:10A630005A74206901F018FA2C220746002105A857
:10A6400004F00FFE9AF802308DF82B30E37D8DF880
:10A650002830A28A2369ADF829200B970D96DB8953
:10A660000E93A368059305A9022328468DF8303080
:10A67000DFF74EF9A3E7E16A206901F0E5F9206010
:10A680003046019F02F045FE0E21DDF71FFE013F1F
:10A6900007442C22002105A8039704F0E2FD9AF854
:10A6A00002308DF82B30E37D8DF82830A28A2368A4
:10A6B000ADF829201A690B920D961B89D0E720B0BE
:10A6C000BDE8F0870A46002104F0CBBDFC290AD87A
:10A6D000022907D910FB01F048F281035843C0F367
:10A6E000C7507047002070472DE9F843089F1D466A
:10A6F0003B6A97F834C0D41A0646FB6AF8690CF036
:10A700000102A1EB0008BBBB3B7E03F0060782B150
:10A71000C7B103F00703022B02D1E00FBDE8F883B5
:10A72000032B01D00020F9E7002CD4BF002001202A
:10A73000F4E7022F06D003F00703012B04D1B8F190
:10A74000000F0FDD0120E9E763B918EB050FF9D41D
:10A75000401AE7D4854203DD291A3044FFF7B2FFDF
:10A760000220DBE718EB050FDCD4411A21EAE17186
:10A77000A942D7DA3046F1E70CF00200002A00F0D7
:10A780009A80BB6A03FB08F2002B4FEAA222C0B2F8
:10A7900005DD94420FDA003818BF0120BEE794426D
:10A7A000F9DC08EB05025343B4EBA32F09DB7A6A0B
:10A7B00004FB02220CE008EB05025343B4EBA32F89
:10A7C00003DDB0FA80F04009A8E77B6A03FB04F2DE
:10A7D00042F3950212F0FF01C8EB222861D03B6BD7
:10A7E000C1F1FF014B431B12B8F1000FC3F1FF028F
:10A7F0000DDB45450BDD5943C1F3472108B9C9437A
:10A80000C9B216F80800FFF761FF06F8080008F162
:10A810000104396B8A4224DCA5423ADD002C38DB86
:10A82000796ABB6A305D514389125143C1F34721B4
:10A83000002B97F83430BCBFC943C9B29A0744BF54
:10A84000C943C9B2FFF742FF305597F834309B0730
:10A850002AD54545FFF666AFB8F1000F80DB4146CB
:10A8600088E7002C0FDBA5420DDD97F83430A2EB12
:10A8700061019807C9B248BFC943305D48BFC9B23A
:10A88000FFF724FF30553B6B0134A542A2EB0302D6
:10A89000BFDC97F834309F07DBD401343FF542AF7B
:10A8A00003E04446FF22B4E70134A542FFF658AF67
:10A8B000291B301952E77B6A5C43002B4FEAA42224
:10A8C000CCBF511C11468845C0B23FF764AF08EBBE
:10A8D00005018A423FF775AF44F38D2EC4F387021A
:10A8E0001C4444F38D29CE454FEA0421AEEB080405
:10A8F00006D0002B80F29480002A39D1013CFF223F
:10A90000002C1FDBA54227DDC1F387211144C1F3D1
:10A91000470108B1C943C9B2305DFFF7D7FE3055D2
:10A9200097F83430980708D5A9EB08018D427FF7D6
:10A93000F9AE0029FFF614AF1CE70134AC42A8BF02
:10A940002C46B5E70028EFD10134AC42A8BF2C4615
:10A95000002C3FF4E7AE03E70028E5D10134AC4218
:10A96000A8BF2C46002C3FF4DDAE7FF7F9AE9FE781
:10A97000002CBB6A49DBC3F1000802FB08F8A542C2
:10A980004FEAA8280ADD08FB02F1C1F3472108B10C
:10A99000C943C9B2305DFFF799FE305597F834309E
:10A9A000796A621E03F002033CB3954221DDC8F1CF
:10A9B000FF08494208FB01F1891208FB01F1C1F3CC
:10A9C00047210BB9C943C9B2B05CFFF77FFEB05451
:10A9D00097F83430990707D59542FFF6C1AE002AA3
:10A9E0003FF4BEAE1146C5E60134A542BFF660AFE6
:10A9F000A8E6002B3FF4A6AEEEE7002B7FF4B0AE46
:10AA0000002D7FF79FAE012452E700287FF4A8AE07
:10AA10000134A542FFF696AE002C7FF4A1AE47E7C5
:10AA2000C2F1FF01BA6A4A434FEAA22E002C04F198
:10AA30000102CEF1FF082DDBA5420BDD0EFB01F17B
:10AA4000C1F3472108B9C943C9B2305DFFF73EFEE3
:10AA500030557B6A08FB03F39B1297F8340095424C
:10AA600000F002002ADD08FB03F3C3F3472108B11D
:10AA7000C943C9B2B05CFFF729FEB05497F834302F
:10AA80009B070ED5A542FFF64DAE002CFFF668AE33
:10AA900021466FE6621C0AD108FB03F39B120022D9
:10AAA000DBE70234AC42A8BF2C46002C5DE71CF06B
:10AAB000020F05D0A542BFF653AE33E60028E1D120
:10AAC0000234AC42A8BF2C46002C3FF42BAEECE77E
:10AAD0002DE9F74F0C9DAC68D5F80CC0A1EB040B29
:10AAE000D5E904E4BEF1B30F0746894616469846F9
:10AAF000A2EB0C0A00F39380B32C00F3FD80BEF1AF
:10AB0000000F07D1944500F36481002C00F082808F
:10AB100001244CE1002C00F01A81A64519DC944573
:10AB200000F3598105F11803009332464346494624
:10AB30003846FFF7D9FD6A69EB68B42A044640F04D
:10AB40001481B34240F31581002C40F00A810024A7
:10AB500002E0944504DD0124204603B0BDE8F08FF7
:10AB60006A6FEB6B0EF1FF3002FB0AF20AFB033354
:10AB700059284FEAA2224FEAA32304F1FF310BD850
:10AB8000002B10DA59294FF0000310D95B3CB22C8E
:10AB900098BF03EAE3730AE0AEF15B0EBEF1B20FB9
:10ABA00098BF03EAE3735929F0D823EAE373D21A72
:10ABB00003EB6201A1EB0B014145A8BF414600290F
:10ABC0000C4629DD05F11803009332460B46384642
:10ABD0004946FFF789FD824618B921463846FFF7F6
:10ABE00071FD4445A8BF444624EAE4742744A8EB19
:10ABF0000408503504EB09010095434632463846B7
:10AC0000FFF772FD044618B941463846FFF75AFD72
:10AC1000A245A1D002249FE74FF0010AE1E7BEF16F
:10AC2000B40F73D0B42C40F39580A64512DC944544
:10AC30003FF778AF66454FF003047FDA5035009553
:10AC40004346324649463846FFF74EFD002C3FF456
:10AC50007EAFB4E09445FFF67EAF6A6FEB6B6FF4A6
:10AC60008770704402FB0AF20AFB03336FF48771AA
:10AC700058284FEAA2224FEAA32321440AD8002BE6
:10AC8000B8BF0023582910D95B3CB22C98BF03EA07
:10AC9000E3730AE0AEF15B0EBEF1B20F98BF03EAB8
:10ACA000E3735829F0D823EAE373D21A03EB620165
:10ACB000A1EB0B014145A8BF414600290C4618DD18
:10ACC00005F15003009332460B4638464946FFF7DC
:10ACD0000BFD824618B921463846FFF7F3FC444580
:10ACE000A8BF444624EAE4742744A8EB04081835B6
:10ACF00080E74FF0010AF2E7BEF1000F23D194453F
:10AD000018DDB42C96D10320033818E094450DDDEE
:10AD1000B42C3FF47FAF002C3FF41DAFB32C0CDDFF
:10AD200050350095FFF7E0FC012448E0B42C36D103
:10AD30000120E9E7B42C3FF40EAF0124E01E18BF58
:10AD40000120440008E794457FF7ECAED9E794452D
:10AD5000EEDCE7E694453FF7E5AEB42CE8D014BB53
:10AD6000D1E7032C7FF456AFCDE75AB99E42BFF628
:10AD7000EBAE002C3FF4EBAE032CD9D0012C3FF40A
:10AD8000EAAE47E7B32A06DC9E42BFF657AF002C77
:10AD90003FF4DDAED2E79E42FFF650AFF7E7002C5E
:10ADA000B1D0B32C17DCB4454FF00304C6DC5035EA
:10ADB00000954346324649463846FFF795FC002841
:10ADC0003FF4C5AE032C9FD0012C7FF423AF0128A4
:10ADD000D5E7002CACD00324B0E72DE9F04F87B0C5
:10ADE0000546DDF8409099F81C80D9F80C00D9F898
:10ADF000186003900F469246D9F80810D9F8102031
:10AE000002911C4618F00108D9F8143004920593F9
:10AE100028D1824503DA002007B0BDE8F08F9A45BB
:10AE2000F9DC06EB010CBC4500F3828007EB040C57
:10AE3000A2EB060EF44505DD3044504539DC9B1B82
:10AE4000534536DBCE1BB442E5DB002E74DAD11B52
:10AE5000481C0028DFDDA0427DDA211A2844FFF7D4
:10AE600031FC78E0824501DA0120D5E79A45FBDC28
:10AE700006EB010C674513DA3044504519DC9B1B87
:10AE80009A4516DCC81B20EAE070844263DBD11BC4
:10AE9000091A01314318A342DFDC00295BDBDDE73F
:10AEA000A2EB060C07EB040EF445EBDA30448245C6
:10AEB000E5DA02A8CF1B02F02CFA834602A802F0C2
:10AEC0002DFA039BD9F82010AAEB03029642CBBFC0
:10AED000B21A801B02F1FF32121ACB68501C33F8F1
:10AEE000129033F810008B68BB4433F812204B6883
:10AEF000ABEB060BF11993448A1AA0EB0909561E15
:10AF00001F18B8F1000F28D0B046DA46A6EB0803A8
:10AF10004B4559DBA242A8BF224622EAE2725C45B9
:10AF2000CCBFABEB0201A11A21EAE171A81896E7A8
:10AF30003044824583DABCE728463146FFF7C2FB3E
:10AF40000498C01B013000287FF765AF844284DC81
:10AF50000EB9844288D002205EE73246D846B31A42
:10AF6000994516DCB9F1000FA8BFCB44A345A8BF93
:10AF7000A3462BEAEB70211A2844FFF7A3FBA6EBAC
:10AF800009010131A142A8BF214621EAE171284609
:10AF900065E7B8F1000F17F801AD08DB444506DDA1
:10AFA00015F808105046FFF791FB05F80800002A35
:10AFB00006DB944204DDA95C5046FFF787FBA854EA
:10AFC000013A08F10108CAE717F8013DBAF1000F8C
:10AFD0006FEA0303DBB20ADBA24508DA15F80A10B0
:10AFE00001931846FFF772FB019B05F80A00B8F1C0
:10AFF000000F08DBA04506DA15F808101846FFF721
:10B0000065FB05F8080008F1FF380AF1010A7DE741
:10B0100070472DE9F7430F4690469946061F0024D6
:10B0200056F8045F25B90134E0B203B0BDE8F083FF
:10B0300000952D680A9B4A4641463846A847002895
:10B04000F3D0022808BF0124EAE710B50379022BE8
:10B0500004460FD1036A6BB11A69002A07DA5868EF
:10B06000E5F7EAF9206ABDE81040E5F7E5B95A6965
:10B07000013A5A6110BDB42B2DE9F3411C46C4BFFF
:10B08000A3F1B40424B2074604F15A0000B20D46FD
:10B090001646E4F7E5FB05EB60182046E4F7E0FB15
:10B0A0009DF82030019306EB601000904346324635
:10B0B00029463846DFF7D4FC02B0BDE8F0812DE91F
:10B0C000F04701F11C0996B006460C4600F1380223
:10B0D000494605A801F0BFFD002873D094F8303030
:10B0E000B56CDB0750D4236A2F68013B0093D6E987
:10B0F0000F23B16B09A801F07AFDD5E9011209A867
:10B100005242494201F09AFD09A93846F6F742FF3A
:10B11000A26A736C0093336CB16B013209A801F021
:10B1200066FDD5E9011209A85242494201F086FDA7
:10B1300009A93846F6F72EFFE369A26A0092013B9F
:10B14000226AB16B09A801F052FDD5E9011209A8E4
:10B150005242494201F072FD09A93846F6F71AFF3A
:10B16000D4E909130093336C226A013109A801F074
:10B170003EFDD5E9011209A84942524201F05EFDA7
:10B1800009A93846F6F706FF0DF13408E26A494688
:10B1900000234046DFF754FD002305A8CDE90383D3
:10B1A00002F0B7F80646E5F72DF9069F04464FEA88
:10B1B0008609089BBB4208DA2046E5F73DF9404680
:10B1C000FFF743FF16B0BDE8F0873246FF21204667
:10B1D00004F047F8059A00963B46214603A8FFF77E
:10B1E00018FF012882461FD0D5E901320599BA1A05
:10B1F000C91A2846F7F76CF80346BAF1000F0FD0CA
:10B20000214604EB060C61450ED011F8010BFF2816
:10B210001FBFDA7812FB00F21212DA700433F2E781
:10B220004A46514604F01DF80137C2E7F0B51C4606
:10B23000036A856963B9B5F5807F27D1C369B3F522
:10B24000807F23D1090221601202059B1A60F0BDA4
:10B25000C36A0669C91A036BD31A4269B5F5807FC0
:10B2600001FB02F206FB1322466A20D1C769B7F53B
:10B27000807F1CD106EBA2062660D0E904425A4327
:10B2800004FB0123826A02EBA302DEE7036BD21AFE
:10B29000C36AC91A436A090491FBF5F11944216094
:10B2A000C369120492FBF3F2836A1A44CDE71202D7
:10B2B00092FBF5F206EBA2062660D0E90424634374
:10B2C00002FB01331B02C26993FBF2F3DAE72DE9BB
:10B2D000F04F89B000260493179D9DF860300390CD
:10B2E0008A469046059337460196169B019A9A42E4
:10B2F00002DB09B0BDE8F08F129B03EB2623191285
:10B3000009D4514507DA139A02EB27225FEA222C6F
:10B3100001D4C44503DB4FF00003EB708CE01C0646
:10B32000D8B254BFC0F17F03A0F180031998039CE9
:10B3300058BF029300FB01FE049848BF029300FB34
:10B340000CEE039870445FFA82F990F802B085F829
:10B3500002B090F801B085F801B014F80EE085F85D
:10B3600000E04FF0FF34EC70059C54BF4FF0FF330A
:10B370000123120659BFC9F17F094FF0FF32A9F12D
:10B3800080090122002C73D003EB010EBEF1FF3FB8
:10B3900061D0D6456CDA02EB0C0EBEF1FF3F54D003
:10B3A000C64565DA19994B43C118C35C8DF818304E
:10B3B000049B91F802C049788DF819105A438318FC
:10B3C0004FF0FF3499785B788DF81D30835C8DF8F1
:10B3D0001E108DF81C308DF81F40079928688DF8D5
:10B3E0001AC08DF81B4002F081F878B98DF81F90D3
:10B3F0002968079802F086F9C0F3072328706B705C
:10B40000C0F30743C0F30760AB70E8700699286883
:10B4100002F06CF880B9029B8DF81B302968069801
:10B4200002F070F9C0F3072328706B70C0F3074374
:10B43000C0F30760AB70E870019B01330193159B6B
:10B440001F44149B04351E444FE759B9013302D001
:10B45000BAF1010F1AD1029BC3F1FF03C3EB03231F
:10B460001B125AE70AF1FF3291420FD1012BF1E78B
:10B47000A9B90133EFD0BAF1010FECD0BCF1000F44
:10B4800013D1013202D0B8F1010FD5D1C9F1FF09B2
:10B49000C9EB09294FEA292985F80390CCE70AF17D
:10B4A000FF308842EAD1012BE7E708F1FF3363451B
:10B4B000C2D1012AE9E72DE9F04F89B01E469DF877
:10B4C000643006939DF86830079302FB06030093EF
:10B4D00006EBD6735B1001930023DDE91749CDE934
:10B4E0000333059002911546189B169AA9EB0303A6
:10B4F0009A4202DC09B0BDE8F08F129B039A03EB7D
:10B50000222C5FEA2C210AD4029B994207DA139B72
:10B51000049A03EB2220031201D49D420FDC4FF06A
:10B52000000389F80030049B159A13440493039A8E
:10B53000149B1A4409F1010902340392D4E71CF068
:10B54000800F5FFA8CF80CBFC8F17F08A8F1800863
:10B550004FEA410AC2B2059F03FB06AA07BF4FEAA2
:10B5600048084FF0FF3E4FEA48084FF0010E000632
:10B570000598504437F80AA0079FA4F800A057BFC9
:10B58000C2F17F02803A52004FF0FF3C44BF5200AC
:10B590004FF0010C002F6BD00EEB010ABAF1FF3F08
:10B5A00057D0029FBA4563DA0CEB030ABAF1FF3FAA
:10B5B0005ED0AA455CDA06FB0CFB069F30F81EA0A5
:10B5C00030F80B00002F40D0019F03FB0711009BB8
:10B5D00007FB0CFC03EB010B5B5C89F800301BF8EC
:10B5E0000CC01BF80E1063451FBFC2F5807E02FB26
:10B5F0000CFC03FB0ECCCCF3072C8B421FBF08FBCB
:10B6000001F1C8F5807E03FB0E11C1F307218C44C4
:10B610004FEA6C0389F80030002B84D021888142E6
:10B6200002D150453FF47FAF02F0FE02E4F7A8F8E4
:10B630002188834608F0FE025046E4F7A1F87F22F5
:10B640005946E4F79DF820806DE7FF2389F8003024
:10B65000E4E7069A8AB3019A5343009AD05CC8F192
:10B66000FF0800FB08F84FEA282889F800805AE70D
:10B670000698C0B1DDE9000703FB0700405CA1B9F3
:10B68000BEF1FF3FEBD002990129E8D0BBB9BCF174
:10B69000FF3F01D0012D18D1C2F1FF024243121227
:10B6A00089F800203FE7FF20E9E7029F07F1FF3A12
:10B6B0008A45EBD1BEF1010FE7E7FF20CFE7691E16
:10B6C000994202D1BCF1010FE5E789F800002AE7B1
:10B6D0002DE9F04FCA6A4E6ACC69D3B0B242134624
:10B6E000A8BF33460290A342D4BF07930794886A49
:10B6F0000B6B83421F460D46A8BF0746096A8F425F
:10B70000D4BF08970891B242B8BF3246A242ACBF3C
:10B71000099209948342B8BF03468B42ACBF0A9397
:10B720000A91029B0DF12C0803F1380207A940464B
:10B7300001F091FA002800F0CD80E869696A88423A
:10B7400005F11C0305F1240B05F12C0A04AC17AE1E
:10B7500019AF0DF16C0940F0C0801946204601F088
:10B76000E2FD94E8030086E803005946204601F014
:10B77000DAFD94E8030087E803005146204601F013
:10B78000D2FD94E8030089E80300189A1A9B9A42B4
:10B7900003DD3946304601F0D3FD17AE96E8C00C04
:10B7A0001C9CAAEB0603E41B5C431B9BABEB070250
:10B7B0009B1B02FB1344002110220FA809F0DCF9A7
:10B7C0000DF1A009E30FCDE900B33A4653463146E7
:10B7D0004846E443DFF744F9E40F1C9B019436AE7E
:10B7E000DDE91712304600931B9BDFF739F91A9AEF
:10B7F0001C9B19999A4206BF0223CDE90023CDE98B
:10B80000003444A81B9BDFF72BF944AB4046CDE93D
:10B810000F96119301F07DFD8246E4F7F3FD074694
:10B8200098E80F0013AC84E80F0095F83630AA8E24
:10B830008DF88B304FF0000B95F83730169107A834
:10B84000ADF889208DF8883095F8439023971D94A2
:10B850002594CDF898B08DF89CB0CDF878B001F073
:10B8600058FD064607A801F059FD3146024605F18C
:10B870003800FEF76DFA09F00F090646002800F0BF
:10B880008980B9F1020F40F08780079AD8F800301C
:10B8900021949B1A026803EB43010A441E924468F8
:10B8A0001C440F238DF88030D8F804B0D8F80C3041
:10B8B0005B4573DA3846E4F7BFFD44A8FFF7C5FBE4
:10B8C00028A8FFF7C2FB36A8FFF7BFFB16B130462A
:10B8D000FEF77AFA53B0BDE8F08FEA6A904211D1D0
:10B8E0001946204601F01FFD94E8030086E8030096
:10B8F0005146204601F017FD94E8030087E8030055
:10B9000059463BE7914213D159462046039301F033
:10B910000AFD94E8030086E803005146204601F042
:10B9200002FD94E80300039B87E80300194625E71E
:10B930001946204601F0F7FC94E8030086E803006E
:10B940005946204601F0EFFC94E8030087E8030025
:10B950005146204601F0E7FC94E80300189A1A9B30
:10B960009A4289E8030003DD3946304601F0E8FCDD
:10B97000189A1C9B9A4203DD4946304601F0E0FCD0
:10B980001A9A1C9B9A42BFF600AF4946384601F00E
:10B99000D7FCFAE6044687E75C4685E75246FF2176
:10B9A0003846CDF850B0CDF858B003F05AFCCDF879
:10B9B00000A0D8F800205B4639460FA8FFF729FB06
:10B9C000B9F1010F8DF890001ED1089B3168ABEBE7
:10B9D000030303EB430288188A5AADF88920827862
:10B9E0008DF88B207268D35C95F837208DF88830FD
:10B9F000FC2A04D813FB02F31B128DF8883002983E
:10BA00001DA9DDF785FF1CE0B9F1020FF7D1002C6D
:10BA1000F5D002280DD1239700235345EFDAE15CDE
:10BA2000FC299FBFFA5C12FB01F21212FA54013397
:10BA3000F3E7012803D123948DF89090DFE70028E5
:10BA4000DDD10BF1010B31E738B5437C0268C3F35C
:10BA500040056FF341030446437453689847637C81
:10BA600065F34103637438BD38B50268137D13F084
:10BA7000080304460DD0437CC3F3400543F00203A2
:10BA80004374536800219847637C65F341036374F2
:10BA900038BD1846FCE7C369014623B1006810B100
:10BAA000836803B1184770472DE9F8460D460646EE
:10BAB00091460021202228469A4603F0D2FB3746C1
:10BAC000002487B924B3237D266813F0040F0CBF2C
:10BAD000534600234A4629462046B04727462F6052
:10BAE0000120BDE8F8863B7DD7F800C013F0040FB5
:10BAF0000CBF534600234A4629463846E04728B142
:10BB00006B7CDB07EBD5002C08BF3C46FF69D8E710
:10BB1000F368EC8103EBD373C3F34F03EB80023381
:10BB2000AB802C60F3682B812B8A6C8123F4FF732C
:10BB300023F0010343F4807343F00103AC812B82B3
:10BB40002046CEE710B51F2988B013462BD940F206
:10BB50001C62914227D0A1F58A521F3A012A22D9AC
:10BB6000A1F5C0520B3A032A1DD9A1F50054A4F146
:10BB70000B02042A17D9283C072C14D9A1F501522D
:10BB80001F3A102A0FD94FF6FF6291420BD04FF6A1
:10BB9000FF02914207D00A466946FFF785FFBDF8CC
:10BBA000040008B010BD0020FBE7C0687047007DAE
:10BBB000C0F3C000704703680A78934209BF4B780E
:10BBC000981A4068C01A704703680A88934209BFF0
:10BBD0004B88981A4068C01A704700880B88C01AB2
:10BBE000704730B1036823B10022C3E91622C3F8BD
:10BBF000D820704720B1C37A017043F00203C372AA
:10BC0000704700B14160704700B18161704700B179
:10BC10000078704700B1007A704708B1D0F8B800DA
:10BC2000704700B1C069704700B1C161704700B191
:10BC30008069704710B9086048607047037803F066
:10BC4000FD03012B02D04FF0FF30F4E7036B0B60D4
:10BC5000406BF1E750B1037803F0FD03012B04D1F1
:10BC600090F8A80000F00F0070470020704738B12E
:10BC7000037803F0FD03012B01D1006F7047002012
:10BC800070470023C1E9003340B1037803F0FD039E
:10BC9000012B01BF836C0B60C36C4B60704718B104
:10BCA000C37A43F00803C3727047F0B50D4687B0FE
:10BCB00001210446F2F707FB10B1002007B0F0BDE8
:10BCC00095E803006E4686E80300022231462046CE
:10BCD000F3F70FFE31462046F3F7C8FF04F11403D3
:10BCE00007460FCB02AD85E80F004FF480112046C8
:10BCF000F2F7E9FA38B12046F3F7ACFA024601460A
:10BD0000284600F08EFF00223146284600F0DFFF73
:10BD100018B9002FD1D02046D0E72046F5F750FCC7
:10BD2000451E002DF5DBA3681B68314653F825003E
:10BD3000FFF7BBFF0028C1D1013DF2E770B588B025
:10BD400004460E46154600211C2201A803F089FA7C
:10BD5000CDE90144C034012201A92046039605958E
:10BD600001F097FD012804D1002201A9204601F02D
:10BD700090FD08B070BDC068E0F7C6BB2DE9F34187
:10BD800005469DF8208016461F460C4621B9002422
:10BD9000204602B0BDE8F0812021F2F794FA50B9B4
:10BDA000002C02DC002FF3DAF1E7002EEFDBB442C7
:10BDB000A8BF3446ECE7B8F1030F28460DD1F4F7DD
:10BDC000BAF868B93743E3D5002CB4BF023C02345B
:10BDD000002CB8BF0334A410DAE7F4F7B3F8F0E7A7
:10BDE0000DF107030DF1060241462846E1F7B0F8D0
:10BDF0009DF80630002BE7D09DF80730002BC7D107
:10BE0000E2E7A0B103290AD00C290FD1436E90F8C4
:10BE1000252064210020C2F1640213B97047036E2B
:10BE2000F5E71844534393FBF1F3F6E7002070471E
:10BE30002DE9F04F036D826C90F82460846E1344FA
:10BE40008FB04FF0000BC26C0365436DCDF808B0A6
:10BE5000CDE903BB134405464365002C00F079810E
:10BE60000023CDE90A334FF48077A046BA4670220A
:10BE7000002140460593F4F7E6FD059B0C9018441D
:10BE800083B205936E2203B2002140460693F4F775
:10BE9000DAFD6F2281460C9000214046F4F7D3FD75
:10BEA000B9F1010FB8BF4FF0010901280C90B8BFDC
:10BEB0000120784307124046F5F74CFB0AFB09F9CD
:10BEC000069B4FEA292A80460028D0D1D5E91401E3
:10BED000BAF1000F08BF4FF0010A0CAA002F82E848
:10BEE000030008BF01272BB9BAF5807F02D1B7F54F
:10BEF000807F0FD0059B5942002301930AAB4FF47A
:10BF00008032009309B292FBF7F30CA892FBFAF28D
:10BF100001F0F1F90C9B83EAE372A2EBE3720D9B53
:10BF2000002BB8BF5B429A424FF01001049B2046A1
:10BF3000CCBF01234FF0010B0493F2F7C4F9C0B951
:10BF40004FF480712046F2F7BEF918B9049B002B1C
:10BF500040F0FF804FF400712046F2F7B4F918B9B1
:10BF6000BBF1000F40F0F5802046F5F7F3FA0446E8
:10BF700073E72046F3F7D7FF10F0010F049B08BFCB
:10BF8000002310F0020F0693049B08BF002310F05B
:10BF9000040F14BFD9464FF0000910F0080F2046D7
:10BFA00014BF5F4600270593F3F7C5FFC8B92046C5
:10BFB000DAF700F982462046DAF754F9804620463F
:10BFC000F3F7C0FF30BB2046F3F7CDFF07902046C4
:10BFD000DAF7A4F8079A002A03462CDC00282ADCAA
:10BFE00042E00DF127030DF1260203212046E0F780
:10BFF000AFFF9DF82630002B9DF827300CBF4FF087
:10C00000FF3A4FF0010A002B0CBF4FF0FF384FF002
:10C010000108D4E70DF127030DF126020C2120467B
:10C02000E0F796FF9DF826209DF82730C2B1ABB906
:10C030004FF0FF330122B9F1000F02D00D99B14248
:10C040002BDA8FB10D98714288420299D8BF2146F0
:10C0500002910399D8BF0C21039105E00123E9E780
:10C06000BBB94FF0FF331A46BAF1000F18DCB8F134
:10C07000000F15DC002A45DC002B39DCB8F1000F7D
:10C080007FF75EAF059B002B3FF45AAF0027B94600
:10C090009BE001234FF0FF32CDE702940C21DBE758
:10C0A000069911B10C99B1421CDA059951B10C985D
:10C0B000714288420299D8BF214602910399D8BFA4
:10C0C00003210391002A2BDC002B0EDCBAF1000FB8
:10C0D000D4DDB8F1000F6DDC069B002B3FF430AFD0
:10C0E000002764E002940321EBE7BAF1000F58DC6B
:10C0F000B8F1000F6FDC002F3FF422AF0D9A7342AE
:10C100009A423EE0002B42DCB8F1000F33DD059B84
:10C11000002B5ED1B9F1000F3FF412AF059F3CE058
:10C12000002B31DCBAF1000FEEDD0027B8F1000F73
:10C1300043DC069B73B30C9B9E422BDC049B002BC1
:10C1400095F8A8300CBF0C22032262F3030385F894
:10C15000A830029B5BB195F8A830039A62F3030301
:10C1600085F8A830029B2B670023C5E91433029899
:10C170000FB0BDE8F08FB9F1000F3FF4E1AE0D9BB9
:10C180009E423FF7DDAED9E7BAF1000FCEDCB8F141
:10C19000000F17DCB9F1000FADD00D9BB342AADB45
:10C1A000CCE7B8F1000F06DC069B002BA3D04FF0C4
:10C1B0000009C0E700274FF00009069B13B10C9B54
:10C1C000B342BBDA059B002BE4D00C9A73429A422F
:10C1D000B3E70027F9E7059B002B8CD00C9A73423C
:10C1E0009342DCE770B5012BDDE9044502DCC61E95
:10C1F000012E07D9013804282BD8DFE800F00C0302
:10C20000221B130000232B608A1A236802EBD272D0
:10C2100003EB620304E000232B6023688A1A1344B3
:10C22000236006E0012B04DD8A1A013B92FBF3F246
:10C230002A6070BD8A1A92FBF3F22B681A442A60B6
:10C24000E3E70133891A91FBF3F1296023680B447A
:10C25000E6E700232B60ECE7136851B1013B002BAC
:10C26000136001DA002070478268126852F82300D8
:10C270007047013313608268118E8B42F5DBF1E762
:10C2800007B51822F4F7DFFB03B05DF804FB07B530
:10C290001922F4F7D8FB03B05DF804FB07B51A22A6
:10C2A000F4F7D1FB03B05DF804FB07B51B22F4F7EC
:10C2B000CAFB03B05DF804FB38B500210546FFF763
:10C2C000DFFF04462846F3F745FA002104442846D8
:10C2D000FFF7DDFF204438BD38B500210546FFF7E4
:10C2E000DDFF04462846F3F732FA002104442846CD
:10C2F000FFF7DBFF204438BD10B500220446F5F7F8
:10C30000EFF820460022BDE810400121F5F7DAB829
:10C3100070B50446164600221D46F5F7E8F831468A
:10C3200020460022F5F7EAF8294620460022F5F7D4
:10C33000ECF820460022BDE870400121F5F7C2B8B4
:10C3400010B500220446F5F7E7F82046F5F702F9A4
:10C35000BDE81040F3F789B92DE9F041089C054686
:10C36000DDE9066718469DF8243011B100222260ED
:10C3700022E0A2F1040C5FFA8CFCBCF1020F03D89E
:10C38000012E084608BF0122BC4607EB86080021A3
:10C39000E0450AD1091A4FF0000C062A0CD8DFE854
:10C3A00002F0092B310B413A33005CF804EB864470
:10C3B0007144EDE7C4F800C0A6464FF0000C06F14A
:10C3C000FF38E04534D806F18042013A54F82200A3
:10C3D00057F8222010442268801A5BB1043C0022E6
:10C3E00054F8043F57F82210EB1A01325B1A9642B8
:10C3F0002360F5D1BDE8F081691A01EBD1714910D4
:10C400002160D9E7691AFBE7691A701EC4F800C0F9
:10C4100091FBF0F0D0E7691A91FBF6F000EBD072D7
:10C420005210A4E7691A701C91FBF0F02060C3E77A
:10C4300057F82C10DEF800200A4402444EF8042F6E
:10C440000CF1010CBDE72DE9F041069F04461546AD
:10C450001E460FB100233B600022204601F0B6FBD0
:10C4600038B93B46324629462046BDE8F04101F046
:10C47000D6BABDE8F08138B5846C0546B4B1206801
:10C4800020B101F0ABFA2068E3F7D6FFE06908B10C
:10C49000F5F76FFD206A08B1F5F76BFD6068E3F70B
:10C4A000CBFF2046E3F7C8FF0023AB6438BD38B5A7
:10C4B0008D6C0C462DB1286C18B1F5F75AFD002390
:10C4C0002B642046BDE83840FFF7D5BF10B50446C1
:10C4D000806C20B94420E3F79DFF00B1A06410BD3B
:10C4E00070B503681B6A05460E469847044678B146
:10C4F0002B6832465B690146284698472046AD695D
:10C5000000F09DF83146A847204600F0B0F8012021
:10C5100070BD2DE9F041036815465F6A134600229D
:10C5200004460E46B84701280FD10020BDE8F0812F
:10C5300029462046FFF7D4FF0028F6D023680022C2
:10C540005F6A31462B462046B8470228F0D0236860
:10C550002A46314620461B69BDE8F041184782B0A3
:10C560002DE9F04106AE054646F8043F03688846CB
:10C57000174698470023C0E90058C360876000F160
:10C580001003044696E8070083E8070020466B681E
:10C590009847054618B92046E3F74EFF2C4620463B
:10C5A000BDE8F04102B0704710B5C46814B900246A
:10C5B000204610BD0368DB68984704460028F6D083
:10C5C00000F040F8F4E770B50C46064611462046E8
:10C5D000154600F03DF8204600F02DF870B92046D1
:10C5E00000F02BF850B12046B66900F028F8294633
:10C5F000B0472046BDE8704000F039B870BD10B5B6
:10C60000836813B90024204610BDFFF782FF04465B
:10C610000028F7D000F016F8F5E78068003818BF5A
:10C620000120704700B1016270474368013B23EA73
:10C63000E3734360704740687047007B70478368CE
:10C64000C01A70474368013343608368C01A70475B
:10C6500043680BB1FFF7E9BF7047084470471030DB
:10C6600070470023016082604360037370478368F2
:10C67000C01AE3F7E1BE10B10368DB6918477047E1
:10C6800038B51446054698B149B98368EA68144438
:10C690006018984294BF00200120400038BDC36B51
:10C6A00008469847AB6883420146EFD20120F5E780
:10C6B0000320F3E7012070470068704770B50D460E
:10C6C000096804461646303079B901F0D2FB28607B
:10C6D00050B1036860681D69FFF7C1FF2946024633
:10C6E000304602F0EEFC012070BD01F0C8FBEEE721
:10C6F000F8B500F130070646384601F0BDFB0446A8
:10C7000010B905462846F8BD236871681869FFF717
:10C71000A4FF0546FFF78FFF0028F3D021463846D7
:10C7200001F0B1FBEBE72DE9F0410D46044618B9E5
:10C7300000263046BDE8F0810029F9D000F130072D
:10C74000384601F096FBD0B9294604F1240001F0E7
:10C750009EFD05460028EBD0E26A03691344384683
:10C7600053F8046C01F085FB31460246384601F06F
:10C7700099FB61682869BDE8F041FFF76EBF036867
:10C780006168D3F810804046FFF767FF23690646CB
:10C790002946404698470028D6D1CAE72DE9F041FE
:10C7A0000F46054670B100F13006304601F061FBDE
:10C7B000044648B905F1240001F05DFE304601F061
:10C7C000A4FBEC60BDE8F08123686968D3F81080B1
:10C7D0004046FFF742FFFFF72EFF18B9AB69394615
:10C7E000404698472146304601F049FBE0E72DE9F5
:10C7F000F0419046044668B361B300F1240738461F
:10C8000001F045FD054628B30669A3694146304657
:10C810009847E36B30469847E36861681B1AE3600A
:10C820003046FFF71AFFE26A2B691344294653F892
:10C83000048C0646384601F0CCFD3046FFF717FF62
:10C8400004F13000414601F0D4FA4046BDE8F04121
:10C85000E3F7F2BDBDE8F081F8B5044610B309B3C3
:10C860000846FFF7ECFE04F124070146054638466A
:10C8700001F00DFD0146A8B1E26A03691344384690
:10C8800053F8046C01F0A5FD314604F1300001F0CD
:10C89000B0FA3046E3F7D0FDE36B28469847E368EB
:10C8A0001B1AE360F8BD2DE9F3410D46044620B99B
:10C8B0000026304602B0BDE8F0810029F8D000F132
:10C8C0002408404601F0F9FC0090B0B106696168A7
:10C8D0003046FFF7C2FE626829460746304602F03E
:10C8E000F0FB04F1300001F024FA0646019098B9FB
:10C8F0000099404601F0B3FD0096009B002BD7D075
:10C9000061681869FFF7A9FEE36B06462846984759
:10C91000E3680344E360CCE76946042202F0D1FBFC
:10C92000009BE06A1B69042204380DEB02011844E5
:10C9300002F0C7FB626821463846FFF792FEDCE74B
:10C9400010B54020E3F75EFD044618B140220021F7
:10C9500002F087FC204610BD08B502460B46127A4D
:10C960001B7A406849689A420ED1012A08D102F028
:10C97000E8FC002801D1002008BD06DD0120FBE70E
:10C98000002AF8D18842F6D0F8D84FF0FF30F3E70C
:10C9900038B5C568044610212846F5F7C0FB10B12C
:10C9A0002846F5F7E6FA237A012B04D16068BDE842
:10C9B0003840E3F741BD38BD08B502460B46127951
:10C9C0001B79006809689A420ED1012A08D102F049
:10C9D000B8FC002801D1002008BD06DD0120FBE7DE
:10C9E000002AF8D18842F6D0F8D84FF0FF30F3E7AC
:10C9F0000379012B02D10068E3F71EBD704713B520
:10CA00004FF48063009304460023026B406B194689
:10CA100001F077FB626AE36A9B1A584302EBA0209D
:10CA200002B010BDF7B51F464FF48063009300239A
:10CA300004460D4616461946026B406B01F061FB39
:10CA4000089B009332463B46294601F061FA626A30
:10CA5000E36A9B1A584302EBA02003B0F0BD30B547
:10CA600042F2107542F2F674A84294BF0346234680
:10CA70000533A94294BF08462046AA4298BF1446EF
:10CA80000A22B3FBF2F303F100430530B0FBF2F0EE
:10CA900003EB80230534B4FBF2F003EB005030BD10
:10CAA00007B54FF4806300220093114640F25123F2
:10CAB000FFF7B8FF03B05DF804FBD0E90C329A42EF
:10CAC000ACBFC06A406A704707B5B0F94E300093FA
:10CAD000B0F94C30B0F94A20B0F94810FFF7A2FF86
:10CAE00003B05DF804FB016070474160704701636B
:10CAF00070474942416370474FF00043C0E90A3232
:10CB00004162704701627047C160704701617047C0
:10CB100041617047C16370478163704741647047EA
:10CB20000164704790F85C3061F3041380F85C3066
:10CB30007047C1617047A0F84C30BDF90030A0F8D3
:10CB40004810A0F84A20A0F84E307047002817DAA5
:10CB5000891A0029B8BF4942642359430A22C0F305
:10CB60000903B1FBF3F1C0F3095353439942C0F3F6
:10CB7000892002FB00F028BF1946884238BF0846CA
:10CB8000704770B5456AC66A04463246006B29464E
:10CB9000FFF7DCFF324620632946E06BFFF7D6FF44
:10CBA0003246E0632946A06BFFF7D0FF3246A06310
:10CBB0002946206CFFF7CAFF206470BD30B50568B8
:10CBC000836840680A685B1B03EBD37300EB630068
:10CBD00005EB63055C104B681B1A521B5B436443F7
:10CBE00002FB0232944234BF0020012030BD83603A
:10CBF000009BC360C0E90012704703681944013903
:10CC000081607047436819440139C1607047836887
:10CC100002689A1AC3684068181A013002FB0000C3
:10CC2000704703685B1A036083680B448360436842
:10CC30009B1A4360C3681344C360704703680B4486
:10CC4000036083680B448360436813444360C36894
:10CC50001344C360704770B515680B689D42B8BF38
:10CC60001D4605604C685368A342B8BF2346436025
:10CC700094688E68B442A8BF34468460D268C9689C
:10CC80008A42A8BF0A46A542C26004DC9342CCBFD8
:10CC90000020012070BD0020FCE710B50B6814686F
:10CCA0009C42D4BF0460036054684B689C42D4BF6C
:10CCB0004460436094688B689C42ACBF846083602E
:10CCC000D268CB689A42ACBFC260C36010BD2DE988
:10CCD000F04F0C680568AC4285B00E4660DBD0F8BA
:10CCE000088044455CDC4C684768BC4258DBD0F89F
:10CCF0000C904C4554DC002A03DC012005B0BDE853
:10CD0000F08FA8EB0504A9EB070001340130641093
:10CD100040108442A8BF04469442A8BF1446009520
:10CD20000022254407EB040A6846CDE90175CDF8D9
:10CD30000CA0FFF7CCFF024630B12C4402943146E0
:10CD40006846FFF73BFFD9E7A9EB040B314668467D
:10CD5000CDF804B0CDF80C90FFF7B9FF024628B12A
:10CD600025440295ABEB04040194E8E7A8EB040525
:10CD7000314668460095CDF80880FFF7A8FF0246C7
:10CD800010B12D1B0095EDE7314668460197CDF8AF
:10CD90000CA0FFF79CFF0028AFD02D1B0095CEE71D
:10CDA0000020ABE702688B689A420EDC82680B6851
:10CDB0009A420ADB4268CB689A4206DCC0684B683C
:10CDC0009842B4BF002001207047002070472DE931
:10CDD000F34107680B689F420C46154603DA0020B2
:10CDE00002B0BDE8F081436849688B42F7DB866892
:10CDF000A1688E42F3DCD0F80C80E1688845EEDC57
:10CE0000FAB169462046CDE90073FFF760FF0028BC
:10CE1000E5D02A46694620460096FFF758FF0028CD
:10CE2000DDD02A4669462046CDE90078FFF74FFF5E
:10CE30000028D4D02A46694620460096FFF747FFCF
:10CE4000CEE70120CCE72DE9F0410C46054611461E
:10CE500020461646FFF7A6FF002875D00022204680
:10CE6000FFF7B5FF002872D167687368D4F808C06F
:10CE7000D4F800E0E168BB42ACEB0E02A1EB070185
:10CE800006DDC5E900E7013BC5F808C0EB600120FD
:10CE9000F3686768DF1BC91B002914DDE768BB4224
:10CEA00011DA4FEA00182768D4F808E045F808704E
:10CEB00000F1010C05EB00105F1C0B44C0E9017E82
:10CEC000C3604FFA8CF061687368E7689942B8BF35
:10CED0001946F3689F42A8BF1F468C463368A7EBEC
:10CEE000010E21688B421ADDBEF1000F15DB4FEAFF
:10CEF000001800F1010E013B05EB001045F8081089
:10CF0000C0E90237C0F804C0B3682168591A521A40
:10CF10004FFA8EFE002A704609DCBDE8F081B36846
:10CF2000591A521A002AF8DDBEF1000FF5DB411C38
:10CF3000040105EB00105E1C13442E51C0E90237BA
:10CF4000C0F804C048B2E8E74FF0FF30E5E7002042
:10CF5000E3E72DE9F34186680B689E420C461546CF
:10CF600034DBD0F80C804B6898452FDB07688B6862
:10CF70009F422BDC4368C9688B4227DC1AB900202A
:10CF800002B0BDE8F08169462046CDE90073FFF7A5
:10CF90009EFE0028F3D12A46694620460096FFF7F8
:10CFA00096FE0028EBD12A4669462046CDE9007856
:10CFB000FFF78DFE0028E2D12A46694620460096FA
:10CFC000FFF785FE80F00100C0B2D9E70120D7E766
:10CFD0002DE9F74FD1F80090D1F80C80D1F804A0DA
:10CFE00001938B68A8EB0A04A3EB090E023AD0E97F
:10CFF00000650EF1010C671C132A00F2B180DFE816
:10D0000002F01F3B40455358630A686C7A8387954A
:10D010009A9DA0A3A7AB83689B1B013303EBD3723C
:10D020000CEBDC735B10C3EB6203C268521B013272
:10D0300007EBD77402EBD2726410C4EB62040AE00F
:10D0400083689B1B013303EBD3720CEBDC735B1027
:10D05000C3EB62030024019A334413440C9A0B601F
:10D060002C4414444C6063443C44013B013C8B60C1
:10D07000CC6003B0BDE8F08F83689B1BA3EB0E036D
:10D08000E8E7C3685B1B1C1B0023E4E783689B1B6A
:10D09000013303EBD3720CEBDC735B10C3EB620365
:10D0A000C268521B141BD6E783689B1BA3EB0E03BD
:10D0B000F6E7C3685B1B013307EBD77403EBD3734D
:10D0C0006410C4EB6304DFE783689B1BA3EB0E03D0
:10D0D000ABE76FEA08045444D6E783689B1B01332F
:10D0E00003EBD3720CEBDC735B106FEA0804C3EB49
:10D0F00062035444AFE783686FEA08089B1BA3EB05
:10D100000E0308EB0A04A6E7C468641B0134BBE7FE
:10D1100083689B1B013303EBD3720CEBDC735B1056
:10D12000C3EB6203C468641B013494E783689B1BF0
:10D13000A3EB0E03F6E7DB434B448BE7DB434B44A7
:10D1400073E7DB434B44ABE783689B1B013381E709
:10D1500083689B1B013368E783689B1B01339FE750
:10D160000024234677E72DE9F04F85B08B469DF8E4
:10D170004010029199460746DDE90E3812B9B9F51B
:10D18000807F09D03E463C4600255D4504F10804F9
:10D1900008D18ABB14462AE0B3F5807FF2D105B0EE
:10D1A000BDE8F08FD8F8000054F8081C091A44F8BC
:10D1B000081CD8F8040054F8041C091A44F8041C8C
:10D1C0000135E2E756F8082C02FB09F1D8F80020F7
:10D1D00002EB212246F8082C56F8042C02FB03F13E
:10D1E000D8F8042002EB212246F8042C01345C45D7
:10D1F00006F10806E6D1D2E7B2F5616F52DDA2F57D
:10D2000061626FF009000A2192FBF1FA00FB0A2427
:10D210000FFA8AF00E93E2F723FB0AF10105019061
:10D2200028B2E2F71DFB05460AF15A0000B2E2F708
:10D2300017FB03900AF15B0000B2E2F711FB019BC0
:10D24000039AC4F10A0C654303FB0C5544430E9B3F
:10D250000A2102FB0C4495FBF1F594FBF1F46D11EE
:10D260006411002058459AD0B9F5807F57F830A056
:10D270007168D8F800C01AD1B3F5807F17D10AFBC6
:10D2800004FE01FB15EE0CEBAE2C47F830C06143F9
:10D29000D8F804200AFB051102EBA12272600130CC
:10D2A0000836DFE7002AB8BF02F56162A9E7029AF3
:10D2B00092B10AFB09F2594302FB04FE01FB15EE91
:10D2C0000CEBAE4C614347F830C002FB0511D8F8B7
:10D2D000042002EBA142E1E70AFB04FE01FB15EE8C
:10D2E00009FB0EFE61430CEBAE4C0AFB051147F83F
:10D2F00030C05943EBE71FB59DF81C400294069CD3
:10D30000CDE9003413460A460121FFF72CFF04B093
:10D3100010BD83680068181A01307047C368406800
:10D32000181A01307047D1E90012C0E900127047A5
:10D33000D1E90012C0E900127047C0E9001270473D
:10D3400030B50246D0E900540B46D1E9000182E82D
:10D350000300C3E9005430BD00F0C043B3F1005FE7
:10D3600012D120F0C0436FF0604293420CD0B3F171
:10D37000805FA2BFC3F17F6303F57F2303F6FF73D2
:10D380004B43642093FBF0F07047002310B5C0E9D5
:10D3900001310446C26002FB01F0E3F733F80123D8
:10D3A0002060237410BD10B50446006828B1237CAA
:10D3B0000BB1E3F741F8002323600023C4E90133F4
:10D3C00010BD70B5067C04460D4616B900263046E1
:10D3D00070BDC16800686943E3F738F80028F5D0EC
:10D3E00063682060AB42A56088BF6560EFE738B531
:10D3F0000D46D0E901139942044609D0D4E900034F
:10D40000E26803FB02004DB9294601F02AFF08E05B
:10D410000431FFF7D6FF0028F0D138BD294601F0CE
:10D4200050FE6368013363600120F6E743688B4276
:10D4300083BFC368006803FB01000020704770B51C
:10D44000C468D4E90056E2F79DFC2046E2F7F4FFF9
:10D4500030462B46BDE8704018471FB502460023F2
:10D46000C0B2C2F3072460F3070364F30F23C2F3CF
:10D47000074262F3174361F31F63184604B010BDFF
:10D48000030A420902F4FC6203F478431343C0F335
:10D49000C400184482B080B202B0704700F47F022A
:10D4A0000346C0B200F17F40104403F47F4382B0D2
:10D4B000184402B0704708B5E2F74CF90730C0F3E2
:10D4C000C70008BD00F47F0382B013FA80F002B0F9
:10D4D000704707B5FFF7F6FF02460846FFF7F2FF71
:10D4E000131A5842584103B05DF804FB431A5842DE
:10D4F00082B0584102B070470346DAB2002062F3AE
:10D500000700C3F3072262F30F20C3F3074382B07F
:10D5100063F3174002B07047002362F3070361F31F
:10D520000F2360F3174382B0184602B0704713B55B
:10D530000446002062F3070061F30F2064F31740F4
:10D5400063F31F6002B010BD4FF6FF73DAB2002024
:10D5500062F307001B0A63F30F2082B040F47F00E0
:10D5600002B0704782B0002002B07047C178FF2936
:10D5700012D011B9042201F074BE827812FB01F2BC
:10D5800012128270427812FB01F21212427002787B
:10D5900012FB01F2121202707047FF2910B40A4602
:10D5A0001AD019B910BC022201F05BBE01880378C1
:10D5B000C1F3451103F01F0311FB02F113FB02F34A
:10D5C00009121B1243EA41134178C90811FB02F109
:10D5D000091243EAC121018010BC7047C0F3074320
:10D5E000C0F3072203EB830103EB410302EB82014B
:10D5F000C1EB011102EB4102C3EBC303C0B2134400
:10D60000C0EBC00003EB800082B0C0F3072002B083
:10D610007047C0F34512C0F3C42302EBC20101EB13
:10D62000011103EB830300F01F0002EB8102C3EB47
:10D63000C313C0EBC000134400EB40101844C0F308
:10D6400007207047837803EB830203EB42034278A1
:10D6500002EB8201C1EB011102EB4102C3EBC303F8
:10D6600013440278C2EBC20203EB8200C0F307202E
:10D670007047C0F30743C0F3072203EB830103EBBA
:10D68000410302EB8201C1EB011102EB4102C3EB4A
:10D69000C303C0B21344C0EBC00003EB800082B0F0
:10D6A000C0F3072002B07047F0B5C1F30723154659
:10D6B0000746C2F1FF02C1F30744C9B2844654438E
:10D6C0005343FFB24A4348F28106CCF3072C07FBD1
:10D6D0000522C0F307400CFB0533724300FB0544F1
:10D6E0007343C2F3C7520020744362F30700C3F3CD
:10D6F000C75363F30F20C4F3C75485B064F31740D6
:10D7000005B0F0BDF0B585B0B0F17D4F0091C5B268
:10D71000C0F3072CC0F307474FEA10664FEA1161C8
:10D720001ED2022E9DF800E09DF801209DF80240D7
:10D7300021D9C6F1FF035C435A4303FB0EF348F2C1
:10D74000810007FB064406FB0C2206FB053344431D
:10D7500042434343C4F3C757C2F3C75CC3F3C7553F
:10D76000002065F307006CF30F2067F3174061F3A7
:10D770001F6005B0F0BD754694462746F0E7C0F33C
:10D780000742034602EB4202C0B202EB8002C3F33F
:10D790000720104482B0C0F3C70002B070471FB525
:10D7A000B0F17D4F01904FEA10634FEA116201D250
:10D7B000022A02D8019B039302E0022B13D80391A3
:10D7C0009DF80C30002063F307009DF80D3063F3E3
:10D7D0000F209DF80E3063F317409DF80F3063F370
:10D7E0001F6004B010BDFF2A04D104B0BDE8104092
:10D7F000FFF788BFC3F1FF04C2F1FF0254436FEA91
:10D800002424E4B2C3EB0323B3FBF4F38DF8073015
:10D810000198FFF777FF02908DF80B40029BCAE753
:10D820002DE9F0410026D0F80480044635464645EF
:10D8300005D1CDB92046BDE8F041FFF7B4BD314672
:10D840002046FFF7F3FD294607462046FFF7EEFD89
:10D85000034638688268D20303D5E2F7EDFD01364E
:10D86000E5E718600135FAE729462046BDE8F041B2
:10D87000FFF7A7BD38B5037D13F00105044607D1B6
:10D880009B0705D5FFF7CCFF237D65F34103237587
:10D8900038BD2DE9F0470D4686B090460446002875
:10D8A00039D00E7E16F0010650D18446BCE80F0038
:10D8B00001AF0FC7DCF800303B60237D03F0010AA5
:10D8C00043F00103237589464E4521D02B7EDB07AB
:10D8D0001ED431462046FFF7A9FD01680B680BB93D
:10D8E0000136F1E78B68D803FAD4C3F3C03242455E
:10D8F000F6D133F4004302D0AA689A42F0D14B68C3
:10D90000EB600B68284698472B7E13F0020704D083
:10D91000BAF1000F07D001270CE0DA07E0D5BAF121
:10D92000000F04D006E02F7E17F0010706D001A8F3
:10D93000FFF776FF384606B0BDE8F087237D6AF32F
:10D94000000323752046FFF795FFE4E70027F1E782
:10D95000F7B504460C201D460F461646E2F752FD69
:10D9600001900760019BC3E90156636823B9042253
:10D9700001212046FFF709FD01A92046FFF737FDE9
:10D98000019803B0F0BD70B5466804460025B54265
:10D9900004D12046BDE87040FFF76CBF2946204601
:10D9A000FFF744FD237D026843F00203237593686B
:10D9B00043F4803393600135E9E7006870474068BD
:10D9C0007047806820F40040704700697047C06865
:10D9D0007047037E43F002030376704738B5044670
:10D9E0004068C0B10369C3B12168984763685A6849
:10D9F000054652B1A36843B1013203D0D86808B1DB
:10DA0000E2F71AFDA068E2F717FD0023C4E900332E
:10DA1000A360284638BD0B25FBE70925F9E72DE96A
:10DA2000F04F044685B08B461546994613B1002346
:10DA3000C9F800306068002800F0C4804768466973
:10DA400017B3002E00F0C080D0F81CA0BAF1000F70
:10DA500000F0BA80A26800230293D2E900C1966860
:10DA6000D2F80C80664524D2216800233246D04784
:10DA7000AF427DD2606802AB0093466921682B46B5
:10DA80005A46B047074653E0002E00F09D8002AB97
:10DA90000093029721682B465A46B0470746B9F1D2
:10DAA000000F02D0029BC9F80030384605B0BDE82F
:10DAB000F08F8E42D8D88A1B0131561CA1EB0C0185
:10DAC000891B7B1C414402D1B54202D91546AE42A6
:10DAD0000BD32A46584601F0F4FA0295A26802993F
:10DAE00093680B4493600027D9E73246584601F00B
:10DAF000E8FAD4E901035A68D0F81CA02168002391
:10DB00000132D0470023A5EB060A0393574503AB28
:10DB100060680093B3440ED24769216853465A4661
:10DB2000B8470746039B1E44AE4294BF0296029537
:10DB3000002FB4D1D2E7436921689C4642463B4658
:10DB40006746B847A268536801331360A168039A17
:10DB50000B689245074602F1FF30034428BF924606
:10DB60004B601FFA8AF24146584601F0AAFAD9E7FB
:10DB7000B8F1000F09D13846D4F80880E2F742FC2A
:10DB8000C8F80C00A368D3F80C80606800230393E6
:10DB900003AB00932168D0F814A03B464246D0471F
:10DBA000A3681E60A168039A0B680746501E0344D1
:10DBB000AA424B6028BF2A4641465846029201F0CD
:10DBC00080FAB5E70B2770E709276EE737B50446FB
:10DBD00040681346002830D04268C56922B10DB1B3
:10DBE000026A52B909200EE0002DFBD00A462168D6
:10DBF000AC4603B0BDE830406047012B08D0022B93
:10DC00000BD013B1002003B030BDA3689960F9E7D1
:10DC1000A26893680B449360F4E70A462168A8471A
:10DC20000028F0D160682168036A01AA984700289B
:10DC3000E9D1A368019A9A60E5E70B20E3E72DE9B3
:10DC4000F041054690460E46002946D0087878B146
:10DC50004B783A2B14BF4F1C8F1CE1F7D5FD0446BF
:10DC600000283CD083682BB9E3684BB9092005E054
:10DC70000F46F2E798470028F6D10120BDE8F08171
:10DC80006C606368013309D0E36842463946204638
:10DC90009847431E033302D90C20EFE7284628603B
:10DCA00063680BB90020E9E71020E2F7B3FBA86036
:10DCB000636801330AD17368C360AA6800231360E4
:10DCC000AA689360AB68B2685A60EBE74FF0FF3325
:10DCD0000360AB686FF00102F6E70B20CEE703208C
:10DCE000CCE72DE9F04180461C200F4615461E4624
:10DCF000E2F790FB044640B1C0E90087C560866149
:10DD00001DB12846E2F786FBA0602046BDE8F08101
:10DD100009B10368CA50704711B1036819444A60D9
:10DD200070470331002321F00301C0E90133016092
:10DD3000704738B5044600680830E2F763FB0546D3
:10DD400080B1014600222046FFF7E2FF6268FFF73C
:10DD5000E3FF616811B12A46FFF7DAFFA368656047
:10DD600003B9A560284638BDF8B50E46054668B12A
:10DD700061B14368994203D1BDE8F840FFF7D9BFCC
:10DD800000680830E2F73EFB044610B90024204644
:10DD9000F8BD2B68F758024639462846FFF7BCFF06
:10DDA0003A462146FFF7B4FF22463146FFF7B0FF5F
:10DDB00032462146FFF7B0FFE9E738B5054600686F
:10DDC0000830E2F71FFB044688B1014600222846CE
:10DDD000FFF7A2FF2146AA68FFF79AFFA96811B1D1
:10DDE0002246FFF799FF6B68AC6003B96C60204670
:10DDF00038BD38B50B4640B1D0E90014A3420AD172
:10DE00000B445968416009B9816038BD0022BDE802
:10DE10003840FFF77DBF85685C58AB4209D184600C
:10DE20000CB94460F1E721460022BDE83840FFF715
:10DE300073BF0B4421465D682A46FFF76DFF2246FB
:10DE40002946E4E7F8B50E46054608B1446804B92A
:10DE5000F8BD2B6823445F6846B928462146FFF782
:10DE6000C8FF2046E2F7E8FA3C46F0E72046B04714
:10DE7000FAE700B14068704700B1806870470368F6
:10DE80001944486870470368C8587047034640B152
:10DE90004268002002B9704719680A44013052688C
:10DEA000F8E77047914270B50C4615461BD0DAB1C1
:10DEB0000368D658A64216D02146FFF79AFF22469D
:10DEC0003146FFF729FF32462146FFF721FF224660
:10DED0002946FFF71DFF2A462146FFF71DFF05B91A
:10DEE000846006B9446070BD08B18668E2E7064602
:10DEF000E0E730B1436833B98068B0FA80F0400998
:10DF0000704701207047002070470021FFF79ABF3B
:10DF10002DE9F74F0546002800F08680B0F5806FA8
:10DF200000F082805E1A0C9B9B1A01EB410806EB05
:10DF3000460603EB430302EB4207DA1BA6EB080994
:10DF4000C6F58066009206FB00F209EBA22C00FBEE
:10DF50000CFC08EBAC2C00FB0CFCC3F58063C0EBA5
:10DF6000AC2C01930CF10103022B61D94FEA490B50
:10DF700004464FF0080A02EB42020BEBA222624376
:10DF800008EBA222531C022B0FD94FEAEC71890235
:10DF9000D3174FEA8C2041EA9C51D2F7B1F820B157
:10DFA000BAF1010AA4EB000424D1002D42DBB5F53F
:10DFB000806F41DC2C464FF48061002204FB06F3A5
:10DFC00009EBA323634308EBA32363439812C5EB38
:10DFD000A3230133022B1DD98542CCBF2246214603
:10DFE0008C1A04EBD47402EB6404A24212D0914266
:10DFF000E4DC0FE004FB06F209EBA22C04FB0CFCB2
:10E0000008EBAC2C04FB0CFCC5EBAC2C0CF10103B5
:10E01000022BB0D8019B009A634302EBA323634316
:10E0200007EBA3276743BD12284603B0BDE8F08F76
:10E030000446EFE70024EDE74FF48064EAE70028A8
:10E04000BABF4042012300230029BEBF4942023328
:10E05000DBB22D22884289BF514350431033B1FBBC
:10E06000F0F198BFB0FBF1F1CAB288BFDBB2162A5B
:10E0700016D92C2A1FD8292A1FD8252A1FD8202A8A
:10E080008CBF03200420DA06084448BFC0F15A00C0
:10E0900003F001029B0717D59AB1B43080B27047E4
:10E0A000012A08D9052A08D9092A08D90F2A34BF14
:10E0B00003200420E7E70020E5E70120E3E7022052
:10E0C000E1E7C0F1B400E9E7002AE7D0C0F5B47099
:10E0D000E4E730B503460C460120002102B930BD0B
:10E0E000D50741BF00FB04F503FB0155A0FB03016D
:10E0F000491903FB04F5A3FB0334521004EB450458
:10E10000ECE710B58A4204461846029B04DBA242A3
:10E110000EDDA14204DB10BDA24209DAA142FADD04
:10E120001B1A641A5C43521A94FBF2F42044F2E77F
:10E130001846F0E75A3000B2E1F792BB4B689A6894
:10E140004A6002B111600A681A601AB903609960E6
:10E150000B607047906888420CBF93605360F6E78D
:10E160008B685A688A6002B111600A681A601AB92D
:10E17000036059600B607047506888420CBF536061
:10E180009360F6E738B50546144611B10B7B012BB9
:10E1900039D10B4629688B4234D06168994235D118
:10E1A000A1680B7B3BB901220A73284621462373E1
:10E1B000FFF7D6FFA168D1E9012312B1107B012836
:10E1C00009D113B1187B012805D100230B732368F3
:10E1D00021461C46DAE713B11B7B012B07D1012333
:10E1E000137300230B732846FFF7A8FFA168237B56
:10E1F0000B73012323738A68284613732146FFF7A4
:10E20000AFFF296809B101230B7338BD0B7B3BB904
:10E2100001220A73284621462373FFF78FFF6168A6
:10E220004B6813B11A7B012A11D18A68002ACCD01D
:10E23000107B0128C9D013B11B7B012B07D101230F
:10E24000137300230B732846FFF78AFF6168237B53
:10E250000B73012323734A68284613732146FFF783
:10E260006DFFCEE7F8B50E461446054650B151B1E4
:10E27000002752B10C22394600F0F3FFC5E90076C1
:10E28000AC600120F8BD0846FCE71046FAE770B51F
:10E290000E46054610B90024204670BD0468002CC7
:10E2A000F9D06B682169304698470028F4D0D4E94A
:10E2B0000132A8BF13461C46F1E72DE9F84F894605
:10E2C000054688B1FFF7E3FF044670B91420E2F772
:10E2D000A1F8044640B1A868E2F79CF880462061A6
:10E2E00030B92046E2F7A8F800242046BDE8F88FB0
:10E2F0000023C4E9013323732B6823B92C60236006
:10E3000001232373F1E7C4F810902F683E46BEB98D
:10E31000276026736B6839694846984700281BDADE
:10E320007C6027464FF001094FF0000A396809B1B7
:10E330000B7B9BB12B6801221A73C4F81080D4E7C1
:10E340006B68316920699847D6E90123374612EA9C
:10E35000200638BF1E46DAE7BC60E2E70E68736845
:10E3600099421ED1B3684BB11A7B3AB901221A7394
:10E3700081F80C9086F80CA03746D7E7D1F808B0A2
:10E38000BB4504D12846FFF7EBFE0F46594681F8FE
:10E390000C90284686F80CA03146FFF7CFFE3E468B
:10E3A000EAE723B11A7B12B983F80C90E0E7D1F8C1
:10E3B00004B05F4504D12846FFF7C0FE0F4659461A
:10E3C00081F80C90284686F80CA03146FFF7C8FE6D
:10E3D000E5E770B50C46D1E901512268002D28D03F
:10E3E00019B30B4649680029FBD1D2B15168A1424B
:10E3F0000CBF536093601A6899681E7B944212D0D8
:10E4000001B10A605160A5689D602B6025681D60A0
:10E41000257B1D7365685D60012E2B6019D1B0B935
:10E4200017E00360E7E71A46F0E7237B29460A6016
:10E4300002E0237B0029FAD132B15568A5420CBF16
:10E4400051609160012BE9E7012B016001D1FFF7D9
:10E4500099FE25692046E1F7EFFF284670BD08B513
:10E4600008B9002008BDFFF7B4FF0028F9D0E1F794
:10E47000E3FF0120F6E770B5054610B104680CB95A
:10E480002C6070BD26466468002CFBD1B468002C5B
:10E49000F8D1346834B16368B3424FF000030CBF65
:10E4A0006360A3603069E1F7C7FF3046E1F7C4FF5E
:10E4B000E5E70C22002100F0D4BE10B5037AFF2B53
:10E4C000044602D00068E1F7B7FF20460C22BDE801
:10E4D0001040002100F0C5BEF8B5037A0446581E6E
:10E4E000C2B2FD2A0E4630D8276807EB83052A46BC
:10E4F0002B4412F8011BB14225D100EB8000E1F75B
:10E5000081FF10B3237A2060013BDBB2002223722B
:10E51000013D114600EB830315F801CFB44508D047
:10E5200057F822C040F821C095F800C003F801C098
:10E53000013194F808C001329445EDD23846E1F734
:10E540007BFF0120F8BD9A42D3D10020FAE773B5D2
:10E55000037A0192FF2B04460D4638D0006828B19B
:10E5600003EB83015A1E0144561C29D10133D9B251
:10E5700001EB8101E1F76AFF064640B3217A206092
:10E5800000EB81000A460146043006F0DBFA237AEC
:10E590000133DBB25A1E237202EB8303019AF55456
:10E5A000237A03F18043013BAD0846F823201F2D59
:10E5B000636828BF1F250122AA401343636006E059
:10E5C00011F8016DAE4204D1019B40F8223002B037
:10E5D00070BD013AC8E770B5047A0368FF2C0ED00D
:10E5E00003EB8405002084420ED800200BE081421A
:10E5F00003F1080303D163681360012003E0187876
:10E600001C460028F3D170BD15F8016BB14202D150
:10E6100053F82030F0E70130E5E7007AB0FA80F0F7
:10E620004009704782B00A46012102B0FFF78FBF50
:10E6300082B00A46022102B0FFF789BF82B00A46C3
:10E64000072102B0FFF783BF82B00A46032102B060
:10E65000FFF77DBF82B00A466A2102B0FFF777BF9D
:10E6600082B00A466B2102B0FFF771BF82B00A4642
:10E67000102102B0FFF76BBF82B00A46112102B031
:10E68000FFF765BF82B00A46122102B0FFF75FBFF5
:10E6900082B00A46132102B0FFF759BF82B00A4682
:10E6A000142102B0FFF753BF82B00A46152102B011
:10E6B000FFF74DBF84B00023ADF80C10090C8DF8A6
:10E6C0000E108DF80F30039A1C2104B0FFF73FBFE6
:10E6D00082B00A461D2102B0FFF739BF84B0002383
:10E6E000ADF80C10090C8DF80E108DF80F30039A50
:10E6F000232104B0FFF72BBF82B00A46282102B0C5
:10E70000FFF725BF84B00023ADF80C10090C8DF87D
:10E710000E108DF80F30039A312104B0FFF717BFA8
:10E7200082B00A46322102B0FFF711BF82B00A461A
:10E73000302102B0FFF70BBF82B00A46342102B08D
:10E74000FFF705BF82B00A46352102B0FFF7FFBED2
:10E7500082B00A46382102B0FFF7F9BE84B0002328
:10E76000ADF80C10090C8DF80E108DF80F30039ACF
:10E77000392104B0FFF7EBBE82B00A463A2102B05D
:10E78000FFF7E5BE82B00A463B2102B0FFF7DFBECD
:10E7900082B00A463C2102B0FFF7D9BE82B00A46D9
:10E7A000412102B0FFF7D3BE82B00A46422102B037
:10E7B000FFF7CDBE84B00023ADF80C10090C8DF826
:10E7C0000E108DF80F30039A3D2104B0FFF7BFBE45
:10E7D00082B00A463E2102B0FFF7B9BE82B00A46B7
:10E7E000482102B0FFF7B3BE84B00023ADF80C108F
:10E7F000090C8DF80E108DF80F30039A4C2104B0DF
:10E80000FFF7A5BE82B00A46502102B0FFF79FBEB7
:10E8100082B00A46512102B0FFF799BE84B00023AE
:10E82000ADF80C10090C8DF80E108DF80F30039A0E
:10E83000522104B0FFF78BBE84B00023ADF80C105A
:10E84000090C8DF80E108DF80F30039A582104B082
:10E85000FFF77DBE82B00A465A2102B0FFF777BEAD
:10E8600082B00A465C2102B0FFF771BE82B00A4650
:10E870005E2102B0FFF76BBE82B00A460C2102B0E7
:10E88000FFF765BE82B00A462D2102B0FFF75FBEDA
:10E8900084B00023ADF80C10090C8DF80E108DF823
:10E8A0000F30039A782104B0FFF751BE82B00A46B8
:10E8B000792102B0FFF74BBE82B00A46672102B051
:10E8C000FFF745BE82B00A46682102B0FFF73FBE9F
:10E8D00082B00A46762102B0FFF739BE90F90020D7
:10E8E0000378002A0FDA03F0E002C02A0DD003F00B
:10E8F000F002E02A0BD003F0F800A0F1F003584238
:10E900005841800070470120704702207047032063
:10E91000704773B500230246019301B901A9002A8B
:10E9200061D00B68D05C00285DD0050603F10104BE
:10E9300002D40C6002B070BD00F0E005C02D0ED115
:10E940000C60125D02F0C004802C4CD1800100F4F8
:10E95000F86002F03F02104402330B60EAE700F077
:10E96000F005E02D17D10C60145D04F0C005802D7A
:10E9700039D19D1C0D60525D02F0C005802D32D151
:10E98000000380B202F03F02A401104404F47C644E
:10E9900020440333E1E700F0F805F02D0C6022D1AC
:10E9A000145D04F0C005802D1DD19D1C0D60555DCA
:10E9B00005F0C006802E16D1DE1C0E60925D02F0BE
:10E9C000C006802E0FD180042403AD0100F4E010B6
:10E9D00004F47C3405F47C6502F03F0204431544E2
:10E9E00028190433B9E70020A4E770B500240546D0
:10E9F00026468E4202D02B5D28190BB9204670BDE9
:10EA0000FFF76CFF012838BF012054FA80F401366B
:10EA1000EFE773B5002406460D460194019BAB4217
:10EA200002D3204602B070BD01A93046FFF771FF46
:10EA30000134F3E737B5002405460194019BEB5CF4
:10EA400013B9204603B030BD01A92846FFF761FF86
:10EA50000134F3E718B3A0F59C43B3F5A44F1DD3DD
:10EA600000F17F4303F1FF135D2B17D9A0F540534D
:10EA7000FF2B13D9A0F53A537F2B0FD9A0F547539D
:10EA80002F2B0BD9A0F57E40A0F110030F2B05D939
:10EA900030381F288CBF00200120704701207047AC
:10EAA0007F2882B015D9B0F5006F14D2C0F3871358
:10EAB00000F03F0043F0C00340F08002002100203E
:10EAC0008DF804308DF805208DF806108DF80700BC
:10EAD000019802B07047B0F5803F0CD2C0F3073305
:10EAE000C0F3851200F03F0043F0E00342F08002E3
:10EAF00040F08001E3E7B0F5881F10D2C0F38743F0
:10EB0000C0F30532C0F3851100F03F0043F0F0037D
:10EB100042F0800241F0800140F08000D0E7002008
:10EB2000D7E773B50B68013B06460B6004250C68FC
:10EB30003019FFF7D3FE30B101A930460194FFF739
:10EB4000E8FE02B070BD2CB1013D013C15F0FF059F
:10EB50000C60ECD10020F4E7232903780BD113B922
:10EB6000012303700BE0022B03D0013B58425841B4
:10EB700070470023F5E7012B05D1202901D00120A2
:10EB800070470223EDE7002070472DE9F0418846E9
:10EB900017460546F0B1EAB100F0ABFB0446384633
:10EBA00000F0A7FB0646A8B1044441462846FFF7FB
:10EBB0001CFF2B19311874425A1B914206D9324658
:10EBC00039462844BDE8F04100F07BBA1A5D03F8ED
:10EBD0000129F1E7BDE8F081F8B50C461746054676
:10EBE00080B100F086FB214606462846FFF7FDFE71
:10EBF0002C1839462046FFF7F8FE2346361A5A1BD2
:10EC0000964200D2F8BD1A5C03F8012BF7E7F7B57E
:10EC10000B4601910C460021024607460846E1F7E3
:10EC2000E3FB461C3046E1F7EDFB054620B12346E9
:10EC30003A463146E1F7D8FB284603B0F0BDF8B5B7
:10EC40000F461946064615461C46FFF762FE386019
:10EC500020B1206800213044FFF75BFE2860F8BD3A
:10EC60002DE9F0430F4685B090461E46054620B973
:10EC70000024204605B0BDE8F083002AF8D00378D0
:10EC8000002BF5D0002401948DF803400029EFD02B
:10EC90009DF8309009F0080916E001AB03AA02A91B
:10ECA0002846FFF7CCFFB9F1000F05D002990DF10E
:10ECB0000300FFF751FF38B9DDE902124046FCF7C7
:10ECC00041FF08B120448419019BEA5C0AB1BB42B0
:10ECD000E3D3002CC8BFA41BCBE72DE9F04F87B0CE
:10ECE0000025C0E900559DF848A005930446174645
:10ECF000884619B312B31AF0010F119B104618BFC2
:10ED00006FF060431193FCF750FF06461FFA80FB3B
:10ED100018F8053008EB05099BB95DB119F8013CFD
:10ED20000A2B01D00D2B05D1109B13FA86F26368D4
:10ED300013446360636853BBB6B2666007B0BDE856
:10ED4000F08F00230193119B00933A46059BCDF869
:10ED500008A04FF0FF314846E0F7B6FE6368109A0E
:10ED60009A1812EB0B0F01460544E7D4109A5B4446
:10ED7000134463603A46059BCDF800A04846FFF770
:10ED80006FFF23688342ACBF23602060C0E7109A06
:10ED90009B1A6360D2E7037D43F00103037570475C
:10EDA000037D6FF300030375E0F7AABF10B50446B7
:10EDB000E3F7A0FE2368C31A013B636010BD007D2A
:10EDC00000F0010070472DE9F047089D80460F468E
:10EDD000144699460CB9264612E04FEA540A09FB3C
:10EDE0000A7631464046A847002808DDE44304F08F
:10EDF0000104AAEB040A06EB09075446EAE7FCD132
:10EE00003046BDE8F08770479A4238BF8854704753
:10EE100070472DE9F74F9946DDE9116313F0020CB5
:10EE200080468B461746DDE90C54DDE90F129DF84C
:10EE30003800CDF800C01DD103F0010C3EB1BCF18B
:10EE4000000F04D010B913F00C0F00D0013E4FF0AA
:10EE5000300E02E005F804E00134944201D2202C87
:10EE6000F8D1BCF1000F05D04FF0300CA64201D90B
:10EE7000202C1AD113F0100F14D013F4806F2ED160
:10EE8000BCB1944201D0B44229D1621E11D01029E4
:10EE900043D19906A4F102047ED47821295530216A
:10EEA000A954541C202C25D00CE005F804C00134D2
:10EEB000DCE710290DD1990635D478222A7030224A
:10EEC0006A700224C8B32D222A55013413E062224D
:10EED000F4E70229FBD030222A700124F2E710293E
:10EEE00023D19A0656D4202C04D0621C78212955AF
:10EEF000202AD4D120249B0738D03A4625441444F4
:10EF0000A24237D1009B23B1D51BAE4207EB0504CB
:10EF100039D8204603B0BDE8F08F0229BFD1622165
:10EF2000A9540132E4E75822C8E7022903D1202C72
:10EF3000E0D02246F3E72246DAE7590701D52B2233
:10EF4000C2E71A07D7D52022BEE74B4659462020F4
:10EF5000C0470AF1010A019B564503EB0A02F4D8A7
:10EF6000321BB44288BF00223A44C7E73B1BA2468B
:10EF70000193F0E702F1010A15F8010D4B465946DD
:10EF8000C0475246BCE74B46224659462020C04760
:10EF90000135BAE7202CADD0621C5821A7E72DE936
:10EFA000F04391B0189D1A9F1D9E2DB926F01004B4
:10EFB00016F4806F264622D116F0200F14BF4FF0B2
:10EFC000410E4FF0610EAC460DF120080025AEF168
:10EFD0000A0EBCFBF7F907FB19C95FFA89F4B9F10E
:10EFE000090F94BF30347444E4B2BC4508F8014BB7
:10EFF000BCFBF7F405F1010501D3202D10D11C9CB9
:10F0000005941B9C0696CDE903749DF86440CDE9F8
:10F01000015408AC0094FFF7FCFE11B0BDE8F0838A
:10F02000A446D6E72DE9F04F95B0DDE91E76CDE98F
:10F030000A2357EA0603CDE90801DDE9229B269C55
:10F0400005D124F0100314F4806F1C4637D114F05E
:10F05000200F14BF412361230DF1300A0025A3F1D5
:10F060000A0831464A465B463846D1F799F8D2B28B
:10F07000092A94BF303242444F45D2B276EB0B0698
:10F080000AF8012B05F1010501D3202D14D1259B90
:10F090000593249B0694CDE903939DF88030CDE938
:10F0A00001530CAB0093DDE90801DDE90A23FFF70A
:10F0B000B0FE15B0BDE8F08F07460E46D1E700253B
:10F0C000E5E70F2AF0B509D80A440346914200D17A
:10F0D000F0BD11F8014B03F8014BF7E700F0030313
:10F0E00001F00304A3420D4676D001F1200403464B
:10F0F0008518EE1A202E04F1200414F8407C0BD859
:10F10000013A22F01F021144024411F8013B02F8B7
:10F11000013BAA42F9D1DBE71F7014F83F6C5E7027
:10F1200014F83E6C9E7014F83D6CDE7014F83C6C64
:10F130001E7114F83B6C5E7114F83A6C9E7114F8F1
:10F14000396CDE7114F8386C1E7214F8376C5E720C
:10F1500014F8366C9E7214F8356CDE7214F8346C48
:10F160001E7314F8336C5E7314F8326C9E7314F8CB
:10F17000316CDE7314F8306C1E7414F82F6C5E74EE
:10F1800014F82E6C9E7414F82D6CDE7414F82C6C2C
:10F190001E7514F82B6C5E7514F82A6C9E7514F8A5
:10F1A000296CDE7514F8286C1E7614F8276C5E76D0
:10F1B00014F8266C9E7614F8256CDE7614F8246C10
:10F1C0001E7714F8236C5E7714F8226C9E7714F87F
:10F1D000216CDE7720338CE7EBB1C3F10403C41854
:10F1E000034615F8011B03F8011BA342294602F14F
:10F1F000FF3201D0002AF4D1202A01F1200503F1C9
:10F2000020040AD80A4491423FF462AF11F8014B3E
:10F2100003F8014BF7E70346EEE755F8203C44F8C6
:10F22000203C55F81C3C44F81C3C55F8183C44F86C
:10F23000183C55F8143C44F8143C55F8103C44F87C
:10F24000103C55F80C3C44F80C3C55F8083C44F88C
:10F25000083C55F8043C44F8043C203A234629462F
:10F26000CAE710F0030310B40BD0C3F1040342B19A
:10F27000034400F8011B984202F1FF3201D0002A3A
:10F28000F7D101EB012303EB014303EB0163202AD8
:10F2900000F1200402D810BC05F06EBC44E908332C
:10F2A00044E9063344E9043344E90233203A204672
:10F2B000EDE7884210B402D38B18834202D210BC0F
:10F2C000FFF7FFBE884207D8421E8B420AD011F8D2
:10F2D000014B02F8014FF8E7531E194403449A1AF0
:10F2E000934201D110BC704711F8014903F801495C
:10F2F000F6E7D0F76FBF03460020884201D01A5CC2
:10F3000002B970470130F8E710B5002304461046F3
:10F31000834201D0CA5C4AB9C21A834288BF002224
:10F320000021E01805F028FC204610BDE25401330E
:10F33000EEE7421E11F8013B02F8013F002BF9D124
:10F340007047431E013913F8012F11F8010F0AB15C
:10F350008242F8D0101A704770B50646FFF7C9FF11
:10F36000451C2846E1F74EF8044618B12A463146B6
:10F37000FFF7A7FE204670BD70B50646FFF7BBFF3E
:10F3800005460130E1F73EF8044628B12A463146E9
:10F39000FFF797FE00236355204670BD38B504463D
:10F3A0000D46FFF77BF929462046BDE83840FFF7B8
:10F3B0007BB938B504460D46FFF758F92946204673
:10F3C000BDE83840FFF758B938B504460D46FFF799
:10F3D00059F929462046BDE83840FFF759B938B5F4
:10F3E00004460D46FFF74EF929462046FFF750F92F
:10F3F00029462046FFF73AF929462046BDE838401D
:10F40000FFF73AB970B5044640680D4608B1FFF7FA
:10F41000F9FF236823B129462046BDE8704018470C
:10F4200070BD70B50E68336805460C4633B196F86A
:10F430002220D20602D50B60FFF7F3FF266021469B
:10F440002846BDE87040FFF7DDBF08B528B1D7F703
:10F45000F1FBBDE80840D8F709BDD8F739FCF8E75B
:10F4600038B50546FFF7F1FF044640B12846D7F707
:10F47000AFFA29462046BDE83840FFF7D2BF38BD75
:10F4800007B5FFF7E2FF28B9112003B05DF804EBE0
:10F49000E0F728BA0369ADF804301B0C8DF806308C
:10F4A0009DF80430002063F307009DF8053063F3F6
:10F4B0000F209DF8063063F3174003B05DF804FB9E
:10F4C00010B50446E3F716FB001B10BD70B50346EC
:10F4D000C06A93F84C2012F0060202D15B6B18440C
:10F4E00070BD042A01D11B6BF9E7022AF8D1D3E9D8
:10F4F0000E24D3E90C51A242C8BF04F5B474131909
:10F500008D4203EBD373CCBF01F5B4760E46B5EB59
:10F51000630F4FEA630201DA2844E1E79642CCBF69
:10F5200040188018DCE730B5D0E90E45A542A5EBC0
:10F53000040303D100201AE003F5B473002BFBDBB6
:10F54000B3F5B47F14DAB3B18B4217DBB1EB630FC1
:10F55000B4BF012300230122DB0043EA021390F829
:10F560004C2022F01802134380F84C30012030BDAB
:10F57000A3F5B473E4E74FF4B473E7E7C3F5B474E9
:10F58000944206DDC1F5B474944204DC01230022E8
:10F59000E2E70123DFE713448B42CBDB00231A466B
:10F5A000DAE707B55022F1F74EFA03B05DF804FB35
:10F5B00007B51222F1F747FA03B05DF804FB07B56F
:10F5C0001322F1F740FA03B05DF804FB07B51022EF
:10F5D000F1F739FA03B05DF804FB07B51122F1F732
:10F5E00032FA03B05DF804FB2DE9F84F0F46002115
:10F5F00004469046FFF7DCFF002106462046FFF751
:10F60000DEFF002182462046FFF7E0FF002105468D
:10F610002046FFF7E2FF81462046F0F798F8A0EB7E
:10F62000060B2046F0F796F8401BA0EB0900ABEB69
:10F630000A0B8345204613DAF0F789F8831BA3EB06
:10F640000A03626903EBD3735B101A4432443A60D5
:10F65000A2691A442A447A60C8F80030BDE8F88FDD
:10F66000F0F778F8431BA3EB0903EAE72DE9F74F1E
:10F670000F464FF40031924681461E46FFF791FF38
:10F6800000EBD0704FEA6008AAEB600A4846FFF72B
:10F690001DFFB9F85C30C418A4B204F15A0000B2DE
:10F6A000E0F7DEF80AFB00F520B2E0F7D9F84FF4F6
:10F6B00040310AFB00F44846FFF77AFF4FF440312F
:10F6C00001904846FFF77BFF4FF4403183464846A0
:10F6D000FFF77CFF4FF4403182464846FFF77DFF3D
:10F6E0003A68019BED132A44D21AA2EB0802326059
:10F6F0003B681D445D444544B5607B68E413234486
:10F70000A3EB0A03A3EB080373607B681C44044467
:10F710004444F46003B0BDE8F08F2DE9F0418CB0B3
:10F7200007460E4615469846F0F770FA00283CD07A
:10F73000AE423AD0FC6AB6F5B47FC8BFA6F5B4763F
:10F74000B5F5B47F2644C8BFA5F5B4752C44B6F50D
:10F75000B47F05AAC8BFA6F5B47606A9B4F5B47FF0
:10F760003846C8BFA4F5B474FFF73EFF414638469B
:10F77000FFF717FF4146054651223846F1F763F976
:10F780000890003818BF01200DF12008CDE90208CB
:10F79000CDE90045DDE90601BDF814203346D8F770
:10F7A000A7FB41463846F0F772F90CB0BDE8F0818E
:10F7B00073B53C224FF440310546F1F744F942223B
:10F7C000044601904FF440312846F1F73CF94022BD
:10F7D00001904FF4403104442846F1F734F90028F1
:10F7E00001904FF040024FF4403128462BDDF1F7F5
:10F7F0002AF90346019041224FF4403128461C4427
:10F80000F1F721F9002801904FF041024FF4403107
:10F8100028461DDDF1F717F90346019038224FF411
:10F82000403128461C44F1F70EF93B220646019070
:10F830004FF440312846F1F706F93044A042B8BFF2
:10F84000204602B070BDF1F7FEF801904342D2E7C6
:10F85000F1F7F9F801904342E0E710B588B00446AB
:10F8600001AA02A9FFF7C0FE019A04AB02A9204633
:10F87000FFF7FCFE2046FFF79BFF021E03DD11464B
:10F8800004A8FDF7CEF904A92046F0F700F908B066
:10F8900010BD38B5B1F5B47F0D46C8BFA1F5B4753C
:10F8A000D0E90C135A1B5B1A48BF03F5B473002A46
:10F8B000B8BF02F5B4720446D01A0028B8BF40425F
:10F8C000B4280BDD2046F0F70DF92046FFF7C5FF01
:10F8D00025632046BDE83840FFF7BFBF934206DDF1
:10F8E0004FF400332A462046FFF717FFEDE7ECDA26
:10F8F0000A464FF400332946F5E738B5B1F5B47F31
:10F900000D46C8BFA1F5B475D0E90C31EA1ACB1A7F
:10F9100048BF03F5B473002AB8BF02F5B4720446B9
:10F92000D01A0028B8BF4042B4280BDD2046F0F7BB
:10F93000D9F82046FFF791FF65632046BDE83840BF
:10F94000FFF78BBF934207DD0A464FF40033294689
:10F950002046FFF7E2FEECE7EBDA4FF400332A46ED
:10F96000F6E738B504460D461146FFF7C6FF2946AF
:10F970002046BDE83840FFF78CBFF7B50446006C61
:10F9800010F5004F36D0D4E90E3594F84C20AB4238
:10F99000C2F34102C8BF05F5B475012A0BD0022A93
:10F9A00035D03ABB0095D4E91112FEF7AAFBA16B42
:10F9B0000546024634E0D4E911C20CEB020707EB1E
:10F9C000D7775E1906EBD676B0EB670F4FEA66067F
:10F9D0004FEA670110DA0A4600966146FEF791FB8E
:10F9E000014605462046FFF754FF31462046FFF703
:10F9F00084FFA56503B0F0BD00953346FEF781FB9B
:10FA0000314605462046FFF744FF2946EEE70093BE
:10FA1000D4E911122B46FEF774FBE26B0546014652
:10FA20002046FFF79EFFE4E738B5B1F5B47F0D46F9
:10FA3000C8BFA1F5B475D0E90E135A1B5B1A48BFB5
:10FA400003F5B473002AB8BF02F5B4720446D01AA5
:10FA50000028B8BF4042B42808DD2046F0F742F83D
:10FA6000A5632046BDE83840FFF787BF934205DD18
:10FA700000232A462046FFF750FEF1E7F0DA0A4657
:10FA800000232946F6E738B5B1F5B47F0D46C8BF67
:10FA9000A1F5B475D0E90E31EA1ACB1A48BF03F5C7
:10FAA000B473002AB8BF02F5B4720446D01A002815
:10FAB000B8BF4042B42808DD2046F0F713F8E563EC
:10FAC0002046BDE83840FFF758BF934206DD0A469E
:10FAD000002329462046FFF720FEF0E7EFDA002357
:10FAE0002A46F7E738B504460D461146FFF7CBFF27
:10FAF00029462046BDE83840FFF796BF002905DBC0
:10FB0000B1F5B47F05DAC162EFF7ECBF01F5B4716E
:10FB1000F4E7A1F5B471F3E7026C8A4210B40DD09A
:10FB2000846CA142A8BF2146446CA142B8BF2146C3
:10FB30008A4203D010BC0164FFF71FBF10BC70479E
:10FB400010B50C4604F150000021DFF73DFC04F134
:10FB500060000021BDE81040DFF736BC03681A687A
:10FB60004FF0FF31D96002F150018B4204D1996806
:10FB7000D1621868EFF7B6BF02F160018B4204BF93
:10FB800099689163F5E7C1600068EFF7ABBF73B5A3
:10FB9000C66A8E4215D0436B9942A8BF19460D46DE
:10FBA000036B816B9942B8BF1946A942B8BF294679
:10FBB0008E4206D0009200F1500300F12C02E3F7D0
:10FBC000C7FA02B070BD38B500256423C1E90C53F3
:10FBD0004FF0FF33C1E91731CB6691F870308D6378
:10FBE0000C4623F03F0381F87030C1E91055C1E99C
:10FBF0001415C1E91955CD62CD638D6481F84C505F
:10FC00008D6520460821EEF70AFB20461021EEF70D
:10FC100006FB2A4629462046BDE83840FFF7B7BF15
:10FC200090F8703003F00703022B13B515D1436B26
:10FC30009942A8BF1946036B9942B8BF1946C36AD7
:10FC40009942A8BF1946836B8B4206D0009200F1FF
:10FC5000600300F13802E3F77BFA02B010BDC36D18
:10FC6000013314BF806DC06A704790F8703003F0A4
:10FC70000703022B01D0006B7047C36E013314BF22
:10FC8000806E806B704790F8700000F0070070473E
:10FC900090F8703003F00703012B0AD1036B002B9F
:10FCA00007DA426B002A04DD806BC31A58425841C0
:10FCB00070470020704710B50C4620461021EEF723
:10FCC000AEFA20464FF48061BDE81040EEF7F3BC79
:10FCD00070B504460026E06A855904361DB9E0F780
:10FCE000ABFBE56270BD2846E0F7A6FBF3E710B575
:10FCF0000C46086BE0F7A0FB606BE0F79DFB002370
:10FD0000C4E90C3310BD07B515220021F0F79BFEA6
:10FD100003B05DF804FBF0B54FF6FF7399428BB06A
:10FD200004460D4650D0836B8B424DD90A01016BBE
:10FD300001EB05138A5802925A68039206A99A6841
:10FD4000DB6805930492EFF7C0FC142200212046E3
:10FD5000F0F779FE064601902046FFF7D4FF0746EC
:10FD60002046D6F767FFD7F7F3FF0A2390FBF3F29D
:10FD700096423346B8BF1346069E97423846B8BFF0
:10FD80001046029AF11A0A4407990292039A0F1A2E
:10FD90003A440392049A33441A44059B049208445B
:10FDA00003440593236C9D420AD1636B33F81530ED
:10FDB0005B0505D502A8FDF7B1FA039B1B1A039357
:10FDC00002A92046EFF763FE0BB0F0BD2DE9F04F1E
:10FDD0008DB00446019104A9EFF777FC2046EFF7B8
:10FDE000B6FC03902046EFF7B5FC122200900021EC
:10FDF0002046F0F728FE1322834608900021204673
:10FE0000F0F721FE10228046089000212046F0F7EE
:10FE10001AFE11228146089000212046F0F713FEB9
:10FE200014228246089000212046F0F70CFE074677
:10FE300008902046FFF767FF07EBD77500EBD076F9
:10FE40006D1007F00107013576103D44013600F0D2
:10FE5000010006440D2DA8BF0D250D2EA8BF0D26AF
:10FE6000B8F10D0FA8BF4FF00D08B9F10D0F5B46AB
:10FE7000A8BF4FF00D09BAF10D0FA8BF4FF00D0A42
:10FE80000D2BA8BF0D230293039BA3EB0803023B9A
:10FE900000270393A36BBB4209D8A26B4FF6FF73F5
:10FEA000BA4208BF1F4638460DB0BDE8F08F216B3F
:10FEB0003B0101EB0712CB58D1689B45D2E901C049
:10FEC000A8BFDDF808E0049AACBFA2EB0E0EA2EBCF
:10FED000060E73440893059BE145ACBFA3EB090EE6
:10FEE000A3EB050EF444CDF824C0DDF80CC0844526
:10FEF000D4BF424492191044009A0A90A2EB0A021D
:10FF0000023A8A42D4BF53445B1919440B91002230
:10FF1000019908A8FCF7DBFE0028BED10137B9E73C
:10FF200010B5826B04465200406BFFF7CAF82046BA
:10FF3000BDE81040E3F7D0BD38B5836B8B42044673
:10FF40000D4603D84FF6FF7399420AD1216C204623
:10FF5000FFF7E1FE256429462046BDE83840FFF75B
:10FF6000DABE38BD70B51546826B8A4204460FD999
:10FF7000466B36F8112022EA050226F81120FFF719
:10FF8000CAFE6B0504D52046BDE87040EFF766B9A0
:10FF900070BD70B505460E460024AB6BA34200D879
:10FFA00070BD214632462846FFF7DCFF0134F4E7F6
:10FFB00070B5836B8B4204460D4616461AD990F8ED
:10FFC0004430D90705D5F20503D54FF48071FFF70A
:10FFD000E0FF626B32F81530334322F815302946C2
:10FFE0002046FFF798FE730504D52046BDE8704013
:10FFF000EFF734B970BD70B505460E460024AB6B03
:020000023000CC
:10000000A34200D870BD214632462846FFF7D0FFF4
:100010000134F4E7006C7047836B8B4207D9436B64
:1000200033F811309A430CBF0120002070470020A4
:10003000704770B54FF480720446FFF7EDFF0D4630
:1000400006464FF480712046FFF7A3FF3EB12946D4
:1000500020464FF48072BDE87040FFF7A9BF70BD25
:100060004B1E19D5013801F10B03012B1CD182075E
:1000700018D16421B0FBF1F201FB120242B94FF436
:10008000C873B0FBF3F203FB1200B0FA80F35B0914
:1000900003F11C00C0B270470B2BC4BF0130A1F1AB
:1000A0000D03E2E70023F3E7072293FBF2F2C2EB32
:1000B000C2029B1A03F0010048BF4042C0F11F007A
:1000C000E8E7F8B50446FDF778FC05462046FDF75D
:1000D0007CFC436D5B68B3F5A02F074640F0818040
:1000E000F2F7D9FA06463846F2F7EEFA044696B326
:1000F0007B6D9F68062F4CDD402239462846FFF76E
:100100008BFF00286ED016B1002386F8203044BB48
:100110004FF4004239462846FFF77EFF002845D0BD
:10012000002E6AD0662386F820302846FFF7A8F90B
:10013000C0F3072386F82100C0F3074086F82300A8
:1001400086F822302846FFF765FFB8422ED1B22349
:1001500086F820302AE0002843D07B6D9F68062F68
:10016000CADC002384F828304FF400423946284680
:10017000FFF752FFD0B12846FFF782F9C0F30723FB
:1001800084F82000C0F3074084F8213084F822006E
:10019000C6E7002386F820300028E2D14FF4004261
:1001A00039462846FFF738FF0028BBD14FF480427C
:1001B00039462846FFF730FF98B194B1FF2384F801
:1001C00028302846FFF75CF9C0F3072384F8213074
:1001D000636A84F820000133C0F3074084F82200EA
:1001E0006362F8BD4FF4004239462846FFF714FF1A
:1001F0000028DBD0002C93D0BDE72846FFF70AFF8C
:10020000D4E7022994BF01230023A0EB030303F1E9
:10021000010000EB93004FF4C872B3FBF2F21044FC
:100220004FF06402B3FBF2F3A0EB030094BF0C2386
:1002300000231944C1EB41110C233E39B1FBF3F10A
:1002400007230844B0FBF3F3C3EBC303C01AC0B2E7
:10025000704770B504464FF44041C06AFFF799FEFD
:1002600094F93610A08EFFF7CCFFA36B054663BB55
:10027000D4E90C23534033F07F4328D194F9333031
:10028000E06AE9184FF48042BDE870400631FFF79C
:100290008FBEA26B32F8261002EB8603A28E91422B
:1002A0000ED193F9021094F93620914208D193F9B6
:1002B0000310E06A29444FF400420631FFF778FE4C
:1002C0000136E36BB342E4D8D2E70026F9E770BD0C
:1002D0003430704770B5FDF770FB0646F1F73AF918
:1002E000FFF7F6FF002104463046F1F736F9012109
:1002F00005463046F1F731F906462846E4F706FF91
:100300004178037864223039303B51434FF47A729C
:1003100002FB031183780A22303B02FB0311C378EE
:10032000303B19442388C91A00292846B8BF4942DE
:1003300000F08EFF94F9021030460139BDE870409C
:1003400000F086BF38B50546FDF737FB0446284662
:10035000FDF73DFB0546204600F091FF0446284688
:10036000FFF7B6FF621C018852B22846BDE838404C
:10037000E3F7AEBF70B50446FDF71FFB0646204607
:10038000FDF725FB0546304600F079FF0446304670
:10039000E4F7BCFE04EB84040646FEF7AAFF33191B
:1003A000345D5A784FF47A71303C303A4C436421D2
:1003B00001FB02449A78DB78303A0A2101FB0244BF
:1003C000303B28461C44FFF783FFA1B290F902207E
:1003D0002846BDE87040E3F77BBF07B50122F0F780
:1003E00032FB03B05DF804FB07B51522F0F72BFBD9
:1003F00003B05DF804FB70B50D4601F12C062B6BC4
:10040000304653B9FDF781FD05F13806EB6B3046F8
:10041000E3B9BDE87040FDF778BDFDF72AFD04465D
:100420000028ECD0037C5A0702D44068E0F704F8B7
:10043000237C9B0702D42068DFF7FEFF304621466D
:10044000FDF7D7FC2046DFF7F7FFD8E7FDF711FDF2
:10045000044601463046FDF7CCFC2046DFF7ECFFB2
:10046000D4E710B50C4604F12C001421FDF759FC1B
:10047000182104F13800FDF754FC00226423C4E97C
:100480001122C4E91333C4E91522C4E917336FF00C
:1004900000420323C4E9192305210A23C4E91B13DD
:1004A00094F8743023F01F0343F0010384F8743090
:1004B00010BD07B530220021F0F7C5FA03B05DF892
:1004C00004FB07B512220021F0F7BDFA03B05DF876
:1004D00004FB2DE9F043036F8B4285B004460E46C2
:1004E00068D9EFF73AF905462046D5F763FE94F848
:1004F000743013F0180F074605D1204605B0BDE84B
:10050000F043EFF7EFBA03F00703012B55D1204674
:10051000FFF7CFFF80462046FFF7D3FF6369034410
:1005200003EB080048224FF4A021C71B2046F0F738
:100530008AFA4FF40031804600902046FFF74DFFC5
:10054000A369226A00EB08015B1A11440391216F31
:10055000019301398E42814613D205FB06F3B3FBAA
:10056000F1F22B44A2EB0802B3FBF1F34344121A5D
:1005700003443A443B446946204600920293EFF715
:1005800086FABEB1226F731E013A6B43B3FBF2F3DE
:10059000A3EB0803A3EB09033B44009305FB06F31D
:1005A000B3FBF2F343444B443B4402936946204679
:1005B000EFF76DFA05B0BDE8F083022B9DD1002165
:1005C0002046FFF711FF804605442046236FB5FB08
:1005D000F3F5FFF76EFF636905FB06F9C6182046C1
:1005E000FFF76FFF06444E4469462046EFF76DF86B
:1005F000F31B1D44A3EB080302950093D6E707B550
:1006000010220021F0F71FFA03B05DF804FB2DE97A
:10061000F04FCBB000F1140A01F118050EAE0446FC
:100620008B462A4651463046FCF715FB002800F061
:100630008C8095E80F0012AF87E80F00DBF82030C0
:100640000B90079396E80F0085E80F00236F012BAE
:100650007BD92046FFF72DFF07462046FFF731FFE5
:1006600006462046FFF7CBFF00902046EFF775F8CF
:1006700003902046EFF781F86369019020460293CA
:10068000D5F798FDA369059381462046EFF76BFCEB
:100690002A468046514616A8FCF7DDFA002854D0B9
:1006A0001EA8F1F768FF1EAA4FF4A0212046CDF83E
:1006B00088B0EEF79BFC2EA8D8F72EFF2EAA4FF499
:1006C00000312046CDF8C8B0EEF770F94FF4003194
:1006D0002046FFF782FE022205464FF400312046F5
:1006E000F0F7B1F9236F069304F12C0382461A90B8
:1006F00018460993FDF7CAFB38B3029B059A3E449E
:100700001E44A6EB09030493009B3B4401381344A9
:10071000A3EB08032090309004F12C00089305EB24
:10072000D575FDF7A9FB079B4FEA65094B440AEB1A
:10073000DA7A01334FEA6A0A05460D9345B912ABDE
:100740000FCB0BF1180484E80F004BB0BDE8F08F1D
:100750002B7C13F001030CD0209B23B1013B209391
:10076000309B013B309329460998FDF78CFB0546E9
:10077000E4E7AA68ADF8A420120C8DF8A620AA7AA6
:1007800029898DF8DB2094F87420ADF8D9102193D5
:10079000319312F0180F049A08BFEB682592279244
:1007A0002A7C69680A93C2F3001204EB820251F8B2
:1007B0002360506C0199D26C361A121A4E4396FB84
:1007C000F2F6089A8E1B16440022059290460B9A68
:1007D0002896A2EB090200960C92216F414521D880
:1007E000069A0398824226DA414524D16A6852F873
:1007F00023206FF000439A421DD0279BA3EB0902F0
:100800004B441C93289B1A92A3EB0A0253441B925D
:100810001D931AAA08F1FF332EA958463193F1F718
:1008200059FF08E027980D9ADDF8A0C02590904266
:10083000CDF898C008DD209B002B94D0309A013B66
:10084000013A309220938EE7059F4A1EB7FBF2F2E1
:10085000049F3A440A9F27924744B7FBF1FE01FBED
:100860001E7195F810E00291CEF3001E04EB8E0E7F
:10087000029FDEF8441007916968DEF84CE051F8F9
:100880002710079FC91B019F7943079FAEEB070EF7
:1008900091FBFEF70199CF1B08990F440C992897FB
:1008A00001398A4233DBB8F1000F30D09900DDF80E
:1008B0000CE007910699714531DB696851F823C056
:1008C0006FF000439C4522D0DDF808C051F82C1091
:1008D00099421CD0009BBE42B8BF3E46BB42A8BF57
:1008E0003B469042009312D09E4202F1FF32009BA1
:1008F000269308BF01361EA95846289627922592AE
:10090000F1F753FE279B0097013327933E46059B43
:10091000039A1344059308F10108029B5DE7A0EBDD
:1009200009021A92ACEB0A021B9248440CEB0A0231
:100930001C901D926A6852F823106FF00043994290
:100940000AD0029952F821209A4205D01EA9584691
:10095000CDF88480F1F729FEB9F1000FD7D0BAF1B4
:10096000000FD4D06B68079A9A586FF000439A42F0
:10097000CDD008F1FF331AAA2EA958463193F1F7CA
:10098000A9FEC4E72DE9F04F1E46036F934287B0DE
:1009900005468846174605D800203060706007B0CD
:1009A000BDE8F08FEEF7D9FE04462846EEF7E5FEE7
:1009B00095F87430029003F00703012B49D12B6F97
:1009C000012B40F2A68007FB04F0013BB0FBF3F0E3
:1009D00030602846FFF76DFD04462846FFF771FD9D
:1009E00033682044034433602846D5F7E3FB33687B
:1009F0001B1A336095F8743098F8102013F0180F14
:100A00000CBFD8F80C3000231F442B6FB7FBF3F05A
:100A1000C2F3001203FB107705EB8202D8F8043012
:100A2000516C53F827300298D26C5B1A521A434328
:100A300093FBF2F3C31A73602846FFF7E0FD736877
:100A40000444234473602846EFF78DFA7368181A3C
:100A5000A4E7032B10D198F81010D8F800000094E8
:100A6000C1F3C00105EB810150F82700CA6D496D43
:100A70000023FDF746FBABE7022B4AD105F12C0B17
:100A80005846FDF703FA4FF4A02181462846FFF7A8
:100A9000ABFC002104902846FFF7A6FC2A6F0390C8
:100AA000511E012A01FB1043B3FBF2FA85BFA4EBF0
:100AB0000A027A430022B2FBF1F258463260FDF797
:100AC000D8F900230146D1B90398296F204478430F
:100AD000B0FBF1F0B9F1000F3FF47AAF049A09F1DD
:100AE000FF3102FB11A103FB0AF3B1FBF9F1B3FBE8
:100AF000F9F301EBD171034403EB610068E788452A
:100B0000E2D0013358460593FDF7B9F9059B01463C
:100B1000D9E700205CE72DE9F04F00F13803E7B09A
:100B20000546184688460093FDF7E3F900284DD1A5
:100B300008F1180602AC05F1140231462046FCF714
:100B40008AF8002842D096E80F0006AF87E80F0029
:100B500094E80F0086E80F000EA8F1F70CFD0EAA2E
:100B60004FF4C0212846CDF84880EEF73FFA2EA872
:100B7000D8F7D2FC2EAA4FF4C0212846CDF8C88061
:100B8000EDF714FF4FF4C0212846FFF726FC00EBD9
:100B9000D0704FEA60094FF4C0212846FFF71DFCD2
:100BA00000EBD0704FEA600A0098FDF765F9BAF1E2
:100BB000000318BF0123B9F1000F08BF002304464A
:100BC000019334B906AB0FCB86E80F0067B0BDE8E0
:100BD000F08F40220EA91EA8FEF773FA70222EA9EC
:100BE0004AA8FEF76EFAE368ADF8A4301B0C8DF846
:100BF000A630A37BA289ADF849218DF84B31637DE6
:100C0000DF075CD5D4E900376A69A96902EB030BF9
:100C10000F44ABEB09010A9109EB0B010C91A7EB17
:100C20000A010B910AEB07010D91217D88071AD06B
:100C300011F0010F08BF5A46CDE92527227D910703
:100C40004CBFEA695A46CDE927271EA90022404633
:100C500021924D92F1F7A9FC019B23B10AAA4AA95E
:100C60004046F1F737FD227D12F00C0F1BD0CDF876
:100C700094B0227D52074CBFAA693A46CDE9262B93
:100C8000237D1B0748BF2F6A289701231EA94046D2
:100C900021934D93F1F789FC019B23B10AAA4AA93C
:100CA0004046F1F717FD109B01331093309B013341
:100CB000309321460098FDF7E6F8044681E7A268E4
:100CC0006FF000439A42F4D00AAB21692846FFF73F
:100CD00059FEDDE90A3797E738B591F8303013F05F
:100CE00001050C4603D1C86ADFF7A6FBE56238BDF3
:100CF0002DE9F04FD1B00546FCF75FFE04462846CB
:100D0000EEF7FBFA5A22002180462046EFF79BFEC1
:100D100005903490FAF749FF2722002181462046AA
:100D2000EFF791FE30223490C7B200212046EFF752
:100D30008AFE10220546349000212046EFF783FEFC
:100D4000012F00EB05033490049340F0BA80132286
:100D500000212046EFF777FE05463490152200214A
:100D60002046EFF770FE122234904FF40031064611
:100D70002046EFF768FE132234904FF4003183468B
:100D80002046EFF760FE102234904FF40031824687
:100D90002046EFF758FE1122069034904FF40031B0
:100DA0002046EFF750FE6A22349009904FF400314C
:100DB0002046EFF748FE6B224FF400310790349045
:100DC0002046EFF740FE0890349034A8D8F7A4FBF3
:100DD00034AA4FF400312046CDF8E080EDF7E6FD6F
:100DE000012F099B75D1E269521B0F92A2EB0902F8
:100DF000A2EB0B02A2EB0A0201320D92049AA16946
:100E00000698114401EB090202440D980E911A4410
:100E1000CDE911010F99013ACDE91312109211A8F1
:100E2000DDE90712FBF7FDFE11AA34A94046F1F7F0
:100E300051FC5C2200212046EFF705FE5B22824632
:100E4000199000212046EFF7FEFD00256FF060426B
:100E5000CDE901251990CDF800A00346059AE16A75
:100E60000BA8FDF73AFF19A8D7F76CFF19AA294676
:100E70002046CDF87480EDF7D7FFE36A20930DA8E4
:100E8000FCF74CFAA0EB090000EBD070012F0B9A95
:100E90004FEA600026D10D9B9B1B17939B1A15935D
:100EA000A369049A1A4413460C9A0344169319A989
:100EB0001344404615AA1893F1F735FB51B0BDE82D
:100EC000F08F122200212046EFF7BDFD349005443B
:100ED00044E7626915440D954D445D445544013D18
:100EE0000F958BE70F9B1E44324415961792D7E758
:100EF000CB6A0022DA627047C06A10B10021F0F7B5
:100F00002CBB7047F7B504460F46FFF7F5FF0646C2
:100F100018B3EEF71FFC05462046EEF72EFC85427F
:100F20001BDD5A2200213046EFF78DFD0190FAF7C4
:100F30003CFE5C22054600213046EFF784FD216C23
:100F4000019005443A46E06A6943D5F7A5FAE06A9C
:100F500003B0BDE8F040EEF7C5BD03B0F0BD10B57D
:100F60000C4620464FF48061EDF759F920460421E4
:100F7000EDF755F920464FF40031EDF79CFB204684
:100F80000121EDF798FB2046BDE81040E4F7A8BE2C
:100F9000C86A38B50C4618B1F0F73EFB0023E3628F
:100FA00094F84C3013F0100503D1A06BDFF744FA2E
:100FB000A56338BD2DE9F04714464FF6FF72944201
:100FC000A8B006460F4662D0C56AB5F82880984595
:100FD0001FBF2B8595F82A3043F0080385F82A3087
:100FE0000DA8D7F7AFFE0DAA4FF480212846119720
:100FF000EDF71AFF5C224FF480212846EFF723FD1E
:10100000099019903046FFF777FF064600283ED03A
:101010001798FAF7CAFD1999B3690A1804FB023246
:1010200001EBD173A2EB6302029202440A446B69A2
:101030000193013A07F118040DF1140AEB690492C7
:10104000214601AA50460393FBF705FEB8B194E888
:101050000F000DF1240989E80F009AE80F0084E8D9
:101060000F00304600F02BFF06F1140214900DA97A
:101070003846F1F758FA99E80F0084E80F0095F820
:101080002A30A5F828806FF3C30385F82A3028B0EA
:10109000BDE8F0872DE9F04792464FF6FF72924582
:1010A000A0B005460E464AD0C46A278D9F421FBF96
:1010B000238594F82A3043F0080384F82A305A2212
:1010C0004FF480212046EFF7BEFC4FF480215C22D4
:1010D000814604902046EFF7B6FC804604904846CF
:1010E000FAF763FD81462846FFF706FF826909EBA0
:1010F00008030AFB032208EBD873A2EB63020192F8
:101100004A44EB6A4244013A039204A85A69DB69F3
:1011100002930092D8F700FA04AA4FF480212046E7
:101120000896EDF743FC6A4604A93046F1F7D2FA77
:1011300094F82A3027856FF3C30384F82A3020B04F
:10114000BDE8F087F7B506460D46FFF7D5FE044625
:10115000C8B183695A220021ED1AEFF774FC01909F
:10116000FAF723FD5C22074600212046EFF76BFCCF
:1011700000EBD07305EB6305F36B074495FBF7F0C9
:10118000834200D8581E03B0F0BDF8B500230D46C9
:101190000446C3630139E26B11F8013F01323BBBE6
:1011A000C4E90F2363642846FEF7A3F8471CA06B2D
:1011B00038B194F84C3013F0100602D1DFF73CF947
:1011C000A6633846DFF71EF9A063A8B12946FEF7EB
:1011D000B0F894F84C306FF30413204684F84C3088
:1011E000EEF780FCE06A38B1BDE8F840EEF77ABC73
:1011F0000A2B08BFE263CEE7F8BD38B500230D46E1
:101200000446C3630139E26B11F8013F0132D3B9DF
:10121000C4E90F23636494F84C30DB0603D4A06B5D
:1012200008B1DFF709F994F84C30A56343F01003D7
:10123000204684F84C30EEF755FCE06A38B1BDE842
:101240003840EEF74FBC0A2B08BFE263DBE738BD3E
:1012500010B5036C8B42044610D0C36B8B4298BF11
:1012600003F1FF31C36AC0E9101113B10021FFF788
:1012700049FE2046BDE81040EEF734BC10BD006CBE
:101280007047F8B50446806B0D46164660B1FEF710
:1012900030F800231946814202D0626C9A4205D18F
:1012A000002306F1FF3C0AE00870F8BDA26B525C17
:1012B0000A2A08BF01330131EDE7EA540133CA18A5
:1012C000824207D2A76BBA5C0A2A03D0002EF4D060
:1012D0009C45F2D80022EA54E7E72DE9F04FE3B04D
:1012E0000546FCF76AFB04462846EEF706F830226E
:1012F000064600212046EFF7A6FB12220546429043
:1013000000212046EFF79FFB132243190021429052
:1013100020460593EFF797FB429000EB050A0CA8D7
:10132000D7F710FD0CAA4FF4003120461096EDF7C8
:101330007BFDD4F83080B8F1000F06D1802242A99D
:101340002046FFF79EFF0DF58478272200212046D6
:1013500094F84C70EFF777FBC5B2012D279004D0BD
:1013600007F00F077B1E5D425D41606B002834D0A3
:10137000F0F7B1FF022881466FD19DF88B30169AA5
:10138000DB0802936FF060430193189B0093616B3D
:10139000199B27A8FDF7A1FCDDE927B7A3690993ED
:1013A0003B44013B20460B9350F8143F08935B44A9
:1013B000013B0A93002D5ED000230093059B07227A
:1013C00008A9FBF705FEB9F1020F59D1636B13931E
:1013D00008AA0CA93046F1F7A6F827A8D7F7B2FC5F
:1013E00027AA002120462B96EDF71EFD9DF8F73029
:1013F000319ADB0802936FF060430193339B0093B3
:1014000006A8349B4146FDF768FC6369069A089379
:101410001344013B0A93A369079A09931344013BC0
:101420000B93636B04F11400002B4DD10093092240
:1014300008A9FBF7CDFDCDF8B880236B2BB99DF83B
:10144000F83043F001038DF8F83008AA27A9304698
:10145000F1F769F863B0BDE8F08F606B27A9F1F789
:1014600075FB012813BF4FF0FF37BDF8A0B0BDF8E2
:10147000A270BB4692E70095CAF1000308229FE7DD
:1014800027A8D7F7A1FA07EBD77727AA20464FF46A
:1014900000310BEBDB7B2B96EDF72FFD7A104FEA3B
:1014A0006B0138A8FBF749FF70224FF4003120464A
:1014B000EFF7C9FA06903390636B2E9308AA27A919
:1014C0003046D7F75BFB88E72DB100230093082255
:1014D000CAF10003ACE7059B00950722A8E72DE9B8
:1014E000FF4104460121ECF7D6FE2046E56AF0F7FD
:1014F00029F801462846F0F7C4F8E06A4FF0FF31BA
:10150000F0F730F9E06A0121ECF789FE002226218C
:101510002046D3F733FF2046FFF7EEFCA16B0646CB
:1015200000F02CFD6FF04041E06AEEF765F83046C0
:10153000D4F7C6FBE06AEEF70AF905462046EEF757
:1015400006F9854210DC94F84C204FF4887302F0C1
:101550000F02D340DB0707D52046E56AEEF7F7F820
:1015600001462846EEF748F83046EEF7F3F8302209
:1015700005460021E06AEFF766FA102280460390E4
:101580000021E06AEFF75FFA112200EB08070390F1
:101590000021E06AEFF757FA3D4400EB08031D44D1
:1015A00094F84C30039003F00F07082F68D1236A9A
:1015B00005EB0308D6F78CFBD6F7AAFB804565DD63
:1015C000D4F81880D6F784FBD6F7A2FB236AC01A9A
:1015D00080454DDDA3690427013BAB42A8BF2B46E4
:1015E0001946E06AEEF71FF800212046FFF78AFC53
:1015F000082F5FD100230093E06A0D222146D4F723
:101600007DFBE06AD4F75CFB94F84C3003F00F03E9
:10161000013B012B19D8E06AEEF773F80746E06A40
:10162000EEF782F80546D6F753FBD6F771FBA842D2
:101630000BDCD4F82C80D6F74BFBD6F769FB2D1AC0
:10164000791B01394046EDF7B5FFA26B002130460A
:10165000EFF72AFB0023022801461A4602D003288E
:1016600018BF0121304604B0BDE8F041EEF71FB8C5
:10167000D6F72EFBD6F74CFB236AC31A013BACE727
:10168000042F03D1D4F81880A84501DB2B46A4E72A
:10169000D6F71EFBD6F73CFB236AC01A804507DA53
:1016A000D6F716FBD6F734FB236A0827C31A94E74C
:1016B000A36992E7042FE06A04D1002300930A2271
:1016C00021469CE7012F03D1002300931022F7E766
:1016D000022F96D1002300931322F1E710B50121C8
:1016E0000446ECF7E2FD4FF6FF73E06AA3640121C4
:1016F000ECF7E1FF20460022BDE810402721D3F798
:101700003DBE08B50121C06AECF7DDFD80F00100A7
:10171000C0B208BD37B50446DAF7F0FA0546FAF765
:10172000A6FA50BB2046FFF7ECFF00B32046FFF7B8
:10173000D5FFD4E910329A420BD0636401AA232169
:1017400020460193D3F71AFE01281ED12046EEF75A
:10175000C9F92846FAF75BFA042816D12046ECF7B7
:10176000C6FD002103B0BDE83040ECF714BA2046B6
:1017700003B0BDE83040FFF7B2BE636C236420467F
:1017800003B0BDE83040EEF7ADB903B030BD91F81D
:10179000583003F00303013B012B10B50C460AD867
:1017A000C86ADEF749FE0023E36294F8583043F03C
:1017B000030384F8583010BD38B504460D46C16B9C
:1017C000006DFBF7C9FD2860216C606DFBF7C4FD5F
:1017D000686038BD2DE9F04304468BB090468946D9
:1017E000D4F76EFA2046EDF7B2FF05462046EDF736
:1017F000B1FF04AF064639462046FFF7DDFF0297EA
:10180000B4F84C300193B4F848300093636C32461E
:10181000294606A8F0F76CFD6269069B511E0B4431
:101820000693A3690799581E01440791089901324C
:101830001144099A089101331A4406A920460992D5
:10184000EEF725F9C4E912982046D5F7F3F90021FF
:101850008046D6F713FB2046EDF700FD40460121F8
:10186000D6F70CFB0297B4F84C300193B4F848302B
:101870000093636C3246294606A8F0F739FD626989
:10188000069B511E0B440693A3690799581E0144F9
:101890000791089901321144099A089101331A44B9
:1018A00006A920460992EEF7F2F80BB0BDE8F083E6
:1018B0002DE9F04190F8593003F00F030A2B8AB05C
:1018C00004460D466DD8B5F5616F64DA002D65DB11
:1018D000636CAB425CD02046D4F7F2F92046EDF7BA
:1018E00036FF06462046EDF735FF04AF8046394601
:1018F0002046FFF761FF0297B4F84C300193B4F82B
:1019000048300093636C4246314606A8F0F7F0FC7D
:101910006169069BA2690B440693079B13440793D6
:10192000089B0B440893099B06A91344204609937E
:10193000EEF7ADF865642046D5F77CF90021054641
:10194000D6F79CFA2046EDF789FC01212846D6F708
:1019500095FA0297B4F84C300193B4F848300093EC
:10196000636C4246314606A8F0F7C2FC6169069BEB
:10197000A2690B440693079B13440793089B0B44EF
:101980000893099B06A9134420460993EEF77FF8B4
:101990000AB0BDE8F081A5F5616594E705F56165DC
:1019A00094E7002594E72DE9F04190F8593003F0D1
:1019B0000F030A2B1546036D88BF00250E4688BF0E
:1019C0002E46B3428AB0044602D1436DAB4266D084
:1019D0002046D4F775F92046EDF7B9FE07462046B4
:1019E000EDF7B8FE04A980462046FFF7E5FE04ABFC
:1019F0000293B4F84C300193B4F848300093636C10
:101A00004246394606A8F0F773FC6169069BA26955
:101A10000B440693079B13440793089B0B440893BE
:101A2000099B06A9134420460993EEF730F82A468D
:101A3000314604F15000FBF780FC2046D5F7FAF858
:101A400000210546D6F71AFA2046EDF707FC0121DA
:101A50002846D6F713FA04A92046FFF7ADFE04ABDB
:101A60000293B4F84C300193B4F848300093636C9F
:101A70004246394606A8F0F73BFC6169069BA2691D
:101A80000B440693079B13440793089B0B4408934E
:101A9000099B06A9134420460993EDF7F8FF0AB005
:101AA000BDE8F08138B590F8593003F00F030B2BE7
:101AB000044624D10021FFF7FBFE002211462046F8
:101AC000FFF771FFE36B002B6FD0236C002B6CD002
:101AD0002046D4F7F5F82046EDF739FE05022046FA
:101AE000E36B95FBF3F5EDF735FE2946226C00021A
:101AF00090FBF2F22046BDE83840FFF76BBE0D2B9D
:101B000023D10021FFF7D4FE002211462046FFF723
:101B10004AFFE36B002B48D0236C002B45D02046B6
:101B2000D4F7CEF82046EDF712FE05022046E36B0F
:101B300095FBF3F5EDF70EFE236C020292FBF3F238
:101B4000AA42A8BF2A461146D4E70E2B20D1002175
:101B5000FFF7AEFE002211462046FFF724FFE36B9D
:101B60001BB3236C0BB32046D4F7AAF82046EDF73D
:101B7000EEFD05022046E36B95FBF3F5EDF7EAFD7C
:101B8000236C020292FBF3F2AA42B8BF2A46DAE7BC
:101B90000C2B0AD10021FFF78BFE002211462046B4
:101BA000FFF701FF4FF48072CDE738BD2DE9F0411A
:101BB0000D468AB00446EDF795FF2846F0F78BFBFB
:101BC0000328064614D194F8583003F00303013B70
:101BD000012B02D8E06ADEF72FFC0023E36294F8C1
:101BE000583043F0030384F858300AB0BDE8F08160
:101BF00007A92846F0F7AAFF0128F6D1002E40D108
:101C0000BDF81E30D90605D56B69002BEDD0AB6948
:101C1000002BEAD094F8583003F00303013B012B6A
:101C200002D8E06ADEF708FCE562BDF820309DF8D6
:101C30001D00E363BDF822302364800094F858301F
:101C400000F07C0006F0030623F07F0330431843C6
:101C500084F858002046EDF7C3FD2046FFF722FF29
:101C6000636C3BB9A36CB3F5807F03D1E36CB3F530
:101C7000807F02D02046EDF7F1FA2046EDF732FFE3
:101C8000B3E7731EDBB2012BCFD8E76AAF420CD0AB
:101C900094F8583003F00303013B012B28462DD95B
:101CA000FDF75AFB0028A0D0E062022EBDD15A22D7
:101CB00000212046EEF7C7FE5B2207460590002173
:101CC0002046EEF7C0FE5C228046059000212046AB
:101CD000EEF7B9FE6FF060430022CDE901320590C6
:101CE000009043463A46294605A8FCF7F6FF059BB7
:101CF000ADF82030069BADF8223096E7FDF72CFBBF
:101D000000283FF472AFE062002FCED03846DEF7F5
:101D100093FBCAE78165EDF7E5BE4165EDF7E2BEED
:101D200091F85C30DB0610B50C4602D4C86ADEF7C9
:101D300083FB0023E36210BDF7B50C46022C054679
:101D4000194610460A9E9DF82C70DDE9082312D131
:101D50000097FCF785FF04463046FBF7DAFA04EB00
:101D6000D4742B6800EBD0706410C4EB600423447F
:101D70002B6003B0F0BD032CFBD10097FCF770FF84
:101D800004463046FBF7C5FA2B68001B0344EFE717
:101D9000022A02D0032A0ED07047436B002BDCBF0F
:101DA0004B6B43634B6C43640B6C03640B690361C3
:101DB0008B6B83637047436B002BDCBF4B6B4363C0
:101DC0004B6C43640B6C03640B6903617047436B9A
:101DD000013330B500D130BD00F12F04002314F8D9
:101DE000011F31B1C26A456B1A440133042B5155AE
:101DF000F5D14FF0FF334363EDE74B1C70B505465B
:101E00000C4614D0C16A042221443030FDF77CFA1C
:101E10002E266C630023E96A1A19885C18B1013315
:101E2000032B8E54F7D1EA6A134400221A5570BD71
:101E300007B55C220021EEF706FE03B05DF804FB57
:101E400007B55B220021EEF7FEFD03B05DF804FB51
:101E500007B55A220021EEF7F6FD03B05DF804FB4A
:101E600037B590F85C30C3F340145A064FEAC40407
:101E70004FF001024FF0000148BF44F00104054655
:101E8000EEF7E1FD6FF04043984201900ED105223C
:101E900000212846EEF7D7FD6FF06043984205D148
:101EA00095F82B301B0758BF44F00204204603B0BE
:101EB00030BD4164EDF716BE8164EDF713BEC06A14
:101EC0007047F8B504460D4601B9C56A2046FFF7CC
:101ED0007EFF2846FDF70DFA461CE06AA8420AD1AB
:101EE00094F85C30DB060FD431462846DEF7AEFAB4
:101EF000E062C0B9F8BD38B194F85C3013F0100757
:101F000002D1DEF799FAE7623046DEF77BFAE0624B
:101F10000028EFD02946FDF70CFA94F85C306FF3F7
:101F2000041384F85C302046BDE8F840E4F768B854
:101F30000EB477B5079E0446EDF7D4FD3EB92046B2
:101F4000E4F75EF803B0BDE8704003B07047E06AA4
:101F500038B194F85C3013F0100502D1DEF76CFA5A
:101F6000E56208A930460191FCF751FE94F85C3017
:101F7000E0626FF3041384F85C30E0E770B590F82A
:101F80005C3013F0100604460D4604D1C06A10B14F
:101F9000DEF752FAE66235B194F85C30E56243F060
:101FA000100384F85C302046BDE87040E4F728B8A0
:101FB0002DE9F04F044693B08B460EA9EDF7EDFBEB
:101FC000E36A04930EA8FBF7A4F907900EA8FBF7A9
:101FD000A5F908902046FFF73BFF82462046FFF711
:101FE00027FF07462046FFF72BFF81465046F9F7AB
:101FF000DCFD80462046FFF733FF07EB080305466C
:1020000009930027049B3B440593049BDB5D002B55
:1020100038D13E46E26A00212046EEF745FE02280E
:1020200056D14B465246F11B05980095FCF718FE19
:1020300004460EA8FBF76DF904EBD47400EBD070E6
:102040006410C4EB60040023CDE90B738DF82B30D2
:102050000D93002E72D1B046DDE90C125046F9F70F
:1020600071FDDBF80020A8EB09039A426BDB00EB63
:102070000903013343449A42CCBF0020012013B02E
:10208000BDE8F08F099B43440693069A089B934250
:1020900008DA94F85C3003F00F03012B04BF45F01D
:1020A0000405EDB200230193079B00930598029568
:1020B0004B4652464FF0FF31DDF706FDDBF80430AA
:1020C000434507EB0006A5DDDDF81880374699E7A4
:1020D00003280CD14B465246F11B05980095FCF79E
:1020E000BFFD04460EA8FBF714F9041BABE7002460
:1020F000A9E70B9B049A0DF12B00D15CFCF72CFD9A
:1021000050B10B9B9E42A7D304980BAB0DAA0CA910
:10211000FCF795FD002DECD1DDE90C125046F9F7E6
:1021200011FDDBF800302044834202DA0B97A04611
:1021300092E7A0460B9F09EB0004E2E79846013EB8
:1021400005F00805DDE7002099E7406C7047806CDA
:10215000704790F85C00C0F34010704710B5084617
:102160000C46FDF78DF9C0F3072384F82C0084F8A2
:102170002D30C0F30740FF2384F82E0084F82F3061
:1021800010BD00F0C043B3F1005F17D120F0C04391
:102190006FF06042934211D0B3F1805FA2BFC3F1F0
:1021A0007F6303F57F2303F6FF734B43642093FBA8
:1021B000F0F08842A8BF084620EAE070704700238C
:1021C000C1E90B3391F8343023F00303084681F85A
:1021D00034300221ECF723B801F15C00FBF795BE27
:1021E00010B50C4620460121FAF786F82046022158
:1021F000BDE81040ECF713B810B50C46204600219E
:10220000FAF77AF80223204600211A46FAF780F8F6
:1022100020460221BDE81040ECF701B810B5FBF7ED
:10222000D6FB436B04464BB1006C38B1D96A99B107
:10223000FFF747FE206C0121EBF7F1FFA36CA3B180
:10224000606D90B1D96A59B1FFF73BFE606D012115
:10225000BDE81040EBF7E3BF0121ECF72CFAEDE706
:10226000BDE810400121ECF726BA10BD91F83030DE
:1022700010B50C461BB9C86A08B1DEF7DDF80023BB
:10228000E36284F8303010BD10B508460C46EFF715
:1022900061F9C16A2046EFF7F4F920460121FAF707
:1022A0002BF80223204600211A46FAF731F820467F
:1022B0004FF48041BDE81040ECF7FDB910B504467D
:1022C000806B78B3636B6BB394F86A10C1F342010F
:1022D000012906D002291ED051B9EFF743FA012196
:1022E00003E00021EFF73EFA0021606BFAF728F8CF
:1022F000A06BD3F721FA606BD3F71EFAA06BD3F76C
:10230000DFFCA06BEDF739FA012130B9A06BBDE815
:102310001040ECF7D0B90121DFE7A06BBDE8104019
:10232000EBF77DBF10BD036D8B4209D0C36B8B42B1
:1023300008D190F8690001288CBF00200120704767
:10234000012070470020704710B504465C30FBF751
:10235000DCFD002384F8683010BD38B50446406BBE
:102360000D4610B1E16AEFF78CF9002D3DD004F174
:102370005C00FBF7DEFC056094F86830216B0133EC
:1023800084F868302846EFF77CF9A06D656320B1CA
:10239000A36C01216BB3EBF77EFFA36C9BB394F8A6
:1023A0006A30D9070AD5DA06206D4FF0010123D52E
:1023B000EBF735FF206D0221ECF77DF994F86830DA
:1023C000E06B012B4FF0010128D9EBF728FFE06B00
:1023D0000221ECF770F9204600222321D2F7CEFF2C
:1023E0002046BDE83840FFF769BF2046FFF7ACFF45
:1023F000CBE7EBF75AFFD0E7ECF75DF9206D022150
:10240000EBF70DFFDAE794F86830E06B012B4FF043
:102410000101DAD894F86A30DB06D6D4ECF74BF930
:10242000E06B0221EBF7FBFED5E7F8B50446FBF7BE
:10243000C8FA0A2840D12046FBF7BFFA05462046D5
:10244000FBF7C5FAC36B9D42044602D0036D9D4263
:1024500032D194F8683084F8693029462046FFF775
:1024600062FF48BB04F15C073846FBF702FD0146FA
:1024700006463846FBF703FD0546E8B131463846C7
:10248000FBF7B7FC3046DDF7D7FF94F86830013B27
:1024900084F8683029463846FBF7ABFC94F868307E
:1024A000013B84F8683020462968FFF756FF28462C
:1024B000BDE8F840DDF7C0BFF8BDEDF77BB807B564
:1024C0005A22EEF7C0FA03B05DF804FB0021EFF7E3
:1024D00044B807B55C220021EEF7B5FA03B05DF809
:1024E00004FBF0B50E4685B000210546FFF7E7FF77
:1024F0004FF4802104462846FFF7E1FF07462046B7
:10250000F9F753FB04463846F9F74FFB07462846D0
:10251000FFF7DFFFE31903EBD37300EB63072846F4
:10252000AC69EDF717F900EBD07004EB600307EB33
:10253000D772A3EB620373603B44F360694628469D
:10254000EDF7C3F8009B3360029BB36005B0F0BDAC
:10255000F8B590F83C3003F00303012B044634D166
:10256000826B036BC16AB1FBF2F152084A43B3FBC1
:10257000F1F501FB153313440363B3FBF1F501FBE4
:102580001533134443630021FFF799FF05462046A6
:10259000FFF79FFF06462846F9F707FB0746204648
:1025A000EDF7EBF805462046FFF790FF07EBD773F2
:1025B000216B05EBD5755B10C3EB65033E4401FB56
:1025C0001631BDE8F840ECF7F5BFF8BD08B5006876
:1025D000EEF7C0FFBDE80840FFF7BABF2DE9F04FA6
:1025E000B5B00546FBF7EDF906462846FBF7E5F9D9
:1025F0001D2E044619D12846ECF77FFE14A9054686
:102600002046FFF76EFF18A8D6F786FF18AA4FF4EA
:10261000802120461C95ECF7C9F914AA18A9284670
:10262000F0F758F835B0BDE8F08F202EFAD12846E3
:10263000ECF763FE804618A8D6F784FB18AA4FF47F
:1026400080212046CDF8708008F11805ECF7ECFBEE
:102650000DF1300908A92046FFF743FF08AA2946D3
:102660004846FAF7F8FA0028DCD02046FFF72EFF9C
:102670000746FFF76EFD28B19DF8BB3043F04003DD
:102680008DF8BB303846FFF71AFC05902046DDE98F
:10269000246BDDF888A0EDF75AF801225B46CDE9FE
:1026A000010205990096524606A8FCF716FB204643
:1026B000EDF750F8002106462046FFF700FFC368FB
:1026C000BA6903EBD37302EB6302A36906EBD67618
:1026D000834603EB660338464FEA660AD61AEDF7DF
:1026E00039F8DBF80C30A269C01A229B9244DB68EF
:1026F000079A0028C8BFB603A2EB0302C8BF96FB27
:10270000F0F6724303EBD3730AEBA23600213022BA
:102710002046A6EB6306EEF796F912228346149044
:1027200000212046EEF78FF91322824614900021F3
:102730002046EEF788F9149063699A440AEB0B037C
:10274000CDE91036E369181A079B334413939DF8BB
:10275000BB3043F008038DF8BB30A0EB0B001290A8
:1027600095E80F0014AC84E80F0099E80F0085E8A5
:102770000F003846FFF7A3FB10AA1F9018A9404688
:10278000EFF7D1FE94E80F0085E80F004AE72DE946
:10279000F0434FF4807985B004460E464D4600273D
:1027A000CCB9002D08BF012502ABB9F1000F08BF5D
:1027B0004FF0010900934FF48032019492FBF9F33A
:1027C0007942304692FBF5F2CDE90244FAF793FDE7
:1027D00005B0BDE8F083702200212046EEF733F902
:1027E000029038446E22002107B22046EEF72BF902
:1027F0006F228046029000212046EEF724F9B8F1BE
:10280000010FB8BF4FF0010801280290B8BF0120A6
:1028100009FB00F04FEA20292046EEF79BFE05FB5E
:1028200008F84FEA28250446BAE770B586B0054691
:10283000FFF74CFE0446E8B14FF480212846FFF72D
:102840003EFE5B224FF4802106462846EEF7FBF859
:10285000054604902046FFF732FB00236FF06042EC
:10286000CDE901230146009304A82B463246FCF72C
:1028700034FA049806B070BD2DE9F74F04460E46B1
:102880001546FFF723FE0023C4E90C330746E36235
:10289000721EE36A12F8018F0133B8F1000F13D1F1
:1028A000E36294F83C30A5B965F3010384F83C3049
:1028B00031463846FFF705FB236B6363384603B0A8
:1028C000BDE8F04FECF7CABCB8F10A0F08BFE362ED
:1028D000DFE7012262F3010384F83C3041462046E1
:1028E000FFF7EDFDD4F82C90F9F75FF95B22414634
:1028F00005462046EEF7A7F8054409FB05F54FF419
:102900007A7393FBF5F30F2BA8BF0F23032BB8BFEC
:102910000323DA0758BF0133A3633046FCF7E9FC11
:10292000A56B00FB0555012D38BF012500F10109FC
:102930002846DDF767FD4FF0000A8046A26B52453E
:1029400000EB090B15D84544002305F8013C41462E
:102950003846FFF7B6FA4046DDF76EFDA36BE16A35
:102960005A084A434B432263E3622046FFF7F0FDD7
:10297000A2E73146FCF7DDFC0A230AF1010A0BF855
:10298000013C5846DAE7F0B490F83C4004F0030408
:10299000012C0B461146C26A16D1846BB2FBF4F4CB
:1029A000A34211D2056BB5FBF4F76743ED1BEE1A9A
:1029B0001FFA86FC36B2002ECCBF66467642B6EBD6
:1029C000540F0AD81C46E319934228BF02F1FF3383
:1029D000F0BCC0E90C33E4F7E7BA9D428CBFE418C1
:1029E0001C1BF0E707B51322EEF72DF803B05DF8D6
:1029F00004FB07B51222EEF726F803B05DF804FBDE
:102A000007B51022EEF71FF803B05DF804FB07B519
:102A10001122EEF718F803B05DF804FB2DE9F84F2A
:102A20000F46002104469046FFF7E3FF00210646CB
:102A30002046FFF7D7FF002182462046FFF7E0FF40
:102A4000002105462046FFF7E2FF81462046ECF7CD
:102A50007EFEA0EB060B2046ECF77CFE401BA0EBB5
:102A60000900ABEB0A0B8345204613DAECF76FFE47
:102A7000831BA3EB0A03626903EBD3735B101A4455
:102A800032443A60A2691A442A447A60C8F8003095
:102A9000BDE8F88FECF75EFE431BA3EB0903EAE702
:102AA000F0B5154687B000221C466FF06043CDE9B3
:102AB00001320B6B009306464B6B8A6AC96904A806
:102AC000FCF70BF996F83C30012B23D8049B2A68BD
:102AD00003EBD3735B105B421A4422602A68D21A5C
:102AE000A26096F83C306D68012B4FF400313046FF
:102AF00007D1FFF78CFF059B054465602B44E3601D
:102B000006E0FFF77DFF059B2D1AE560ED1A656075
:102B100007B0F0BD082B28D025D8022B01D0042BFC
:102B2000F6D1059B6A6803EBD3735B105B421A44D2
:102B300062606A68D21AE26096F83C302F68022B15
:102B400025D1049B4FF400313046FF1AFFF751FFA7
:102B50003F1A27604FF4003130462D68FFF749FFD8
:102B60002D1AA560D4E7102BD2D1049A286802EB65
:102B7000D273A0EB63002060059B696803EBD376FA
:102B8000A1EB660102446160A2600B44B7E74FF419
:102B900000313046FFF726FF074427602D68049B6D
:102BA0004FF4003130461D44FFF71CFF0544D8E7C1
:102BB00070B50C4601F12C06236B30461BB9BDE8FD
:102BC0007040FBF7A2B9FBF754F9054601463046C1
:102BD000FBF70FF92846DDF72FFCEDE7F7B50646C2
:102BE0000C461D461746002A39D06A464821384609
:102BF000FBF7F1FC01281AD1009820636A464C21AA
:102C00003846FBF7E8FC012818D1009BA3851B0C74
:102C100084F82E306A464D213846FBF7DCFC01284B
:102C200016D19DF8000084F83C0003B0F0BD4822A6
:102C300029463046EDF707FF0190DEE74C22294692
:102C40003046EDF700FF0190C0F30743A085DFE7B2
:102C50004D2229463046EDF7F6FEC0B2E3E71946AD
:102C60004C22EDF7F0FEC0F307430190A08584F8F5
:102C70002E304D2229463046EDF7E5FE48220190E0
:102C800084F83C0029463046EDF7DDFE2063CCE7B2
:102C90002DE9F04F0446ADB00846ECF72EFBB4F832
:102CA0004830C3F30E03012B06460DD994F83C308F
:102CB000022B00F0C180082B0BD008D8012B40F26A
:102CC000BB80042B00F0B8802DB0BDE8F08F102B36
:102CD000FAD10CA8EFF756F808AF0CAA002120464D
:102CE0001096ECF7EFF904AA39462046FFF796FE56
:102CF000D4E914231A440092D4E910120846FBF7D1
:102D000000FAD4E914231A440092D4E910120546BB
:102D10001046FBF7F6F9024697E8030017AB83E885
:102D2000030004F12C0B049BADF8643030460CA971
:102D3000CDE91552EFF73DF85846FBF79DF80746E9
:102D40000028C1D01CA8EFF71DF80DF1280A1CAA15
:102D5000002120462096ECF7B5F905AA51462046F9
:102D6000FFF75CFED4E914231A440092D4E9101250
:102D7000F868FBF7C6F9D4E914231A440092D4E9A1
:102D8000101281463869FBF7BCF93D688046002D7A
:102D900000F0548106AA50212846FBF71CFC0128AC
:102DA00040F021810698249006AA52212846FBF77C
:102DB00012FC012840F01E81069BADF88C301B0CE4
:102DC00006AA532128468DF88E30FBF704FC012813
:102DD00040F01B819DF818008DF8AC0006AA512127
:102DE0002846FBF7F8FB012840F01781069800F011
:102DF00001009DF8AD3006AA60F300035421284677
:102E00008DF8AD30FBF7E7FB012840F01081069804
:102E10002A909AE8030027AB83E80300059BADF8EE
:102E2000A4301CA93046CDE92598EEF7C2FF3946FB
:102E30005846FBF728F882E70CA8EFF79CFB0CAA92
:102E4000002120461096ECF7D1F8302200212046D0
:102E5000EDF7F9FD002180461C902046FFF7D0FDDC
:102E6000002100EB08052046FFF7D1FD002100EB13
:102E700008072046FFF7BDFD002181462046FFF7E9
:102E8000B1FD94F83C30022BD4E9171200EB080C8A
:102E90006CD11898E36900EBD07003EB6003A3EBEF
:102EA0000C03013BA06908930A93236A0544DB1BCA
:102EB00001EBD17102EBD272A5EB610503EB62036A
:102EC00009950B9302AD08A92846FAF731FA95E85F
:102ED000030013AB83E803000AA92846FAF728FA8F
:102EE00095E8030015AB83E8030004F12C09304694
:102EF0000CA9EFF75AFB4846FAF7BEFF0546002833
:102F00003FF4E2AE1CA8EFF736FB1CAA00212046D6
:102F10002096ECF76BF82B6AEF6903EBD37894F803
:102F20003C3007EBD777022B4FEA67074FEA680878
:102F300001D0042B4FD1AB6ADDF820A01F442B6BCE
:102F4000A3EB080BD0462A6800231CA92046FFF7F4
:102F500045FE1CA93046CDE923A7CDE9258BEFF727
:102F600024FB29464846FAF78EFFC7E7042B09EBF6
:102F7000080007D1189B03EBD37C636903EB6C0358
:102F800003448EE7012B11D0D3B100239C46E569A1
:102F900009932D1A01EBD17102EBD272ACEB6101F6
:102FA00005EB62050B9308910A958BE76369189FFF
:102FB0009C44A36907EBD77703EB67032B44E6E751
:102FC0006369189D00EB030C236A05EBD57503EBD1
:102FD0006503DB1BDBE76B6AA3EB070A099FEB6A60
:102FE000BB469844AFE7502200212046EDF72BFD69
:102FF0000790D8E6522200212046EDF724FD0790E5
:10300000C0F30743ADF88C00DAE6532200212046D6
:10301000EDF719FD0790C0B2DEE6512200212046EF
:10302000EDF711FD0790003818BF0120E1E65422AA
:1030300000212046EDF707FD0790E9E652222946D8
:103040002046EDF700FD5322C0F307430790ADF88B
:103050008C00294620468DF88E30EDF7F4FC502286
:1030600007908DF8AC0029462046EDF7ECFC512284
:103070000790249029462046EDF7E5FC9DF8AD30F9
:103080000790003818BF012060F300038DF8AD30C1
:1030900054222946CDE72DE9F04FA1B0044610A8EF
:1030A0000E4693469946EFF766FA10AA002120468D
:1030B000EBF79CFF0322BBF1000F1DD04FF4003152
:1030C0002046EDF7C0FC0D220C9082464FF40031F3
:1030D0002046EDF7B8FC00250C90804694F83C3073
:1030E000022B77D0082B1AD017D8012B72D9042BBA
:1030F00070D021B0BDE8F08F4FF4A0212046EDF74D
:10310000A2FC0D220C9005464FF4A0212046EDF7BD
:103110009AFCDA460C908046E0E7102BE9D10CA926
:103120002046ECF73AFB0CA8FAF7F3F807460CA890
:10313000FAF7F4F800EBD070431007EBD777B3EB56
:10314000670F0CA840F30F81FAF7E3F8236D0C9A90
:103150000D995E43B4F8483000EBD0704710C3F3CC
:103160000E030A204643013BB6FBF3F6636D00FBFA
:1031700003661C9B39443A44FF1A94F83C300A9287
:10318000BBF1000F18BF55463A44082B0CBF7D1BFE
:10319000ED19424400270AAC4FF48073C9E90021BD
:1031A0000B911A463146484601970094FAF7A3F866
:1031B0000A9B2A9A2A981D442A9B45441D600B9B12
:1031C00053604FF48073CDE900471A463146FAF751
:1031D00092F88EE7302200212046EDF734FC0021E2
:1031E00007460C902046FFF70BFC0021C319204630
:1031F0000393FFF70CFC0021C31920460493FFF74B
:10320000F1FB0021C31920460593FFF7F2FB4FF4B1
:10321000A02100EB07082046FFF7E4FB4FF4A021B4
:1032200008902046FFF7E5FB4FF4A02106902046CA
:10323000FFF7E6FB4FF4A02107902046FFF7E7FBDE
:1032400094F83C10099002291C9838D1E769059B35
:10325000079A00EBD07007EB6007FF1A039B9A18E0
:10326000A3691344BBF1000F18BF5546B4F848A03A
:103270000229CAF30E0A0AF1FF3A39D1564516D08F
:10328000049B099A9A18236A9B1A86B120460593D3
:10329000ECF760FADDE903231A44079B1A44099B03
:1032A0001A44059B801A704390FBFAF01B1A013FE9
:1032B0002A9AC9E900737F1B1760536019E700EB76
:1032C000D070042967694FEA600023D1039B079AF5
:1032D0009A18A369074447441344B4F84820BBF143
:1032E000000F2BD0CAF10005C2F30E0A0AF1FF3A13
:1032F0000429C3D0564523D1069AE7699044A7EB29
:103300000807C9E900732A9B2A9A1F60D9F804307C
:103310002B44D2E7012907D1089A059B13441F4487
:10332000A369039A03449CE7069B226A43441F4413
:103330008318049A9B1A0029CFD093E76D42D3E7F4
:10334000002EDED020460393ECF701FA059A089B85
:1033500042441A44069B1A44801A7043039B90FB14
:10336000FAF00744CDE7F9F7D9FFEFE638B591F861
:10337000A0300C4623F00303002581F8A030C1F8EB
:103380009C5020464FF48071EAF749FF10212046F7
:10339000EAF745FF4FF480612046EBF78CF92846A9
:1033A000D4F7D6FC1D280CDD2846D4F7D1FC142315
:1033B00000F10A0191FBF3F12046BDE83840ECF73B
:1033C0003CBC0121F8E738B590F8703013F03803B1
:1033D00005460AD1ECF7BBF904462846ECF7BAF9E2
:1033E0008442B4BF0020012038BD083B58425841F8
:1033F000FAE72DE9F3470C4605465110002B4CD057
:1034000023685B1A23601344013BA36083696360F4
:10341000036AE36012224FF440312846EDF713FBB4
:103420001322019007464FF440312846EDF70BFB7D
:103430001022824601904FF440312846EDF703FBFD
:103440001122019080464FF440312846EDF7FBFAF7
:103450006A22814601904FF440312846EDF7F3FA95
:103460006B22064601904FF440312846EDF7EBFA07
:1034700022683744D21B2260A26856443244A260BC
:1034800062688044A2EB080203466260E2684B4433
:103490001A44E26002B0BDE8F08763685B1A6360BB
:1034A0001344013BE36043692360C369A360B1E750
:1034B00008B5FCF7E8FB012803D0831E58425841A9
:1034C000400008BD2DE9F04F87B00F460446D8F7FD
:1034D00015FC0646F8F79BFB012840F0A380304618
:1034E000F8F7C5FB002840F09D8002A93046F8F7A8
:1034F000A1FB032202A92046ECF7FBF92046FFF7C7
:1035000062FF05468FB194F8A030DB070DD4002888
:1035100000F08B80D4F89420029B9B1A002B96F825
:103520002420B8BF5B4293427CDBD4F89C8004F13A
:103530003806B8F1000F0ED12046FFF7B9FF94F816
:10354000A030012843F0010384F8A03071D804F1C1
:103550002C03C4F89C30D4E90C37272200212046E4
:10356000FF1AEDF770FA5FFA80F804902046FFF733
:103570002AFFB8F1010F94F84C900CBF80464FF031
:103580000008002D00F0DB80122200212046EDF71C
:103590005AFA00218246132204902046EDF753FA8E
:1035A000834604902046ECF7D2F8C14514BFE16988
:1035B0006169029BA0EB0A0214BFA1EB0B018A44D4
:1035C000A2EB0B0214BFCB1AA3EB0A0342B102EB2E
:1035D000D271491007FB031393FBF2F2236B1344E0
:1035E000D4F89C20D4E90C10B2420CBFE06AA16B65
:1035F0008342A8BF03468B42B8BF0B46116899426D
:1036000010D01360002D00F0C4804FF400712046EC
:10361000EAF705FE2046ECF765FA00222321204652
:10362000D1F7ACFE07B0BDE8F08FD4F89820039B2B
:1036300073E702288FD1D8F761FB04A9F8F7FAFAEB
:10364000032204A92046ECF754F9272241462046DC
:10365000EDF7F9F90190C7B22046FFF7B4FE012F4C
:1036600094F84C301DD1F8B90599002B57D1D4F8F6
:1036700088309942FFF66BAFD4F8803099424BDC2A
:10368000A26FD4F88000D4F88830801A00EBD07094
:1036900002EB6002521A002AD4F89000B8BF5242DE
:1036A0001CE00028E0D047469F4204992CD1D4F872
:1036B0008C308B42FFF64BAF636F99422CDB626F0D
:1036C000E06FD4F88430801A00EBD07002EB600217
:1036D000521A002AD4F88C00B8BF5242C01A00EB2C
:1036E000D07003EB60035B1A002BB8BF5B429A42B9
:1036F0001EDD04F12C03C4F89C3094F8A0306FF365
:10370000410384F8A03026E7D4F884309942FFF6CC
:103710001EAFE36F9942D2DDC4F89C601BE7D4F87A
:10372000903099423FF713AFA36F9942F4DBA7E7BC
:1037300094F8A030C4F89C6043F00203E1E7102243
:1037400029462046EDF77FF9294683461122049049
:103750002046EDF778F9824604902046EBF7FAFF11
:10376000C14514BFA169216A039BA0EB0A02A2EB29
:103770000B020DBF8A448B44A3EB0B0AAAEB030A8E
:1037800002EBD2735B1007FB0A3393FBF2F3226B5D
:1037900025E74FF480713AE72DE9F047BCB00546C4
:1037A000FAF70BF904462846EBF7A7FD272200217C
:1037B00080462046EDF747F92090C5B22046FFF736
:1037C00002FE012D074694F84C90204622D177B195
:1037D000FCF75EFA06462046EBF7BCFF824606B3CE
:1037E000E36A002B1DDAA9451DD1E36B1CE0FCF751
:1037F0004FFA06462046EBF7AAFF8246002E40D03D
:10380000E36A002B3DDAB9F1000F3DD1A36C0193BF
:1038100000250AE0FCF73CFA0646002FEAD0002516
:10382000D9E7A945E1D1636C009304A8D5F774FEEC
:1038300004AA4FF440312046CDF82080EBF7B6F8CB
:103840003B46524669462046FFF7D3FD009BC4F82D
:103850008430019BC4F88830029BC4F88C30039BF1
:10386000C4F890302046FFF723FE022804F18406B6
:103870000CD0324604A94046EEF72CFF3CB0BDE820
:10388000F087B9F1000FC1D1236CC0E7702204A901
:1038900020A8FBF716FC324604A94046EEF71AFFB3
:1038A000DFB1A9450CBFE36B636C00933B46524606
:1038B00069462046FFF79DFD009B6367019BA36758
:1038C000029BE367039BC4F88030702220A904A800
:1038D000FBF7F7FB04F17402CCE7A9450CBFA36C1E
:1038E000236C0193E2E7D0F880300A2193FBF1F3D7
:1038F000012BB8BF0123C0F88030E4F7EDBCD0F84D
:103900008020816F0A235A43C36F002BB8BF5B42EC
:103910008B42B8BF0B469342A8BFC0F88020E4F7A3
:10392000DBBC426FD0F88010002A13DA5318002B4A
:1039300010DD5B420B44816F8B4206DD90F88530D1
:10394000DB0709D5914209D1C36F934208D0436781
:10395000E4F7C2BC1346EDE70B46F6E70B46F6E785
:103960007047426FD0F88010002A12DD8A4210DAC8
:103970008B1A5B1AC16F8B4206DA90F88530DB0731
:1039800009D5914209D1836F934208D04367E4F788
:10399000A3BC1346EDE70B46F6E70B46F6E7704788
:1039A000FBF777BFFBF7A9BF10B50C4620460221F5
:1039B000EAF735FC2046C822BDE810404FF47A7182
:1039C000E4F7DCBD00684FF0FF33C362ECF78AB860
:1039D000C162ECF787B808460021DBF7F5BC10B5EB
:1039E0004FF0FF33CB6291F830300C466FF3020397
:1039F00081F8303020461021EAF711FC20460821DA
:103A0000EAF759FE20464FF48061BDE81040EAF71E
:103A100052BE2DE9F041C0B00546F9F7CEFF04468D
:103A20002846EBF76AFC694606462046EBF7B5FEEA
:103A300008A8D5F771FD08AA4FF4003120460C966E
:103A4000EAF7B4FF6A4608A93046EEF743FE636919
:103A50000493A369059304F11405E36906932846CA
:103A6000236A0793F9F755FC07462846F9F756FCF1
:103A700094F8303003F00703012B03D0022B6DD0F4
:103A800087426BDB2046EBF765FE07462846F9F7D1
:103A900040FCE56A6A1CA0EB070856D043465D432C
:103AA00048BFFF352D12272200212046ECF7CBFF1F
:103AB0002490C0B20128049B08BFA8EB0505012F84
:103AC000B8BF01271D44013F2F44049506971222D9
:103AD0004FF440312046ECF7B6FF13228046249085
:103AE0004FF440312046ECF7AEFF102207462490F9
:103AF0004FF440312046ECF7A6FF4FF44031054625
:103B0000249011222046ECF79EFF049A2490A2EB09
:103B100008020492069A3A440692059A521B0592AC
:103B2000079A024424A80792D5F7F6FC24AA204657
:103B30004FF440312896EAF739FF04AA24A9304609
:103B4000EEF7C8FD40B0BDE8F0812046EAF7C7FBBC
:103B500010F0010F14BF45460025A4E72046EBF7FF
:103B6000F6FD07462846F9F7D9FBE56A6B1CA0EB82
:103B7000070819D043465D4348BFFF352D12272261
:103B800000212046ECF75FFF2490C0B20128079B7C
:103B900008BFA8EB0505012FB8BF01275B1B013F3C
:103BA0000793DB1B059392E72046EAF798FB10F09A
:103BB000010F14BF45460025E1E707B51222ECF7D7
:103BC00042FF03B05DF804FB07B51322ECF73BFF9F
:103BD00003B05DF804FB07B51022ECF734FF03B027
:103BE0005DF804FB2DE9F04F89B0074610468A4680
:103BF00090460493F7F7D9FF159BC418169B1C44F5
:103C0000FB6A03FB0AFADDE91323D31856460025A5
:103C10000593FA6A02EB0A03B34203D8204609B0BF
:103C2000BDE8F08F7B6B53F8261003EB860000296C
:103C300045D0D7F83CC05CF82530A946013A4A4542
:103C400004D950F804BBBBF1000F1CD10A7812F064
:103C5000020224D10292059A9B1A0193129B0093AF
:103C60004246049B083106A8FBF737F8159A079BD4
:103C70001344169A1344A9EB05059C422E44B8BF81
:103C80001C464D461BE09BF800B01BF0010F09F1EC
:103C9000010EDBD05CF82E904B44F146CFE7404656
:103CA000F7F783FF159B1844169B1844A04206DDC6
:103CB0004046F7F77AFF159BC418169B1C44013643
:103CC0000135A6E7F8B500250C462F46D4E90B329E
:103CD0005343AB42606B0CD808B1DCF7ADFBA06B73
:103CE00008B1DCF7A9FBE06BB0B1BDE8F840DCF748
:103CF000A3BB50F82530AE0063B1586820B1DCF7A3
:103D00009BFB636B9B595F60636B9859DCF794FB7B
:103D1000636B9F510135D9E7F8BD012310B504202D
:103D2000C1E90B330C46DCF76DFBE063206B8000D0
:103D3000DCF768FBE26BA06382231360A26B136065
:103D4000D4E90B315943606B8900DCF77FFB00231A
:103D5000606303604FF6FF73C4E9103310BD2DE9B3
:103D6000F743914600221C4605460F4613464B4535
:103D7000226044D1EB6ABA00581E002653434A46DB
:103D8000904242D8272200212846ECF75CFE0190A1
:103D9000C0B20128284648D1ECF7DBF82368034479
:103DA00023602846EBF7D3FC23680021A0EB03082F
:103DB0002846FFF709FFA8EB0000A060EB6B53F863
:103DC00029303344C01A206000231E46BE4263607F
:103DD0003FD100212846FFF7FEFE6368034463607D
:103DE0002846ECF7BBF86368181A6060AB6B53F8B1
:103DF000263018440138E06003B0BDE8F083E96B79
:103E000051F8231001330A44B1E7696BC9580029FE
:103E1000B8D00978C90702F1010203F10403B1D552
:103E2000E96B51F822100E44AAE7ECF792F82368E8
:103E30001B1A236000212846FFF7BFFE23681844A1
:103E40002060EB6B53F829301E440644013EA66007
:103E5000BAE7AA6B52F8262001361344B6E730B50C
:103E600085B0D0E910216B460446FFF778FF009932
:103E7000002911DA0123002249422046ECF7AEF86E
:103E8000019A002A15DA012352420021204605B08A
:103E9000BDE83040ECF7A2B82046029DEBF757FC96
:103EA0008542EDDD2046EBF752FC01230022411B49
:103EB000E3E72046039DEBF74DFC854205DD2046F8
:103EC000EBF748FC0123421BDFE705B030BD2DE9CD
:103ED000F04F4FF4A0218DB00446FFF76EFE4FF473
:103EE000A02107902046FFF76FFE4FF4A021089015
:103EF0002046FFF770FE11224FF4A0218346204692
:103F0000ECF7A1FD5B220B904FF4A0210546204663
:103F1000ECF799FD5C220B904FF4A0210646204659
:103F2000ECF791FD5A220B904FF4A0210746204652
:103F3000ECF789FD06220B904FF4A0218046204625
:103F4000ECF781FD4FF4A0210B908146072220461B
:103F5000ECF779FD002182460B90236B994208D340
:103F60002046EBF73DFC20460DB0BDE8F04FEBF7E7
:103F7000B9BD089B0293079B0991CDE90073CDE978
:103F800003B5334642462046FFF72CFE0999A36B42
:103F90005045A8BF50464845ACBF43F8210043F800
:103FA00021900131D9E70121EDF7D7BA0021EDF7D2
:103FB000D4BA7FB50546F9F700FD04462846F9F75F
:103FC00000FD06462046EDF7C5FA332E054606D11C
:103FD000C16A002204B0BDE87040E5F701B80E2EBA
:103FE00037D1D7F78BFE10B1037A012B31D02046A1
:103FF00002A9D2F78DF995F8303013F00C0F204656
:1040000029D0EBF7AAFB2722044600212846ECF72B
:104010001AFD029B0190E20FC0B2224401280CBF9E
:10402000C3EB620303EB620393FBF4F4EE6AD7F78E
:1040300065FE24EAE474024600B1012221462846C6
:10404000E4F7CEFFB44204D0002223212846D1F762
:1040500095F904B070BDEBF790FB039C00EBD073B7
:1040600004EB630494FBF0F4E0E77047486B10B591
:104070000C4618B1DCF7E0F900236363A06B18B1BC
:10408000DCF7DAF90023A363206B18B1DCF7D4F96D
:104090000023236310BD7FB590F8642002F0010473
:1040A0008C4218D0003918BF012161F30002C46AA4
:1040B00080F864206269036DC56D1344D0E915165C
:1040C0000093A3691944019132442B44694602923A
:1040D0000393EBF7DCFC04B070BD07B55A22002156
:1040E000ECF7B1FC03B05DF804FB70B50546F9F7D9
:1040F00068FC04462846F9F760FC0646EDF72AFA04
:10410000313C012C05460BD830460021FDF7D9FE85
:104110002846E5F723F82846BDE87040E4F7DEBFFF
:1041200070BD90F8643061F3410380F864307047EB
:1041300070B590F87030C3F3C0028A4204460D4651
:104140002BD061F3C30380F870306420D1B1DBF76A
:10415000BFFA6FF040410646E06AEBF74DFAE06ABD
:1041600000223146EDF72EF98DB16FF04041204627
:10417000EBF759FA002320461A46BDE8704019466D
:10418000EBF789BFDBF7A4FA2E460146E4E72A469F
:1041900002212046ECF7B4FFECE770BD90F87030D8
:1041A0005B0702D4C06AFDF78ABE406B7047C06CE3
:1041B00070470068E5F794B990F87000C0F3C0004C
:1041C000704738B50446C06AFDF7BFFF4FF6FF736E
:1041D000984205460BD0E06A4FF6FF71FDF769FE85
:1041E000E06A4FF6FF71BDE83840FDF765BEE06A52
:1041F000FDF7ADFFA842EED138BD73B5C36C0446E0
:104200008BB37F2301A9ADF80430E5F749FA012803
:10421000054628D1E06AFDF752FEE16C06462A46C3
:104220000139FAF7D9FCE06A3146FDF74AFE20462B
:10423000FFF7C7FF236B3BB1E06AFDF740FE037851
:1042400013B92046EBF74EFC94F87030E16C5B0735
:104250000BD4E16C20460139E5F768F800222321F0
:104260002046D1F78BF802B070BD01220139606B96
:10427000FAF7B2FC656B2846FBF73BF8411C284671
:10428000DCF7E4F860630028E3D1ECE738B5C56CEF
:104290000446691CE5F74AF8E36C9D4204D02046C9
:1042A000BDE83840FFF7A9BF38BDC16C0131E5F763
:1042B0003DB8C16C11B10139E5F738B8704730B578
:1042C00085B00446C16CC06A02AAE1F715FD5C2204
:1042D00000212046ECF7B7FB05462046FFF7FDFE20
:1042E000F7F763FC039B054401351D44E06AA36CAA
:1042F00003950293EBF72EFA85420ADA012202A90E
:10430000E06AE1F7ADFDA56C01462046E5F70EF841
:10431000A56405B030BD30B585B00446C16CC06A37
:1043200002AAE1F7E9FC5C2200212046ECF78BFBB6
:1043300005462046FFF7D1FEF7F737FC039B2844DC
:1043400001381B1A03930122A36CE06A029302A9AD
:10435000E1F786FD01462046A56CE4F7E7FFA5647A
:1043600005B030BD2DE9F7430446F9F72AFB0546B1
:104370002046F9F722FB0E2D044645D1D7F7BEFCA7
:1043800010B1037A012B3FD02046EBF7E6F9064641
:104390002046EBF7F2F9694607462046D1F7B8FF09
:1043A000009D06EBD67305EB630595FBF6F57543AB
:1043B000019E07EBD77306EB63064FF0000896FBF0
:1043C000F7F67E432046EDF7FBF8404501D80F2570
:1043D00016E041462046EDF7C0F80746EBF77EF9B8
:1043E00081463846EBF78DF94D4510D186420ED106
:1043F000E76200222321204697F82C50D0F7BEFF19
:1044000029462046EBF75DFD03B0BDE8F08308F1D7
:104410000108D7E708B500F071FB4FF47A72A0FBF2
:10442000020302FB0133C00B40EA434008BDE5F73D
:10443000AFBE37B504460068D3F74AFD054620688D
:10444000EDF764FC80F00100A0742868626983685D
:1044500000929D68E288A18804F10803A8472068BB
:1044600003B0BDE83040EDF74EBC38B50546F9F76E
:10447000ACFA04462846F9F7AAFAD3F729FDC3682F
:10448000DA0605D5002323608388013BA36038BD8D
:10449000236823F007032360A36843F00703A360A6
:1044A000C368DB07F3D5636823F007036360E36841
:1044B00043F00703E360EAE730B50D888C888B682A
:1044C000C9680133013187B05B1B091B9BB289B2FC
:1044D000009001FB03F002906846ADF80450ADF87F
:1044E0000640ADF80C30ADF81030ADF80E10059266
:1044F000FFF79FFF07B030BD30B50D888C888B6803
:10450000C9680133013187B05B1B091B9BB289B2BB
:10451000009001FB03F0400002906846ADF80450A3
:10452000ADF80640ADF80C30ADF81030ADF80E1017
:104530000592FFF77EFF07B030BD30B50D888C883F
:104540008B68C9680133013187B05B1B091B9BB2C3
:1045500089B2009001FB03F000EB4000ADF80C3095
:10456000ADF81030ADF80450ADF806400290ADF84B
:104570000E1005921346D91C9B1A834204D3684639
:10458000FFF757FF07B030BD11F8033C11F8014C9D
:1045900001F8034C01F8013C0B46ECE730B50D88FF
:1045A0008C888B68C9680133013187B05B1B091B9C
:1045B0009BB289B2009001FB03F080000290684634
:1045C000ADF80450ADF80640ADF80C30ADF8103041
:1045D000ADF80E100592FFF72CFF07B030BDF8B50F
:1045E00006460C46F7F723FB476805693868002242
:1045F00000232146E5F7A2FF05F13803224680B1EA
:104600006C3553F8041B42F8041BAB42F9D1304619
:10461000F7F7FDFA042804BF002323820023E37484
:10462000F8BD04F1340152F8040B43F8040B8A423C
:10463000F9D13B681B6A003B18BF0123EFE770B557
:104640000C694E6805462068F7F7EBFAD3F740FC93
:10465000EA88012A034608D0B2F5A57F26D04AB9D8
:10466000317AAA6829B1226704E0317AAA68002960
:10467000F9D0E2662A79002A4BD0757A587CD4E9C1
:104680001B212DB110F0FD0F0CBF9D88DD88AA1AEB
:10469000B57A2DB110F0FD0F0CBFDD889D88691A29
:1046A00003280BD8DFE800F0081C2127AA68003A8D
:1046B00018BF0122A275DDE7C4E901216168002964
:1046C0001DDC00226260A268002A1DDC0023A360BA
:1046D00030680022211D0023BDE87040E5F7D6BEFA
:1046E0006160D9888A1AA260E8E79888821A6260B5
:1046F000DA88521AF7E79888411A6160F3E79A88D6
:104700009142E0DB013ADDE7DB889A42E0DB013BE6
:10471000DDE770BD01460120E5F744BD08B1CCF7E7
:1047200031BE7047704740B1C368587810F001003F
:104730001EBF1878B0FA80F040097047EFF311837C
:10474000202383F31288BFF36F8FFEE708B5FFF7CE
:10475000F5FF10B54369044633B90020E268537889
:1047600043F00103537010BD98470028F5D000288E
:10477000B8BF4042E368FF28A8BFFF201870EDE7EC
:1047800000F0FAB900F0D0B908B52024EFF3118396
:1047900084F31288BFF36F8FE7F700FFF6E7D0E9E5
:1047A000003213605A60427B002322F00202C0E90B
:1047B000003342738360704790F90E308B4201D012
:1047C000E6F790BB0020704703460020C3E90200D3
:1047D000C3E9003370473AB18A4205D3C0E90212F7
:1047E000C0E90000002070476FF0150070470268B4
:1047F00001238B4022EA0303036022FA01F000F058
:104800000100704710B5032104460C30FFF7EFFF9D
:1048100030B104F1100000F045F9B0FA80F0400921
:1048200010BD20B1002211468C3000F002B9704753
:1048300073B50446EFF31185202383F31288BFF389
:104840006F8F0023A0F11006032104380193FFF7B6
:10485000CEFF28B1A369019301A93046E6F7E8F835
:1048600085F31188BFF36F8F02B070BD38B5044671
:104870000D461022002100F07FF9656038BD13B5A8
:1048800001900846EFF31184202383F31288BFF3CD
:104890006F8F01A9E6F7CCF884F31188BFF36F8F0F
:1048A00002B010BD10B5FFF7EAFF041E08DDEFF3FC
:1048B0001180202383F31288BFF36F8FE6F796FBF6
:1048C000204610BD38B5302204460D46002100F0C8
:1048D00053F94FF480736560E36038BDEFF30580F2
:1048E000003818BF012070476FF057007047D0E9BB
:1048F000003213605A600023C0E90033704708B5E6
:10490000FFF7F5FF437B23F002034373002383602B
:1049100008BD38B504460D46E6F742FA637B43F01E
:1049200002036373E5B1A5602B689D4209D16B68F2
:10493000C4E900531C606C6012E06A689A42F6D0C9
:104940001B68002BF3D094F90E2093F90E108A42C5
:10495000F3D09142F1DD5A68C4E9003214605C6022
:1049600038BD10B5EFF31184202383F31288BFF311
:104970006F8FE6F7D3F984F31188BFF36F8F10BD03
:1049800008B5EFF31181202282F31288BFF36F8FF5
:1049900083680BB1FFF7B3FF81F31188BFF36F8F0B
:1049A00008BD10B50146EFF31184202383F312886C
:1049B000BFF36F8F437B13F0280F0AD183680BB1CD
:1049C000FFF79DFF4B7B23F004034B730846E6F78C
:1049D000A5F984F31188BFF36F8F10BD012118383A
:1049E000FFF7DFBF38B504460D46E6F7A7FBB5F184
:1049F000FF3F08BFB4F1FF3F0246204618D0002019
:104A00004FF47A7447F6FF730146C2FB0431B3F5E5
:104A1000004F71F100020BD36FF400429A4243F64B
:104A2000FF728A4126BFD80B40EA41406FF0004038
:104A300038BD38B5EFF31185202383F31288BFF317
:104A40006F8F0468A04212D09CB1A16722612046FA
:104A5000FFF755FF04F1180000F024F82046E6F7B0
:104A60005DF9012085F31188BFF36F8F38BD0020F9
:104A7000F8E72046F6E708B50246E6F715FD70B1FF
:104A8000D0E904319B1A61EBE272B3F1004F72F18D
:104A9000000104DA002AACBF1846002008BD6FF000
:104AA0000040FBE738B50246EFF31185202383F37E
:104AB0001288BFF36F8F0368CBB1E6F7F5FC0446AD
:104AC0001046E6F703FD00224FF000438442C0E9A0
:104AD000042306D1E6F7F0FCFFF7CDFF0021CEF767
:104AE00085FB002085F31188BFF36F8F38BD6FF011
:104AF0001500F7E708B5E6F7F5FD08BDE6F7F2BDE6
:104B00000023C0E9081200F11802C0E90622C0E93A
:104B1000003303634363704710B400F10C04C0E931
:104B2000034410BCE7F710BB0A44914200F1FF3385
:104B300000D1704710B511F8014B03F8014F9142B5
:104B4000F9D110BD884210B501EB020402D98442AC
:104B5000234607D8431EA14208D011F8012B03F8C1
:104B6000012FF8E7024401468A4200D110BD13F834
:104B7000014D02F8014DF7E702440346934200D18C
:104B8000704703F8011BF9E710B5024601448A4259
:104B9000134603D01C780132002CF8D1181A10BD2E
:104BA000F0B5C3F137070446FFB203F01F03104608
:104BB000082BE6B233D0102B3ED06508A40844EA97
:104BC000817445EAC1752D194FEA910242EB5102F9
:104BD000290941EA02716D1842EB1212290A41EAD1
:104BE00002616D1842EB1222290C41EA02416D1854
:104BF00042EB1242AD1842F10002EC0844EA427462
:104C0000D10804EB8402A6EB4205EDB2092D0CD9C4
:104C10000134A5F10A0541F10001EDB212E0E4080A
:104C200044EA417406F00705C908303554EA010228
:104C300000F8015BBCD1F0BD240944EA017406F020
:104C40000F050909092D84BFED19EDB2EDE700004C
:0C4C50000148006870470000E8460020A2
:084C5C0078B5FC7F01000000A7
:104C64004113000000000000000000000C4D030090
:104C7400ADB8010000000000000000002C4D03004E
:104C8400000000004C4D0300000000006C4D0300C8
:104C9400000000008C4D03004917000000000000D4
:104CA40089300000000000001D1300000000000017
:104CB400B9A801000000000000000000AC4D030092
:104CC400000000000C4E030000000000CC4D030067
:104CD40000000000EC4D0300000000002C4E030017
:104CE400000000004C4E0300000000006C4E030066
:104CF40000000000AC4E0300000000008C4E0300D6
:084D0400099E010000000000FF
:104D0C00F6660300E8510300DC500300EA010020C2
:104D1C001C470020E114000000000000000000000F
:104D2C004A6703002C52030088500300F001002056
:104D3C00B4470020A51B000000000000000000008C
:104D4C00586703004452030088500300F20100200E
:104D5C00C0470020A51B0000000000000000000060
:104D6C003A6703000000000080500300EE010020B1
:104D7C00704700205D1900000000000000000000DA
:104D8C009A670300605303003C510300FC010020B0
:104D9C00D4470020AD2400000000000000000000FB
:104DAC00666703005C520300AC500300F401002062
:104DBC001400002017CB01000000000000000000D0
:104DCC008D670300FC520300C4500300FA0100205D
:104DDC00CC4700204D230000000000000000000024
:104DEC00A8670300A4530300CC500300FE0100206D
:104DFC003C000020F9CF0100000000000000000082
:104E0C00B5670300FC530300D450030000020020DC
:104E1C009C000020C9D2010021D20100000000003A
:104E2C00B86603009851030024510300E8010020E8
:104E3C00D046002037C40100000000000000000034
:104E4C0005670300F8510300F8500300EC01002043
:104E5C00558B022003C90100000000000000000077
:104E6C00736703009852030000000000F601002055
:104E7C00E8020020351F00000000000000000000C8
:104E8C007D670300B452030000000000F80100200D
:104E9C00588B0220E91F00000000000000000000F9
:104EAC0020A10300006403000000000002020020A7
:104EBC00A48A022000000000000000000000000096
:104ECC009136000079D401000000000087C5010074
:104EDC008C4D03000BCF01006D50000079D4010004
:104EEC002545000079D401000000000087C50100B1
:104EFC00313D000079D401000000000087C501009D
:104F0C000000000087C501000000000087C50100FB
:104F1C000000000087C501000000000087C50100EB
:104F2C000000000087C5010070470020C91900006F
:104F3C000000000087C501000000000087C50100CB
:104F4C000000000087C501000000000019310000BE
:104F5C000000000087C501000000000087C50100AB
:104F6C000000000087C501000000000087C501009B
:104F7C000000000087C501000000000087C501008B
:104F8C000000000087C501000000000087C501007B
:104F9C000000000087C501000000000087C501006B
:104FAC004141000079D401000000000087C50100D8
:104FBC000000000087C501000000000087C501004B
:104FCC000000000087C501000000000087C501003B
:104FDC000000000087C501000000000087C501002B
:104FEC000000000087C501000000000087C501001B
:104FFC000000000087C501000000000087C501000B
:10500C000000000087C501000000000087C50100FA
:10501C000000000087C501000000000087C50100EA
:10502C000000000087C501000000000087C50100DA
:10503C000000000087C50100E14B000079D401009D
:1050500068020020808B02200004000099130000E9
:105060000000000000000000000000000E00000032
:1050700000000000F06603000000000000000000D7
:08508000051900005D18000095
:10508800ED1B00006DCA01007BCA010093CA010034
:105098009FCA0100ABCA01003D1A0000C5CA010041
:0450A8000000000004
:1050AC0057CB010000000000B11D00000000000003
:0850BC0000000000951E000039
:0850C40087CD01007BCD010046
:1050CC0025260000D5CF0100E12A0000A5D2010061
:1050DC003915000063C60100C5C6010000000000C0
:0C50EC00FFC501000000000000000000F3
:1050F800F9C80100EFC80100F3C701000000000073
:105108000000000000000000000000000000000097
:0C511800F7C60100B7C7010051C7010035
:1051240051C50100000000003BC5010003C401009B
:08513400F7C3010000000000B8
:0C513C00C5CE0100F9230000B7CE010031
:0C5148006C4E03003F460300AC4E030019
:10516000010000E0010000E0010000E0010000E0BB
:1051700059C902000000000091C90200B9C902002B
:1051800000000000F1C90200000000000000000063
:105190000338FDD8704700000C4E03002C4D03006F
:1051A0000B000000000000000000000008000000EC
:1051B000000000200000000000000B0602000000BC
:1051C000C451030000000000DB6603002600020655
:1051D00000000020E366030022000B1169140000A8
:1051E0003914000000000000B9150000AD140000E3
:1051F000E5C60100EBC60100396703002C4E030031
:10520000020000009B31E700000100002C4D03006C
:105210000C0001000000000001005A00F0004001F5
:10522000000000000F670300CBC90100FFFF000072
:10523000000300500000000001000000006000407A
:1052400000000000BCF801FF00000050000000005A
:10525000000000000060004000000000003000403E
:1052600000000000000000000000000000009801A5
:1052700000000101791D00007C5203000030004055
:105280008852030001000000905203000200000059
:105290001A00000C1B00000B0000000000000000C2
:1052A00000000000AC4D03003800000000000000CA
:1052B000000000001E00000004000000CC520300AB
:1052C000400300200D210000000000004C4D0300B1
:1052D0000B0011000B0000004C4D03000C001100EE
:1052E000020000004C4D03001800110003000000F4
:1052F0004C4D0300190011000400000000C00140E3
:10530000000000000000000000000000000000009D
:10531000000000000000000000040000E80302019B
:10532000010100004C8B022004000000000000007E
:10533000000000003C5303000024F40000C00140C2
:105340004853030001000000505303000400000014
:105350000D0001160E0001170F00011810000119B1
:105360000020004001000000000000008053030006
:105370000000D60100000000598B0220588B02204B
:10538000002000408C5303000100000094530300F0
:1053900004000000060000000500000208060001ED
:1053A000070600030040004000000000000000FF6E
:1053B00000FF0000000000000000000101000000EC
:1053C0004DCF0100D4530300FFFFFFFF000000009A
:1053D0000000000000400040E05303000100000016
:1053E000E8530300030000001F0000041E00000536
:1053F00028000006000000000000000000F002404D
:10540000000000000048E80100000000000000006B
:1054100000000000FFFFFFFF0000FF000000000091
:1054200000000000FFFFFFFF02000001010000007C
:10543000ABD10100FFFF000048540300FFFFFFFF56
:10544000000000000000000000F00240545403007F
:10545000010000005C540300030000002F00000462
:105460002E0000062D0000052C4D03000C0001004D
:105470002C4D030005000100000000006FDC01005E
:105480005FE60100F7E2010000000000E6670300AC
:105490008200000082000000CA0200009DBA0000E5
:1054A00049B80000000000001000000003000000E8
:1054B00000FF0100C05403000000000000000000D5
:1054C0001F75030010550300E8540300D85403006F
:1054D00010000228000000003668030081740300F9
:1054E000E37303003D310000200000005F00010075
:1054F000000000000000000000000200B0000000FA
:10550000F3F760003C640300000000003E0003006D
:1055100000000000000000000000C00300000000C8
:105520000000C003030A00000F0080050505000508
:105530001C00D0090A0A00004E00B008090F00FE46
:105540009200D00B0C0A0000CE00A0090A0B00FF4D
:105550000501F002030500050D01B004040E01FD74
:105560002901C004040E00FD4501A0050606000542
:10557000570120080807000273013003030500FEED
:105580007B01600505030003830130030303000072
:105590008801F004070EFFFFB9015009090A000055
:1055A000E6013005040A0000FA011008080A0000AC
:1055B00022020008080A00004A0260090A0A0000E4
:1055C0007C021008080A0000A402A008090A0000D2
:1055D000D1026008080A0000F9020009090A000067
:1055E0002603A008080A00004E0330030308000049
:1055F0005A033003030B00FD6B0320080808000169
:105600008B03200808060002A303200808080001F5
:10561000C3030008080A0000EB03800E0E0D00FD16
:105620004604400A0C0AFF008204A00A090A01008D
:10563000AF04200A0A0A0000E104900B0A0A0100E4
:1056400013056009080A01003B05E008080A01008B
:105650006305D00A0A0A00009505600B090A0100DB
:10566000C2055004020A0100CC053007070AFF00FA
:10567000EF05100A0A0A010021065008080A010075
:105680004906600D0B0A01008006600B090A010043
:10569000AD06C00B0C0A0000E906200A090A010049
:1056A0001607C00B0C0D00FD6407300A090A010043
:1056B0009107B008090A0000BE073008090A000077
:1056C000EB07100B090A01001808F0090B0AFF008C
:1056D0004F08C00F100A00009F0870090A0A000056
:1056E000D10810090B0AFF0008093009090A000057
:1056F0003509B004040E01FD5109F004070EFFFF47
:105700008209B004040E00FD9E093008070601025C
:10571000B3090007070100FFB70960080502010986
:10572000BC09600808080000DC099009080B0100AA
:10573000080A000808080000280A9009090B000060
:105740005A0A9008080800007A0AF004060B0000C4
:105750009B0AB009090B00FDCD0A9009080B010056
:10576000F90AE003020B0100040B0004050EFEFD24
:10577000270BA008080B0100530BE003020B0100EC
:105780005E0BD00E0D080100920B90090808010075
:10579000B20BE00809080000D60B9009080B01FDC8
:1057A000020C9009090B00FD340CC005050801002E
:1057B000480C000707080000640CD005060A00002A
:1057C000820C800908080100A20CD0070908FF001C
:1057D000C60C900C0D080000FA0CC0070808000069
:1057E0001A0DD007090BFFFD4C0D500707080000EC
:1057F000680DF004050E00FD8B0D3004020E01FD56
:10580000990DF004050E00FDBC0D200808030003EF
:10581000C80DE00506050006D70D6004040300036B
:10582000DD0D000E0F0FFFFE4E0E000E0E0B0000E2
:105830009B0E000E0E0D00FFF60E000E0E0B00006C
:10584000430FA0090A0B00007A0F000E0E0F00FE96
:10585000E30F000E0E0F00FE4C10C00F100D00FFE6
:10586000B410000E0E0F00FE1D11C00F100B000033
:105870007511000E0E0F00FEDE110007070C00FF71
:105880000812800A0B0C00FF4A12C00F100E00FE17
:10589000BA12000E0E0B00000713A0090A0F00FE3B
:1058A0005213400C0A0E01FE9813400C0D0F00FE1F
:1058B000FA13400C0D0D00FF4F14400C0D0D00FFAE
:1058C000A414400C0A0E01FEEA14400C0E0DFFFF5A
:1058D0004515C008090D00FF8015C008090D00FF1F
:1058E000BB15400C0D0D00FF1016400C0D040003FD
:1058F0002A16C00F100B000082168011120F00FE36
:105900000917C00F110FFFFE8917000E0E0D00FFC3
:10591000E417400C0D0800011818400C0D08000198
:105920004C188011120B0000AF18000E0E0B000077
:10593000FC18000E0E0F00FE6519000E0F0FFFFE83
:10594000D619400C0D0D00FF2B1A400C0D0F00FE58
:105950008D1A400C0D0D00FFE21A400C0D0C00FFDB
:10596000301B000E0E0B00007D1BC0080A0FFFFE4F
:10597000C81B400C0D0F00FE2A1C400C0D0F00FE32
:105980008C1CC00F100B0000E41C000E100FFFFE5B
:105990005C1D800A0B0F00FEAF1D8011120D00FF71
:1059A000241E8011120A00007E1E8011120A0000BF
:1059B000D81E8011120A0000321F8011120A000046
:1059C0008C1F8011120A0000E61F8011120C00FFCC
:1059D0005220400C0C0F00FEAC20400C0D0F00FEBE
:1059E0000E21000E0F0FFFFE7F218011120B000011
:1059F000E221800A0B0F00FE3522100E0F0A000074
:105A000041C9020085F1000077C6020027C70200E5
:105A1000A7C8020059C80200EFC702009DC70200D4
:105A2000F1C6020081C6020021F1000041C9020056
:105A300041F1000077C6020027C70200A7C8020094
:105A400059C80200EFC702009DC70200F1C602005C
:105A500081C6020021F1000035EA020013EA0200CB
:105A6000EBE9020023EB020013E90200A1EA0200C5
:105A7000DDE8020078540300252B0100000000003F
:105A8000952B010000000000CB9A030000000000ED
:105A9000000000000106000078540300C7FB02006C
:105AA00041FB0200B136010000000000D29A030061
:105AB000040100000D0000004007000078540300BE
:105AC000B7FC020000000000000000000000000021
:105AD000D99A0300FFFFFF3FFFFFFF3FC402000012
:105AE00078540300813D0100EFFC0200053E0100F7
:105AF00000000000E39A030004010000820000009F
:105B000085040000F39A0300F89A0300FD9A03004D
:105B100061A10300029B0300079B030062A1030035
:105B20000F9B0300129B0300159B0300189B0300AF
:105B30001B9B03001E9B0300219B03007854030062
:105B40000944010000000000000000000000000007
:105B5000249B0300C3000000C3000000C4460000F3
:105B60003E9B0300469B03004F9B0300559B030095
:105B70005B9B03005F9B0300649B0300699B030026
:105B8000709B03007A9B0300829B03008B9B0300A6
:105B9000785403000D4501000000000000000000E3
:105BA00000000000949B0300640000202B00000014
:105BB0000000000078540300AD4601000000000022
:105BC0000000000000000000429E0300640000206E
:105BD000FFFFFF3F00000000785403006304030050
:105BE000F70303003D470100000000005E9E030034
:105BF00064000020040100008007000078540300C6
:105C0000394F0100D90C0300794F0100000000005A
:105C1000719E0300FFFFFF3FFFFFFF3F44030000B3
:105C2000785403005F0F0300F10E03001D510100C3
:105C3000000000009C9E0300000000000000000027
:105C40000003000078540300A9500100910F0300E5
:105C5000D952010000000000AD9E03008200000048
:105C6000FFFFFF3F05050000785403005554010075
:105C70008F170300ED54010000000000B99E0300DF
:105C8000FFFFFF3FFFFFFF3FC00500001C9E03001A
:105C9000409E03009A9E0300D19E030061A1030071
:105CA000059B030092A00300E79E0300BB9A03003C
:105CB00061A10300E99E03007B670300EB9E0300E4
:105CC000DF9E030061A10300E39E0300AD660300B5
:105CD000ED9E0300309B0300349B030062A1030090
:105CE0001C9E0300409E03009A9E0300059B030038
:105CF00092A00300E79E0300E99E03007B67030078
:105D0000EB9E0300AD660300DF9E030061A103006C
:105D1000C29E0300EF9E0300F19E0300F39E03006A
:105D200070A10300F59E0300F79E0300F99E030097
:105D3000FB9E0300CB9E0300FD9E0300FF9E03001D
:105D400061A10300019F0300039F0300059F03005F
:105D5000079F030068A10300099F0300B99A03008D
:105D60000B9F03000D9F03000F9F0300119F030073
:105D7000139F030061A10300D19E0300309B030029
:105D8000159F0300349B0300BB9A030062A103002C
:105D9000CA9E0300179F0300FF670300AB97030031
:105DA000B8970300199F03001B9F03001D9F03006A
:105DB0001F9F0300219F0300239F0300DF9E03001A
:105DC00061A10300C29E0300259F0300279F0300DB
:105DD000299F03002B9F03002D9F03002F9F03008B
:105DE000319F0300339F0300359F0300DB9E0300B8
:105DF00061A10300379F0300E59E0300399F030064
:105E00003B9F0300C89E03003D9F03003F9F03008C
:105E1000A5970300419F0300ED9E0300439F0300ED
:105E2000459F030061A10300CD9E0300309B03004A
:105E3000159F0300349B0300BB9A030062A103007B
:105E4000CA9E030039A10300F3A00300199B0300BD
:105E50001F9B03004AA003005D9B0300B66603007E
:105E6000D9660300139B0300F79F0300DF9E030026
:105E700061A10300C69E0300229B03003C9B03001C
:105E80000D9B0300479F0300499F03001C9B0300D9
:105E9000EB6703004B9F0300A2A00300DB9E0300FF
:105EA00061A10300379F0300E59E03004D9F03009F
:105EB000F19A0300C49E03004F9F0300519F03000B
:105EC000A5660300539F0300ED9E0300439F03005C
:105ED000459F030061A10300D19E0300309B030096
:105EE000159F0300349B0300BB9A030062A10300CB
:105EF000E05A0300A15A0100000000000000000069
:105F000000000000559F03006400002032000020C4
:105F100001050000785403009D640100211D030069
:105F2000F164010000000000669F0300FFFFFF3FD7
:105F3000FFFFFF3F80060000785403005D2103004F
:105F400000000000F9680100000000006F9F0300DE
:105F50001A0000001A00000000030000785403003B
:105F6000BF21030000000000D56C0100000000000C
:105F7000769F0300FFFFFF3FFFFFFF3F800300000E
:105F8000145F03000000000000000000000000009B
:105F9000000000007E9F030064000020FFFFFF3F21
:105FA00000000000BC5A03000000000000000000D8
:105FB00000000000000000008B9F03006400002030
:105FC000FFFFFF3F000000007854030000000000C6
:105FD0000000000000000000000000009A9F030085
:105FE000C30000000401000000000000785403001A
:105FF00000000000000000000000000000000000A1
:106000000000000000000000000000000000000090
:1060100078540300000000000000000000000000B1
:106020000000000000000000000000000000000070
:106030000000000078540300000000000000000091
:106040000000000000000000000000000000000050
:106050000000000000000000785403000000000071
:106060000000000000000000000000000000000030
:106070000000000000000000000000007854030051
:106080000000000000000000000000000000000010
:10609000A29F0300FFFFFF3FFFFFFF3F0000000044
:1060A00078540300E121030000000000000000001C
:1060B00000000000B49F030064000020FFFFFF3FCA
:1060C0000000000078540300F921030000000000E4
:1060D0000000000000000000C49F030064000020D6
:1060E000FFFFFF3F000000007854030089220300F7
:1060F0006D2203000000000000000000D19F03009B
:1061000064000020FFFFFF3F4003000078540300BD
:10611000716E0100D92103000000000000000000A2
:10612000DE9F0300C300000004010000C006000061
:106130007854030000000000000000000000000090
:1061400000000000E69F03006400002064000020BF
:10615000C0020000785403000000000000000000AE
:106160000000000000000000F99F03002B00000069
:1061700064000020C4020000785403000000000006
:1061800000000000000000000000000011A003005B
:10619000FFFFFF3F64000020C402000078540300AA
:1061A00000000000000000000000000000000000EF
:1061B00029A00300640000202B000000C0020000A2
:1061C0007854030000000000000000000000000000
:1061D000000000003AA0030064000020FFFFFF3F22
:1061E000C00200007854030000000000000000001E
:1061F00000000000000000004CA00300640000202C
:106200002B000000C00200007854030000000000D2
:106210000000000000000000000000005DA003007E
:1062200004010000FFFFFF3FC0030000145F0300F4
:106230000000000000000000E57001000000000008
:1062400094A0030000000000000000008006000091
:10625000785403006172010000000000AD7201007B
:1062600000000000A4A00300FFFFFF3F8200000029
:106270000504000078540300FD760100B12B0300F3
:10628000857E010000000000AEA0030000000000B9
:106290000000000041060000985A03006D3303001F
:1062A00000000000097F010000000000B7A003000B
:1062B0000000000000000000450A000070630300B9
:1062C000CD830100000000001D84010000000000DB
:1062D000C1A003008200000000000000810800004F
:1062E000745A0300A93903000000000000000000F8
:1062F00000000000CCA0030000000000000000002F
:106300000000000078540300DF390300D739030090
:106310002586010000000000D7A003003400000023
:106320001E00000044030000785403001B3D0300DE
:10633000C53C0300DD8B010000000000E1A003006C
:10634000FFFFFF3FFFFFFF3F85040000785403007D
:106350005D8F010000000000A99001000000000016
:10636000EAA0030064000020640000204003000055
:10637000785403000D9401006D40030091980100D2
:1063800000000000F9A003000401000082000000EA
:1063900045070000785403006D9D010000000000D7
:1063A000000000000000000005A103000000000044
:1063B0000000000000030000785403002D9D010040
:1063C0000000000000000000000000000DA103001C
:1063D00000000000000000000003000078540300EB
:1063E000899D010000000000000000000000000086
:1063F00019A103006400002064000020C002000016
:10640000400200200000000001010100644C030074
:10641000644C0300A44C0300AC4C0300044D030087
:106420000C4D030032A10300000100000000000039
:106430001000400000041000400000040000721F23
:1064400051EF58EF5BEF5CEF5DEF61EF63EF65EFEE
:1064500069EF6CEF71EF76EF77EF78EF8EEF93EFF8
:1064600098EF9BEF9CEF9DEFA1EFA2EFA3EFA4EFBE
:10647000B7EFB8EFBEEFC0EFC1EFC4EFC7EFC8EFA3
:10648000C9EFCBEFE3EFE5EF14F015F017F019F0DB
:1064900030F037F03AF043F06CF074F0ABF03BF1D1
:1064A00090F191F192F193F194F1D7F1E3F13DF292
:1064B00054F2AAF412F7F2F70400100000011000E1
:1064C0004000000400003C027804B306EE08280BEC
:1064D000610D990FD01106143A166C189D1ACB1C39
:1064E000F71E212148236C258E27AC29C72BDF2DD1
:1064F000F32F0332103418361D381C3A183C0E3E68
:106500000040ED41D443B74594476B493D4B084D9E
:10651000CE4E8E504752FA53A6554C57EB58825ADE
:10652000135C9D5D1F5F9A600E627A63DE643A665B
:106530008E67DA681E6A5A6B8D6CB86DDA6EF46F0E
:1065400004710D720C730274EF74D375AE7680779C
:1065500048780779BC79687A0B7BA37B337CB87C5D
:10656000347DA67D0E7E6D7EC17E0C7F4C7F837F49
:10657000B07FD37FEC7FFB7F008001000100010032
:1065800022030100010001002203010001000100BB
:1065900002000100010001000100010001040104EA
:1065A00001040104010401040104010401040104C3
:1065B0000201220301040104010401040104010495
:1065C00001040104010401040104010401040104A3
:1065D0000104010401040104010401040104010493
:1065E0000104220302010600020122032503040420
:1065F000040404040404040404040404040404045B
:10660000040407012603030403040304030403042E
:106610000304030403040304070101050105010445
:106620000104010401040104010401040105010540
:1066300001052203020106000201220325030404CE
:10664000040404040404040404040404040404040A
:1066500004040701260303040304030403040304DE
:1066600003040304030403040701010501050104F5
:1066700001040104010401040104010401050105F0
:10668000010522030201060002012203446973701E
:106690006C617920646576696365206E6F74207221
:1066A000656164795C6E004652414D45203000467C
:1066B00052414D45202575006164616672756974AB
:1066C0005F325F385F7466745F746F7563685F769E
:1066D000325F6D6970695F64626900464C4153487E
:1066E0005F30005352414D5F300000000100000058
:1066F000696E70757400636C6F636B40343030305A
:106700003030303000696C6939333430403000014A
:1067100000180A82272300003E28860F312B0C0E1A
:10672000084EF1370710030E0900000E140311077D
:1067300031C148080F0C31360F0072616E646F6D05
:10674000403430303064303030006770696F40352D
:1067500030303030333030006770696F4035303062
:1067600030303030300069326340343030303330D4
:106770003030006674353333364033380062757418
:10678000746F6E7300000102030405060770776DD5
:1067900040343030316330303000756172744034D1
:1067A0003030303230303000737069403430303047
:1067B00034303030007370694034303032663030FD
:1067C0003000000000000001010000000000002077
:1067D0003030303030303030303030303030000118
:1067E0000100000000006C765F6F626A0002041016
:1067F000081040302C38506C6C6C40404434535777
:1068000000808080818182828384858687898A8CCA
:106810008D8F91939597999B9EA0A2A5A7AAADAFA6
:10682000B2B50055AAFF0011223344556677889906
:10683000AABBCCDDEEFF000100000000000000015B
:106840000000020000000002000000000000000044
:106850000000000000000000010000000000000037
:1068600000000000000000010A0006FB000000001C
:10687000F4F3020B0504F7020B0109020700000004
:1068800000000000000000000D02FE0000000000FB
:10689000000000000000000400F90000000000FCFF
:1068A00004040000FE00FE0200FE00FEFFFC0000EB
:1068B0000000FE0000FDFD0000FE00FC00000000E6
:1068C0000000000000FEFE00FD00FA00E50000FCF4
:1068D0000004070000FC02020704FC040000F300AF
:1068E00000000000000000000000F80000000000B0
:1068F000000000000000000000FAFDF500F7FE00B7
:10690000000000000900F9FEFF0100FC0000FEEF9E
:106910000000000000000000000000EEFE09000082
:1069200000000000000000000000F7000000000070
:1069300000000000000700020000FC000000000052
:10694000000000000000000000000000090201003B
:106950000000000000000000000000000000000037
:106960000000000000000000000000000000000027
:10697000000000000000F80000000000000000001F
:1069800000000000000000000000000000020402FF
:1069900007FE000004FEF9E102060400FD00080005
:1069A00007000700EB00FD070007FE0402000001DE
:1069B000FE0000FC1200120007000903040700009B
:1069C00000F80000000001FE0002FCFDFC0200FED9
:1069D000000000F70000000000000000000000F1CF
:1069E00000000000000000000000000000000001A6
:1069F000F400F200000000FE0016FDFD0202FE00A1
:106A0000FD020000F4000000000000000000000093
:106A1000EA0002000000000000000000000000F298
:106A2000000D0000F8000700F1EAF1FC070000F19A
:106A30000003FB00FD00000000000000000000005B
:106A4000000607E500000000000000000000000054
:106A50000B000200000000000202FDFC00FFFFFE30
:106A60000000FE000000FC00FE00FBFC00FAF9F94B
:106A7000FC00FC00FC00000000FE0000020002FE22
:106A8000000100000002FE000000FE0202FF000004
:106A900000FC00FF0000000000010003FE00FD00FC
:106AA000FC0000FE00070000FE0000000000FF01E7
:106AB000FEFE0000FE00FE000000000000000000DE
:106AC000FFFF00FEFD0000000000010000FE00FED0
:106AD000FEFE000000000000000000FF00000000BB
:106AE000FEFD00FD00F9FEF9040000FC02040600B2
:106AF000FAFFFD00FFF502FE02F402000001F400BF
:106B0000F4FEEDFE00F500040600030000000000A6
:106B100000FCFD00F9000000FE000000FE00000087
:106B20000000FFFF00FFFD00000000000000FEFE6F
:106B300000FEFDFE0000FE0000000000000000005E
:106B40000000FEFE00FD00FE00FC020000FD010250
:106B500002000000000000FE000000000002000033
:106B6000FE00FEFEFD000000000000000200FE002E
:106B7000000000FEFD00FC0007FE01F9000006F524
:106B8000F4F7FC0200FEF1FC00FC00FC03FCF20048
:106B9000FA000001FF02FE000200F9F700F5FBFB1E
:106BA000FBF9FDFA00FCFA01000100FE0000000202
:106BB00000020000000000000000000000FE00FFD6
:106BC00000FFFE00FCFBFBFF00F9000000000000DE
:106BD000FE0000000001FF000000020000000000B5
:106BE0000000000B00000000000002000000FE009A
:106BF00000000000000000000000FC000200000097
:106C000000000000000000000000FE000000FC008A
:106C1000000000F5F9000000FDF50000FE0200FA9A
:106C200000000000000000000000FC0000FC00006C
:106C3000000000000000000000000200FC00000056
:106C400000030002FCFC00FEFEFD0000000000004E
:106C5000F900FE00FDFE00FBFAF9FE00FC00F90061
:106C6000000000120000010000FD000200F600001C
:106C7000000000EBFC0707FEF70002FD00F5FFFD3A
:106C800002F0FE030003F8FDF8F9F70000F3000D31
:106C90000000FF000000FFFFFEFAF900EB0000001B
:106CA00000000000000001000000000000000000E3
:106CB00000000000000000FE00FFFEFD0000FC00E0
:106CC000FE000000000000000000000000000000C6
:106CD000FF00FC000004FF0300FB02FEFFFAFE00C1
:106CE000FDFEFE00FDFC0000FEFFFEFCFD0000FEC0
:106CF0000002FE00FB000000FC00FC00FCFC0200A7
:106D000000000000000000FC0200FD00FEFDF9FE96
:106D1000FEFEFFFEFDFF0000000000FEFEFE000084
:106D2000000003FE00FE000000FEFDFEFEFDFE0072
:106D30000209FF00FA00FE0400FEF7FD030000F563
:106D4000FC02FC0200FEFEF900FD010000FC000058
:106D5000000202FCFC00FCFEFDFEFE00FC01FCFC4F
:106D6000070000000000000000000200000000001A
:106D70000000000000000000000000000000000013
:106D80000000FC0000000000000000000000000007
:106D900000000000000000000000000000000000F3
:106DA0000000000000000000000000000000FE00E5
:106DB00000000000000000000000000000000000D3
:106DC000000000000000000000000000FEFE0000C7
:106DD00000000000000000000000FD0000FD0000B9
:106DE000FEFE00000000FE00000000FF00000000AA
:106DF00000FE00000000FD00FC000000F90002FBA6
:106E00000400FEF50000FBFE00F7FAFA0000F6FEB3
:106E1000F7F7F500FA00020FFD00FBFEFFFEFCFA9B
:106E2000FCF8F7FBFE0000FE00010000F0FE070585
:106E3000FBF80001F900F5FEFE04EBFD010000F196
:106E4000FDF4FEF00000F0000D0100FE0000000067
:106E5000FFFEF7FE00F100000000F900FE00FFFA5F
:106E6000F50000FFFDF9FE00FE00000000F6FEF94F
:106E7000F9FEFCFAFEFC00FCFEF9FD00FDFCFEFC48
:106E8000000100FEF9000400FC0000000003000205
:106E9000FC0900FEFEFD000000000000F900FE00FD
:106EA000FDFE00FBFAF9FE00FC02090000000012E2
:106EB0000000010000FD00020000000000000000D2
:106EC000000000000000FEFC0000000000FF0000C9
:106ED00000FEFE0000FCFE0000FC0004FF000000BD
:106EE0000000000100000000030402FE00F9FC00A5
:106EF00007F9F9FCFC090402EDFE04FE00FE02FEA7
:106F0000F800FE02FDFEF9FE0000070400FA00F49E
:106F1000FD06FDF701FDF9F9FE090200FD00FA008A
:106F20000207FBF8F7FA070001F0FE02FCFEFB0087
:106F3000FBF8FDFDFE0000FBFBFE000705FEF40074
:106F4000F4FD00F8F3FFF9FCF9FA060000FD00FC7F
:106F5000FE00FEFC0004F9020000F400FEFBFCFE53
:106F6000F9FAF9FB00F9FEFBFCF9FE0000010BFC4D
:106F700000F9FE00FEFCFBFAFAF7FDFC0400FD0040
:106F8000F5FD0104F9F8FCF907FE01EBFC04FBFC3C
:106F9000F800F9F7FDFEFEFEFBF9FF00000706FE14
:106FA000F100F3FB05F7F1FCF8F7F5F90400000038
:106FB00000FD000002FD0402FC040000F9FF00FFD8
:106FC000000101FE000000000000FE0000000002C1
:106FD000070000FD00000000FEFEFD0000000102B1
:106FE000000000000200FE000900040101FD000491
:106FF0000000000200000000000000000000000788
:10700000000600000000000000000000000000007A
:10701000F300FE04000700001603FCFC0202FE0160
:10702000F500000BF300000000000000000000006D
:10703000F1091F000000000000000000000000F344
:107040000000000000000000000000000000000040
:1070500000000000000000000000FC0000FCFE003A
:107060000000000000000000000000000000000020
:107070000000FE00FA0000010000021DFCFE0706F1
:10708000FA0200000202FD00000000000000000003
:107090000000E30600000000000000000000000007
:1070A0000000000000FA000000FA00000000FBFFF2
:1070B000000000FB00FD00F50000000000000000E3
:1070C000000000F10000000001000000000000FED0
:1070D0000000FC00FD00FA000000FC02FD0000FAC8
:1070E000FEFB0000FA00FE00F500FE0000EEFCF7DB
:1070F000FEF80000F100FAFF0000000000000000B0
:10710000FDFCFEFC00000000FB00FB03FE0400FE93
:10711000FBFEFCFC00FDFFFE02FAFF000000ECFE9F
:10712000FD00FB00FEF5FE0000FEFE000000000278
:1071300000FEFCFE04000000000000000000000053
:10714000000000000000000000000000000000003F
:10715000000000000000000000000000000000002F
:1071600003000000000000FB00FE000000FC020025
:107170000000FAFEFC0000FA00FE00F5000000002E
:10718000EA00FCF8F50000F100FEFD000000000040
:10719000000000FEFDFFFD01000004FD00070BFEE6
:1071A000FEF9030B0405FA030903060506000000B7
:1071B00000000000000000000E0BFCFE00FE120AA2
:1071C00012000000020000080000FC0000000000A7
:1071D00000000000FE0000000000000000030000AE
:1071E0000000EDFDFEF7F50000F1000000000000DA
:1071F0000000000000000000000000FC0000000093
:107200000000000000FE000000000000000003007D
:10721000000000EDFDFEF7F50000F70000000000A3
:107220000000000000000000000000000000FE0060
:107230000000FB0200FE020402F90000FE02000250
:1072400000000000FA00FEFEFC00FEF7000EFE004B
:10725000FBFE00FEFC00FEFAFCFD000000FC00004E
:1072600000000000000000FE000000000000000020
:107270000300000000EDFDFEF7F50000F100000046
:107280000000000B00000000000000000000FC00F7
:10729000F9FDFE07FEFEF701FF01FEFA0005000200
:1072A0000102FBF7FD00F7FCFAF7F700FCFCFDFD1F
:1072B000FEFEFDFE00FEFF030003FE0007000000CF
:1072C000000000000000000000FEFEFE0000FA00CA
:1072D000FF00FC0000000000000000000000F300C0
:1072E00000000000000000000000FEFE00FD0000A5
:1072F0000000FE0000FCFE0200FCFCFE00FAFEFBAB
:10730000FEFD00FC0000000000000000000000F195
:1073100000070000FC00000000FD00FE0000FF0070
:1073200000FE00FB000009FDF9F902020200FA026A
:107330000302070207FEFA0000F70000F9FA000056
:10734000FC00FDFC00FD00FD00FE0300FEF9FE0850
:107350000000FE00FC000003FB0002FE020000F93A
:1073600000FEFF00FE02FE000000F7FDFB00F9003A
:1073700000F50008FE00FC000100FE00FEF900FE22
:107380000200000000FE000002FD010000FDFE0002
:10739000FD000000000000000000000000000000F0
:1073A0000000F200050000FE000000000000FEFEEC
:1073B0000000000400050000000000F2F3010A07CD
:1073C00004F70209000800040000000000000000AB
:1073D0000000000C000000000000000000000000A1
:1073E000000000000001020003040502060708096E
:1073F0000A090A0B0C0D0E0F10110C12131415159F
:1074000000000016171819171919191719191A1940
:1074100019191917191719031B1C1D1D1E1F2021CF
:10742000222300240025262727270027262829266F
:10743000262A2A272A272A2B2C2D2E2E2F2E3000C3
:1074400000230931090000000000000000000000D6
:10745000000000000000000000000000000000002C
:10746000000000000000000000000000000000001C
:10747000000000000000000000000000000000000C
:1074800000000001020003040502060708090A09BA
:107490000A0B0C000D0E0F101112130C1414000027
:1074A000001516171819161A1B1C1D1D1E1F201D4E
:1074B0001D1621222303241E2525262728292A2BB1
:1074C000002C002D2E2F303132332D343435302D19
:1074D0002D2E2E36373839333A3A3B3A3C290000C4
:1074E000093D09000000000000000000000000004D
:1074F000000000000000000000000000000000008C
:10750000000000000000000000000000000000007B
:107510000000000000000000000000000000000E5D
:10752000A0D90D90C80C80B70A60110B80D91F0933
:1075300091F0881F0880F088000000000D203C00BA
:10754000000F0069002FFFFFFFF7015C11A610007C
:107550006900C300008800D2009FFFFFFFF012C542
:1075600023E22000D203C00000F004B0000000704D
:107570000000000E00000000E0000019EFEA300CEF
:10758000D6E6A702F40E00001F80E000006FEF5067
:10759000000016FFE500000E0AF00100E05F13F89E
:1075A0005E6EB005CFFE9100000E0000000070007E
:1075B0000008DD3000A7004B02D004C0007700D0E7
:1075C0001D20004B03D0A7000007DC34C4CC3000E2
:1075D000001D2D22D00000A63B00B30005C03A00DC
:1075E000A3001D200D00D000A60004CC40004DFCDF
:1075F000300000F718C00001F205D00000BB6E405B
:1076000000005FF3000007E6DB03802F301DBAA007
:107610005F0001DF401FB448FEC003BFFC40B20062
:10762000000000001F01F01F00F0000003F10B90AC
:107630000F404F007D009B00AA00AA009B007D0028
:107640004F000F400B9003F15E000E6008C004F085
:1076500001F300F500E600E600F501F304F008C0D0
:107660000E605E0000930088A6C209FE404DDDB1A9
:10767000429350005200000450000008A00000088F
:10768000A0001FFFFFF30339B3300008A00000087B
:10769000A0000103F61E60E12C00000003FFF903C7
:1076A00033100003F52E4000000E400004E00000FF
:1076B0009A00000E400004F000009A00000E400006
:1076C00003F000009A00000E500003F000009A0042
:1076D000000E500003F00000004CFE70004FB68F0B
:1076E000900DB0005F32F40000E74F20000CA4F2D0
:1076F0000000CA2F40000E70DB0005F204FB68F9A1
:107700000004CFE700EFFB44CB00AB00AB00AB00C5
:10771000AB00AB00AB00AB00AB07DFEA108E857EA1
:10772000C0010006F1000006F000000D900000CC42
:1077300000001CC00001DB00001DE544427FFFFF8C
:10774000F97FFFFFF024445F900000BC000009E1D6
:1077500000003FD81000046DD0000002F4100002B9
:10776000F4BD757DD019DFEA1000000DA000000007
:10777000AC00000007E10000004F40100002F600DE
:10778000F5001DA000F5007FFFFFFFF3133333F773
:1077900030000000F500000000F50009FFFFF00ACE
:1077A000B444400C8000000E7000000FFFFC40034A
:1077B000345CF2000000F7100000F78E856CF108D1
:1077C000DFFB30002AEFD5003FD657400CC0000049
:1077D00002F40000004F5BFFA104FE845DD03F80F7
:1077E000003F30E80003F206F845DC0005DFE91051
:1077F0009FFFFFFD9D4444E99C0004F200000BB094
:1078000000002F400000AD000001F6000008E0007D
:10781000000E8000006F1000019EFE9100BE636E9E
:10782000C00F60006F00CC202BC002EFFFE200DC35
:10783000424CD05F20001F55F20002F50ED535DE18
:10784000001AEFEA1003BFEA202FA44BE18E0000DC
:10785000E99D0000DD4F7129FF07FFFC9E0002102B
:10786000AC000002F607658FB00AEFD7002E53F583
:107870000000000000003F52E42E53F5000000001D
:1078800000002E52F60D21D0010000000031000052
:107890006CF2018ED6000FC300000AFB40000017F7
:1078A000EE70000005C3000000001FFFFFF303336C
:1078B000333000000000000000001FFFFFF303331F
:1078C0003330040000000ED71000005CF9200000E7
:1078D0002AF20003AFB106DE82001C600000000047
:1078E000000007DFEA109E746EC0010006F0000081
:1078F00009C000008E200006F200000870000000A1
:107900000000000B8000000C900000006CEFDA40DB
:1079100000003DA41016D90001E509EE98CA900AAE
:1079200080BD43AFC0D30F13F2000CC0693C06D03A
:107930000007C03B4B06D00007C02C3C03F2000CF4
:10794000C04A0F10BD439EE3C50A8009EE91CF9057
:1079500001E50000000000003DA410280000000028
:107960007CEFD9100000000CF1000000003FD700B0
:10797000000000B96E00000002F20E50000009A0E5
:1079800007D000001F3000F400007FFFFFFB000065
:10799000E733334F2005F000000C900C90000006F8
:1079A000F18FFFFEC408E3334BF28E00001F58E056
:1079B0000018F18FFFFFF808E33337F68E00000957
:1079C000C8E000009D8E33347F78FFFFFD70000714
:1079D000CFFB4000CF966AF50AE20000301F60003E
:1079E00000004F200000004F200000001F6000003A
:1079F000000AE200003001CF966AF50007DFFB4085
:107A00008FFFFEA4008E4446CF708E000007F38ED9
:107A1000000000DA8E0000009D8E0000009D8E00A8
:107A20000000DA8E000007F38E4446BF708FFFFE21
:107A3000A4008FFFFFF68E4444418E0000008E00AC
:107A400000008FFFFFC08E3333208E0000008E00B9
:107A500000008E4444428FFFFFF98FFFFFF68E44F3
:107A600044418E0000008E0000008E0000008FFF59
:107A7000FFC08E3333208E0000008E0000008E0089
:107A800000000007CFFC5000CF966AF60AE2000023
:107A9000201F600000004F200000004F200000B9B0
:107AA0001F600000B90AE30000B900CF966AF80031
:107AB00007DFFC608E000008E8E000008E8E00000A
:107AC00008E8E000008E8FFFFFFFE8E333339E8E6F
:107AD000000008E8E000008E8E000008E8E00000EA
:107AE0008E8E8E8E8E8E8E8E8E8E8E02FFFFC004B8
:107AF00044BC000009C000009C000009C000009CBC
:107B0000000009C02000BA0EB58F603CFE808E00D8
:107B1000004F508E0004F6008E003F70008E03F878
:107B200000008E2EC000008EECF600008FB07F307B
:107B3000008E000AE1008E0000CC008E00001EA026
:107B40008E0000008E0000008E0000008E000000FD
:107B50008E0000008E0000008E0000008E000000ED
:107B60008E4444408FFFFFF28E00000008E8F700CB
:107B70000002FE8FF10000BFE8DCA0004F9E8D2FB9
:107B8000300D87E8D09C06E07E8D01E7E507E8D060
:107B900006FC007E8D000A2007E8D00000007E8EE3
:107BA000100008E8FC00008E8FF90008E8E6F600F7
:107BB0008E8E09F308E8E00CE18E8E001EB8E8E036
:107BC000003FEE8E00006FE8E00000AE0007CFEB54
:107BD000500000CF966BF9000AE200005F601F6062
:107BE00000000AD04F20000006F04F20000006F0F1
:107BF0001F6000000AD00AE200005F6000CF966BB1
:107C0000FA000007DFEB50008FFFFD7008E4458F9E
:107C1000B08E00005F38E00001F58E00003F48E0C4
:107C2000014DD08FFFFFB208E33310008E0000003B
:107C300008E00000000007CFEB500000CF966BF982
:107C4000000AE200005F601F6000000AD04F2000C1
:107C50000006F04F20000005F01F6000000AD00A67
:107C6000E200005F6001DF855AFA000008DFFC5087
:107C700000000001EC21940000001BFFC100000087
:107C80000012008FFFFD7008E4458FB08E00005F8A
:107C900038E00001F58E00003F38E0014DD08FFF45
:107CA000FFC208E333DA008E0002F608E00005F3B5
:107CB000019EFDA200CE646B702F40000001F80011
:107CC000000006FD950000016AEE500000009F00D4
:107CD000200005F13FA547EB004BEFE910FFFFFF48
:107CE000FF2444BD44400009C00000009C00000087
:107CF00009C00000009C00000009C00000009C00BA
:107D0000000009C00000009C00009C00000BA9C0FE
:107D10000000BA9C00000BA9C00000BA9C00000B38
:107D2000A9C00000BA8E00000D94F40003F50CF811
:107D300068FD0009EFE9100CB000000AC05F2000E8
:107D400001F500E900008E0008F0000E70001F60D1
:107D500005F10000AD00C9000003F43F3000000C45
:107D6000BAC00000005FF500000000EE00006F10D8
:107D7000000DB00002F21F60003FF10008D00BB010
:107D8000008BE6000D7006F000E69B002F2001F549
:107D900003F14F108D0000CA09B00E60D800006FCB
:107DA0000E6009B2F300001F9F1004F9D000000C10
:107DB000FB0000EF80000007F600009F30003F50FE
:107DC000000DA008F2009D0000CC04F300002F9EDF
:107DD00070000006FC00000009FE1000004F4DB0CE
:107DE0000001E802F7000BD0007F207F20000BD0BD
:107DF0000CB000009C002F50002F30009E000C9013
:107E00000000E805F1000005F3E60000000CFD00AD
:107E10000000003F4000000002F3000000002F308F
:107E200000000002F300004FFFFFFF9144444AF3BB
:107E3000000003F6000001EA000000CC0000009EF4
:107E40001000006F4000003F7000001ED444443614
:107E5000FFFFFFFC8FF68D318D008D008D008D00B2
:107E60008D008D008D008D008D008D008D318FF681
:107E70005D000000F200000B8000006D000001F2C8
:107E800000000B8000006D000001F200000B70008C
:107E9000006D000001F200000B7000006D00000199
:107EA000F2BFF325F302F302F302F302F302F3024B
:107EB000F302F302F302F302F325F3BFF300AD0084
:107EC000001EC4000885A000E20E105B00970B5056
:107ED00002E0EEEEEEE00BC00009B004CFEA100BBA
:107EE000745DB0000004F004CEEEF21F8214F24F75
:107EF0001004F21F703DF204DFD7F2BA000000BA9E
:107F0000000000BA000000BA8EFC30BFD54BF3BEB3
:107F10001000CABA00007EBA00007EBE1000CABFC0
:107F2000D55BF3B98EFC30007DFD6009F748F42F76
:107F30005000205F0000005F0000002F500020096B
:107F4000F748F4007DFD600000001F40000001F4D0
:107F50000000001F4008EFC4F40AF748FF42F50094
:107F600007F45F00002F45F00001F42F50006F4030
:107F7000AE637EF4008EFC4F40008EFC400AD53884
:107F8000F42F20008C5FEEEEFF5F2111112F7000A7
:107F90001009F846E4007DFE80009EE305F44108E8
:107FA000C000CFFFF029D32008D00008D00008D0AF
:107FB0000008D00008D00008D000007EFC4E60AF62
:107FC000747FF62F50005F65F00000F65F00000F31
:107FD00062F60006F609F747FF5007EFC4F5000008
:107FE000003F20CB646EB003AEFD8000BA000000FD
:107FF000BA000000BA000000BA8EFB20BFC56DD0E9
:10800000BE0003F2BA0000F4BA0000F5BA0000F5B1
:10801000BA0000F5BA0000F5BAA800BABABABABAFE
:10802000BABABA000AB0009900000000AB000AB06A
:1080300000AB000AB000AB000AB000AB000AB00011
:10804000AA064E71DFA0BA000000BA000000BA0014
:108050000000BA001CC0BA01CC00BA1CD100BBCFD2
:108060006000BFDBE100BD11DC00BA003F70BA0068
:1080700007F3BABABABABABABABABABABAB99EFAB7
:1080800015DFD40BFB45EDE64AF2BE0006F6000E06
:108090007BA0004F2000C9BA0003F1000C9BA00098
:1080A0003F1000C9BA0003F1000C9BA0003F100074
:1080B000C9B99EFB20BFB45DD0BE0003F2BA000078
:1080C000F4BA0000F5BA0000F5BA0000F5BA0000F5
:1080D000F5007DFD60009F748F702F50007F05F0CC
:1080E0000001F35F00002F32F50007F009F748F7B1
:1080F0000007DFD600B98EFC30BFC43AF3BE1000D3
:10810000CABA00007EBA00007EBE1000CABFD55BAE
:10811000F3BA7EFC30BA000000BA000000BA0000DA
:1081200000008EFC3F40AF748EF42F50007F45F06E
:108130000001F45F00002F42F50007F40AF748FF42
:108140004008EFC4F40000001F40000001F40000EC
:10815000001F40B98E4BFD71BE100BB000BA000B72
:10816000A000BA000BA00005DFEA13F735A06F00EE
:108170000001EE9610016AEF300000D96C646F6266
:10818000AEFD7008D00008D000CFFFF029D3200842
:10819000D00008D00008D00008D00005F551009F9D
:1081A000E3C80002F3C80002F3C80002F3C80002EB
:1081B000F3C90003F3AB0007F35F837EF306DFC56B
:1081C000F30D90000AA06E0001F300F5007D000998
:1081D000C00E60003F24F00000C8B9000006FF3068
:1081E00000000FC000C80006F1000D56D000CF609F
:1081F00003F01F302F9C009A00B807B2F10E400523
:10820000E0D60C74E0000F6F007C990000AFA00175
:10821000FF400005F4000BE0004F3007E109D02FCC
:108220004000D9D900003FD000004FE10001E7BB7A
:10823000000BB01E707E1005F30D90000AA06F00B9
:1082400001F300F6007D0009C00D60002F34F0003E
:1082500000C9A9000005FF2000000EC0000000E5D5
:10826000000094AD00001BFC2000005FFFFFA13365
:1082700037F40001E70000CB00008E10004F4000F3
:108280001EA33326FFFFFC006EA00F9201F4001F17
:108290004001F4003F303FC0006F3001F4001F4048
:1082A00001F4001F4000FA2005EA8B8B8B8B8B8B2F
:1082B0008B8B8B8B8B8B8B8BBE5002AE0005F000B3
:1082C0005F0005F0004F1000DF104F5005F0005F19
:1082D0000005F0005F002AE00BE40007EC40B41E4C
:1082E00025DFC00100000004CC302B01C0570093F3
:1082F0002B01C005CC3006A10FF60BE200000000F8
:108300000000000000000000027BFB000000049D54
:10831000FFFFD00003AFFFFFFFFD0000AFFFFFFF37
:10832000DFD0000AFFFFB610ED0000AF9400000E92
:10833000D0000AF1000000ED0000AF1000000ED0E8
:10834000000AF1000045FD0000AF1001EFFFD0175B
:108350009DF1005FFFFC0EFFFF1000AFFD31FFFF3E
:10836000E00000010003BDA30000000000501888D9
:1083700088888405FABFDDDDDDFDAFE47F100000F5
:10838000CA4EE04F100000C80EFEEF100000CFEF05
:10839000E03FEEEEEEF80EF68F766666EB6FF8AF26
:1083A000100000CC8FE03F100000C80EFCDF6555C8
:1083B00055EECFC25FFFFFFFF92C57750577777732
:1083C00075FFFF1FFFFFFFFFFFFF2FFFFFFFFFEF07
:1083D000FF0EFFFFFFFE01100011111110EFFE0E46
:1083E000FFFFFFFEFFFF2FFFFFFFFFFFFF1FFFFF4E
:1083F000FFFF688707888888866887078888888657
:10840000FFFF1FFFFFFFFFFFFF2FFFFFFFFFDFFD4E
:108410000DFFFFFFFD000000000001500000000004
:10842000001DF80000000001DFFD000000001DFF3E
:10843000E22D600001DFFE20DFF7001DFFE2008F6C
:10844000FF71DFFE200008FFFEFFE20000008FFF4B
:10845000FE2000000008FFE200000000007D200078
:10846000000000000000007F60000BE2EFF600BF9C
:10847000F84FFF6BFFD104FFFFFD10005FFFE1002D
:1084800000BFFFF6000BFFDFFF60BFFD14FFF5CF5D
:10849000D1004FF61710000360000000110000002B
:1084A000000000FF000000006F21FF12F70006FF30
:1084B00061FF16FF601FF901FF109FF16FE001FFE0
:1084C000100EF6AF8001FF1008FACF6001FF100612
:1084D000FCAF8000AA0008FB7FD00000000DF71F52
:1084E000F80000008FF107FF91002AFF70009FFF46
:1084F000EEFFF9000005CFFFFD5000000002442010
:1085000000000000000000000000000AFFA00000C2
:1085100000000CFFC0000003D6DFFFFD6D300EFF32
:10852000FFFFFFFFE05FFFFFAAFFFFF51AFFF40068
:108530004FFFA103FFD0000DFF3004FFF0000FFF3D
:10854000404FFFFB22BFFFF42FFFFFFFFFFFF209A9
:10855000FEFFFFFFEF9000505EFFE5050000000CFE
:10856000FFC000000000047740000000000003107E
:108570000341000000009FF50DF50000001BFDFF0A
:108580008DF5000002DFB12DFFF500004FF83EC26F
:10859000BFF50007FF55FFFE39FE409FE38FFFFF49
:1085A000F56FF6AC2AFFFFFFFF73E6005FFFFFFFEA
:1085B000FFF100006FFFD77FFFF200006FFF900D0B
:1085C000FFF200006FFF900DFFF200004FFF700BF5
:1085D000FFE1000000003300000000000BFFB000CE
:1085E0000000000CFFC0000000000CFFC0000000F5
:1085F000000CFFC0000000000CFFC00000008FFF57
:10860000FFFFF800002EFFFFFFE2000002EFFFFE79
:10861000200000002DFFE20000799982DE28999762
:10862000FFFFFB22BFFFFFFFFFFFFFFFFFFFFFFF7B
:10863000FFFFFAB3CFACCCCCCCCCCCCA0006BBBBD2
:10864000BBBA3000004FFFFFFFFFE10000EF30003A
:108650000006FB0009F800000000CF504FD00000DA
:1086600000002FE1DF84420000344BF9FFFFFD00E2
:1086700001FFFFFBFFFFFF988BFFFFFCFFFFFFFFEA
:10868000FFFFFFFCFFFFFFFFFFFFFFFB9FFFFFFF61
:10869000FFFFFFF60000000000003300018DFFC661
:1086A00000EF004EFFFFFFE4DF04FFB3004CFFFFCD
:1086B0000EF90000008FFF6FC00001FFFFFF8E501A
:1086C0000001DEEEED00000000000000222222008A
:1086D000000021FFFFFF100008F8FFFBBC10001E88
:1086E000F4FFFC100001DFC0FEEFE8448EFE10FE38
:1086F0001AFFFFFFC100FD0028BB9400000000022C
:10870000700002EF0002EFFDFFFFFFFFFFFFFFFF22
:10871000FFFFFFFFFFFFFFFFFF3447FFF00005FFF4
:10872000000005C00000000000027000000002EF21
:1087300000000002EFF0000DFFFFFF0220FFFFFF2F
:10874000F08E1FFFFFFF00E7FFFFFFF03F5FFFFF1F
:10875000FF08903447FFF000000005FF0000000014
:1087600005C00000000000000000000000000770CD
:1087700000000002700005FA0000002EF000814F9A
:10878000600002EFF001DD07F0DFFFFFF0321E8036
:10879000F6FFFFFFF08E27E0B9FFFFFFF00E73F149
:1087A0009BFFFFFFF03F54F09AFFFFFFF0890AC0E4
:1087B000D83447FFF0007F43F300005FF002F60C6F
:1087C000B0000005C00000BF10000000000009E379
:1087D0000000000000000210003788888888887335
:1087E000EFFFFFFFFFFFFEFE32DFFFFFFFFFF9009D
:1087F0007FFFFDFFFFFD10CFFFA07FFFFFFFFFFA10
:108800000007FFFFF35FA00000CFFF300300000070
:10881000CFFC0000000000CFFFCCCCCCCCCCFFAF15
:10882000FFFFFFFFFFF900002000000001FA000039
:108830000006FF1000000DFF7000006FFFF1000147
:10884000EFFFFA000BFFFFFF605FFFFFFFE0CFFFCE
:10885000FFFFF6FEBFFFFFF9FD4FFFFFF9BF49FF26
:10886000FFF53FE52EFFD006FFFFFD200028BA6090
:108870000004300000311FE00006F91FE0007FFA1D
:108880001FE009FFFA1FE0AFFFFA1FEBFFFFFA1F1F
:10889000FFFFFFFA1FFFFFFFFA1FE6FFFFFA1FE0CF
:1088A0005FFFFA1FE004FFFA1FE0003EFA0FD0005E
:1088B00002D700000000000200000000000CFB20B6
:1088C00000000000FFFF900000000FFFFFE6000027
:1088D00000FFFFFFFC30000FFFFFFFFF9100FFFFD5
:1088E000FFFFFFE60FFFFFFFFFFFF2FFFFFFFFFFAE
:1088F000FD0FFFFFFFFFF800FFFFFFFFB2000FFFBC
:10890000FFFD400000FFFFF70000000FFFA1000087
:1089100000006A4000000000001444200144420DA1
:10892000FFFF10DFFFF1FFFFF30FFFFF3FFFFF40EF
:10893000FFFFF4FFFFF40FFFFF4FFFFF40FFFFF4C7
:10894000FFFFF40FFFFF4FFFFF40FFFFF4FFFFF4B7
:108950000FFFFF4FFFFF40FFFFF4FFFFF40FFFFF8C
:108960004FFFFF30FFFFF39FFFC009FFFC001444DF
:10897000444444420DFFFFFFFFFFF1FFFFFFFFFFF5
:10898000FF3FFFFFFFFFFFF4FFFFFFFFFFFF4FFF72
:10899000FFFFFFFFF4FFFFFFFFFFFF4FFFFFFFFFA2
:1089A000FFF4FFFFFFFFFFFF4FFFFFFFFFFFF4FF9D
:1089B000FFFFFFFFFF4FFFFFFFFFFFF39FFFFFFFE3
:1089C000FFFC0002100000420FE20003FB0FFE302C
:1089D00004FB0FFFF404FB0FFFFF54FB0FFFFFFA34
:1089E000FB0FFFFFFFFB0FFFFFFFFB0FFFFFD6FBA0
:1089F0000FFFFD14FB0FFFC104FB0FFB0004FB0C7A
:108A0000A00003FA000000000000000012000000B7
:108A1000000003FF60000000002EFFF500000001D1
:108A2000EFFFFF4000001DFFFFFFF30000CFFFFF3F
:108A3000FFFE200AFFFFFFFFFFE00EFFFFFFFFFF2B
:108A4000F203999999999950058888888888700FB8
:108A5000FFFFFFFFFFF30FFFFFFFFFFFF40BFFFF21
:108A6000FFFFFFD1000000000000003F9000003F2A
:108A7000FC00003FFD10003FFD10003FFD10001FF7
:108A8000FD100000CFF4000000CFF4000000CFF490
:108A9000000000CFF4000000CFE0000000A40000C0
:108AA00000000000CD1000001FFD1000003FFD1071
:108AB00000003FFD1000003FFD1000003FFD0000E2
:108AC00008FF900008FF900008FF900008FF90004A
:108AD00002FF90000007800000000000045000002A
:108AE000000002FF60000000003FF70000000003EC
:108AF000FF70000000003FF7000006999AFFC99937
:108B000080FFFFFFFFFFFF3DFFFFFFFFFFF20111AF
:108B10003FF71110000003FF70000000003FF70056
:108B200000000003FF70000000000CD3000000698B
:108B300099999999980FFFFFFFFFFFF3DFFFFFFF60
:108B4000FFFF20000000000000000001566400004C
:108B5000000003BFFEEFF91000007FFA1003DFE40E
:108B60000008FFA009B41EFF504FFF200BFF26FF97
:108B7000E1EFFF09CFFF63FFFABFFF09FFFF54FFDB
:108B8000F61EFF51DFFB09FFB003EFE204305FFC8C
:108B900010002CFF956AFF9000000049DFFD920055
:108BA00000000000000000000000CD2000000000D8
:108BB0000000008FF50014664000000004EFACFFD9
:108BC000EFFF910000001CFFA1004DFE30000000EF
:108BD0009FF5AB31EFF40007B105FFFFE17FFE1019
:108BE0000FFE302DFFF54FFF900CFFE000AFF65F5A
:108BF000FF6002FFF40006FFEFFB00004FFD1000D6
:108C00003EFFC0000002DFE85401BFE300000005A2
:108C1000AEFF6007FF60000000000000004EF6009D
:108C200000000000000001A10000000000000000A2
:108C3000000000003ED00000000000000CFF80009B
:108C40000000000006FFFF200000000000EFFFFB17
:108C500000000000008FFCCFF4000000002FFB009C
:108C6000FFD00000000BFFC00FFF70000004FFFDED
:108C700001FFFF100000DFFFE02FFFFA00007FFF81
:108C8000FF9BFFFFF3001FFFFFB00EFFFFC00AFFB7
:108C9000FFFE24FFFFFF60FFFFFFFFFFFFFFFA065D
:108CA000CCCCCCCCCCCCCB300000000000360000CB
:108CB000000000007F80DDDB00008DEFF8FFFFB0DB
:108CC00007FFFFFD556FF46FF8AFE2000574FF90EA
:108CD0007E2000003FFA0000000002EFB2504A0080
:108CE000012EFD1DF48FB0FFFFD10BFFFFFBFFFE38
:108CF0002000CFFFFB12210000029FC000000000F7
:108D0000005B00000007A00000000008FFB00000AA
:108D10000008FFFFB0000008FF95FFB00008FF90BB
:108D200005FFB007FF900005FFB09F90000005FD14
:108D3000004000000003104C20000000B60BFE2095
:108D40000000CFF02EFE2000CFF4002EFE20CFF446
:108D500000002EFECFF40000002EFFF40000000003
:108D60002EF4000000000013000000000830000096
:108D70000000000000BFF308BBBBBB90000BFFFF6F
:108D800039FFFFFFF1008FCFCFF000000AF100386C
:108D90002F948000000AF100002F900000000AF1DB
:108DA00000002F900000030AF130002F9000001FF8
:108DB000CBF8F8002FEBBBBB39FFFFE2001FFFFF32
:108DC000FFB09FFD2000000000000008D1003788A0
:108DD0008700000000EFFFFFA0000000FFFFFFFD85
:108DE000CCCCB6FFFFFFFFFFFFFFFFFFFFFFFFFF42
:108DF000FFFFFFFFFFFFFFFFFFFFFFFFFFFFFFFF83
:108E0000FFFFFFFFFFFFFFFFFFFFFFFFFFFFFFFF72
:108E1000FFFFFFFFAFFFFFFFFFFFF90000000000B3
:108E20000000000001DD10000000001DFFD1000067
:108E30000001DFFFFD1000001DFFFFFFD100009FBC
:108E4000FFFFFFF90000011CFFC1100000000CFF34
:108E5000C0000000000CFFC0000000000CFFC000BC
:108E60000079993BFFB39997FFFFB2442BFFFFFFB7
:108E7000FFFEDDEFFFFFFFFFFFFFFAB3CFACCCCC6F
:108E8000CCCCCCCA000000000002000000000000B2
:108E900004FFC70000000000AFFFF0000000001F4B
:108EA000FFFD0000000006FFFFC00000000008FFFB
:108EB000F700000000000CFF300000000004FFC0BD
:108EC0000000000001EFF300004A3002DFF8000567
:108ED000DFFE15EFFB0000EFFFFFFFFA00000BFFC6
:108EE000FFFFF70000007FFFFFA200000002BA852D
:108EF000000000000004860000001006FFFA0002D7
:108F0000DFD1EF3CF101DFFA0EE0AF21DFFA009F85
:108F1000EFF6DFFA00008DFFFFFB00000006FFFD0B
:108F200000000048EFFFF600006FFFFBFFF6000EA9
:108F3000F3CF23FFF600EE0AF204FFF609FEFC0071
:108F400004FFF108DA1000026200000000000000D7
:108F500000006FFFF987000008FFFF98F708A68F51
:108F6000FFF95990FFA8FFFFFCCC0FFA8FFFFFFF1E
:108F7000F1FFA8FFFFFFFF1FFA8FFFFFFFF1FFA820
:108F8000FFFFFFFF1FFA8FFFFFFFF1FFA8FFFFFFAB
:108F9000FF1FFA7FFFFFFFF0FFE3122222210FFFE6
:108FA000FFFFF90000ACCCCCCB5000004999999957
:108FB00095000EFFFFFFFFF600FD2222224FF60F65
:108FC000C0000001FFF3FC0000001FFF6FC00000A5
:108FD00002FFF6FFFFFFFFFFFF6FFFFFDCFFFFF663
:108FE000FFFFB005FFFF6FFFF6000FFFF6FFFFC0AA
:108FF00006FFFF6FFFFFEDFFFFF69FFFFFFFFFFD87
:1090000010CDDDDDDDDDDD2FFFFFFFFFFFF31222E1
:1090100022222222000000000000000000000000C8
:10902000000FFFFFFFFFFFF3DEEEEEEEEEEE20009F
:1090300000000000000000000000000DEEEEEEEE6B
:10904000EEE2FFFFFFFFFFFF3000000000000037EF
:10905000888888888873EFFFFFFFFFFFFEEFFFFF20
:10906000FFFFFFFE1CFFFFFFFFFFC1D28FFFFFFFCF
:10907000F82DFF64EFFFFE45FFFFFA2BFFB2AFFFB5
:10908000FFFFD3553DFFFFFFFFFFBBFFFFFFFFFFCC
:10909000FFFFFFFFFFAFFFFFFFFFFFF90000000032
:1090A0000001FFFFF00004FFFFD00006FFFF80007B
:1090B00008FFFF30000AFFFFAAA60CFFFFFFF80E13
:1090C000FFFFFFE10BDDDFFF6000004FFD00000050
:1090D0007FF3000000BFA0000000FF10000003F8B5
:1090E00000000003C000000000200000000455EF55
:1090F000B5520000FFFD1FFFB0000FFFFFFFFC0097
:1091000000FFFF533320000FFF97FFFB5700FFF8CE
:10911000AFFFC6F80FFF8AFFFC4AA1FFF8AFFFE3DD
:10912000220FFF8AFFFFFFF4FFF8AFFFFFFF4FFFA3
:109130008AFFFFFFF43552AFFFFFFF40000AFFFF39
:10914000FFF400007FFFFFFE200000011000000080
:109150000000AF00000000018FFA30000002EFFFB6
:10916000FF500000BFFFFFFF10001FFFFFFFF500D3
:1091700003FFFFFFFF70005FFFFFFFF90008FFFF25
:10918000FFFFC000DFFFFFFFFF209FFFFFFFFFFD8E
:109190000EFFFFFFFFFFF202222222222100000821
:1091A000FFC00000000009A20000005BBBBBBBBB0E
:1091B000BBBBA3FFFFFFFFFFFFFFFBFC0C30E11D6C
:1091C0000D11FCFC0B30E01D0D10FCFFFEFFEFFE4F
:1091D000FEEFFCFFF15A0870A05FFCFFF37B2992C1
:1091E000C27FFCFFBFCBBBBBBFCBFCFC0B20000096
:1091F0000D00FCFFCFCCCCCCCFCCFB9FFFFFFFFF03
:10920000FFFFF60000000000000200000000000068
:1092100005DFB00000000007EFFFD000000018FFDE
:10922000FFFF70000029FFFFFFFF00003BFFFFFF73
:10923000FFF8000AFFFFFFFFFFF1000FFFFFFFFF36
:10924000FFA000049AAAAFFFFF20000000000EFF5D
:10925000FB00000000000EFFF400000000000EFF05
:10926000C000000000000EFF5000000000000DFDD7
:1092700000000000000004B3000000355555020056
:109280000FFFFFF2F400FFFFFF2FF40FFFFFF2FFCD
:10929000F3FFFFFF32221FFFFFFFFFF7FFFFFFFF7C
:1092A000FF8FFFFFFFFFF8FFFFFFFFFF8FFFFFFFB5
:1092B000FFF8FFFFFFFFFF8FFFFFFFFFF8FFFFFF3C
:1092C000FFFF8FFFFFFFFFF88AAAAAAAAA300000BB
:1092D000002455310000000003AFFFFFFFC700006E
:1092E00002BFFFFEDEFFFFF6005FFFB51000038E3A
:1092F000FFB0DFD300000000008FF5180005AEFEC0
:10930000C81004600002DFFFFFFFF80000000CFF40
:1093100095347DFF40000002A200000077000000AD
:1093200000000296000000000000000DFF50000049
:10933000000000000EFF6000000000000005DA00E1
:109340000000005BBBBBBBBBBBBBBA20FFFFFFFF8A
:10935000FFFFFFFF90FC1222222222220FF7FC5F68
:10936000FFFFFFFFFF2CFAFC5FFFFFFFFFFF21FA6B
:10937000FC5FFFFFFFFFFF27FAFC26666666666656
:109380001FFAFEBBBBBBBBBBBBBFB1AFFFFFFFFF49
:10939000FFFFFF500000000000000000005BBBBBAF
:1093A000BBBBBBBBBA20FFFFFFFFFFFFFFFF90FC73
:1093B0001222222221000FF7FC5FFFFFFFF8000CB2
:1093C000FAFC5FFFFFFFF80001FAFC5FFFFFFFF808
:1093D0000007FAFC2666666663000FFAFEBBBBBB9D
:1093E000BBBBBBBFB1AFFFFFFFFFFFFFFF500000E4
:1093F000000000000000005BBBBBBBBBBBBBBA20D6
:10940000FFFFFFFFFFFFFFFF90FC12222210000072
:109410000FF7FC5FFFFFD000000CFAFC5FFFFFD0EE
:10942000000001FAFC5FFFFFD0000007FAFC26668F
:10943000665000000FFAFEBBBBBBBBBBBBBFB1AFEE
:10944000FFFFFFFFFFFFFF500000000000000000D3
:10945000005BBBBBBBBBBBBBBA20FFFFFFFFFFFF7B
:10946000FFFF90FC1222000000000FF7FC5FFF30AE
:109470000000000CFAFC5FFF3000000001FAFC5F06
:10948000FF3000000007FAFC2666100000000FFA0B
:10949000FEBBBBBBBBBBBBBFB1AFFFFFFFFFFFFF53
:1094A000FF500000000000000000005BBBBBBBBB26
:1094B000BBBBBA20FFFFFFFFFFFFFFFF90FC0000D8
:1094C000000000000FF7FC0000000000000CFAFC98
:1094D00000000000000001FAFC000000000000078E
:1094E000FAFC0000000000000FFAFEBBBBBBBBBBD8
:1094F000BBBFB1AFFFFFFFFFFFFFFF500000000049
:1095000000000000000000000007B20000000000A2
:10951000000ADFFA000000000000A93DF50000008D
:10952000044002E00010000000AFF80B60000000F3
:109530006C30FFFFFFFFFFFFFFFFF4AFF9000C509F
:1095400000006D4005500004C00000100000000045
:1095500000C43EE80000000000002EEFFA0000000A
:10956000000000004FFA00000000000000000000B2
:10957000000000011000000007EFFFB30000AFFD86
:109580008FFF2004FFFD09FFB00AFEFD12AFF00EB1
:10959000F55D2C0EF30FFF33129FF50FFFF307FF5E
:1095A000F60FFFE206FFF60FFE24137FF50DF57DA3
:1095B0002C0DF30AFFFD11BFF003FFFE0BFFA0000F
:1095C0007FFEBFFE100003ACDC81000000344300CE
:1095D0000005667FFFF96650FFFFFFFFFFFF35665E
:1095E00066666666501CCCCCCCCCC402FFFFFFFF85
:1095F000FF602FF3FB7F6DF602FF2FB7F5DF602FC3
:10960000F2FB7F5DF602FF2FB7F5DF602FF2FB7FE5
:109610005DF602FF2FB7F5DF602FF3FB7F6DF601DC
:10962000FFFFFFFFFF5007BCCCCCCC900000000038
:1096300000000120000000000004FF5000000000B6
:1096400002FFFF500000000439FFFE00000004FF8D
:1096500039FFA0000004FFFF39B0000004FFFFFF46
:1096600020000004FFFFFFB0000004FFFFFFB00078
:109670000004FFFFFFB0000004FFFFFFB000000088
:10968000BFFFFFB00000000DFFFFB000000000FFB3
:10969000FFB00000000009A860000000000000000A
:1096A000178888888887400002EFFFFFFFFFFFF4DC
:1096B000003EFFFFCFFFCFFFF703EFFFF908F809E8
:1096C000FFF83EFFFFFE20402EFFF8DFFFFFFFE127
:1096D00001EFFFF89FFFFFFF80008FFFF809FFFFFA
:1096E000F902C209FFF8009FFFFE4EFE4EFFF80090
:1096F00009FFFFFFFFFFFFF700008FFFFFFFFFFFE6
:10970000C100000000000003EFFFFFE203FBFBCEFF
:10971000BFA4FF1D03A1FAFFF1D03A1FAFFFFFFF67
:10972000FFFAFFFFFFFFFFAFFFFFFFFFFAFFFFFFA3
:10973000FFFFAFFFFFFFFFFAFFFFFFFFFFAFFFFFDE
:10974000FFFFFAFFFFFFFFFFADFFFFFFFFF829AAB2
:10975000AAAAA8000000000000000300000000000A
:109760000004F1000820000001FF100BF7000000CA
:109770002FF10CFF94444445FF1BFFFFFFFFFFFF49
:10978000F18FFFFFFFFFFFFD007FF70000000000EB
:10979000006F600000000000003000000000006268
:1097A000696E0042494E00494D41474500494D41CF
:1097B00047455F48454144455200080102040801FD
:1097C0000204081820201018101010100800201093
:1097D0000000000000000000000010000000000079
:1097E00000000000040606060C0C3539E52F2FD3C7
:1097F0002828C61C1CB7601BD85B18C25714AD4F75
:109800000E88AA248EA21F7B9A1B6A8C144AB1353B
:109810005EA82D51A02745921B31AB49399F3F309F
:109820009335287E231AE5881ED27619C06515A1C6
:10983000470DE59B03D18802BD77029B5701C1AC60
:1098400000A797008F83006460007B89006B79001C
:109850005C6900404D0047A0433C8E38327D2E208D
:109860005E1B42B37C389F682F8B551E693333CA09
:10987000C02BB4AF249D9E17778235D8FD2DC0FB39
:1098800025A8F9177FF500B3FF00A0FF008FFF00A8
:109890006FFF008CFB007CF5006CEF0051E61E5161
:1098A000F4194AE61543D80C36BF414C6D37405D7C
:1098B0002E344E23273E7A6E54645A454F4737382C
:1098C00032267575756161614242422121215053F2
:1098D000EF7373E59A9AEFD2CDFFEEEBFF7A40EC8F
:1098E0009262F0B18FF4D0BBF8ECE4FCBC47ABC89B
:1098F00068BAD893CEE7BEE1F5E5F3C2577ECD75E1
:1099000095DB9DB3E9C4D1F6E7EDC06B5CCB8679FE
:10991000DAA89FE9CAC5F6EAE8F5A542F6B564F902
:10992000CA90FBDEBBFDF2E3F6B629F7C34FFAD4CB
:1099300081FCE5B3FEF5E1DAC626E1D04DEADE8032
:10994000F2EBB2FAF7E09AA626ACB64DC4CB80DBB8
:10995000DFB2F1F2E06ABB6684C781A7D6A5C9E68B
:10996000C8E9F5E865CC9C81D5AEA5E1C5C8EDDCBC
:10997000E9F8F157E1D475E7DC9CEEE6C3F4F0E7D3
:10998000FBF958EEFF76F1FF9DF5FFC4F9FFE7FD07
:10999000FF28CAFF4FD5FF82E0FFB3ECFFE1F8FFDD
:1099A00026A7FF4DB7FF80CCFFB2E0FFE0F3FF43F7
:1099B00070FF658AFF91ABFFBCCCFFE7E9FB636EEC
:1099C0008D7F88A1A4AABCC8CCD7E9EBEF9C907886
:1099D000AEA490C5BEB0DCD8CFF1EFECBDBDBDE00C
:1099E000E0E0EEEEEEF5F5F5FAFAFA3643F4631E32
:1099F000E9B0279CB73A67B5513FF39621F4A90324
:109A0000D4BC0088960050AF4C4AC38B39DCCD3BA8
:109A1000EBFF07C1FF0098FF2257FF4855798B7D68
:109A2000609E9E9EFFFFFF000404020404040404E1
:109A300004040000000000060606060606040006F0
:109A400006060600000000000000000000000502FD
:109A50000000000000000004000000000000000200
:109A600000020202000200020202000000000002E6
:109A700000000000000000020000000000000001E3
:109A800001050505010500000000100101000000AE
:109A90001022220C0C323232000032321000000050
:109AA000000404040404040404040404040404047A
:109AB00000202C2E3B3A2D5F297D00EF808C001D6D
:109AC0001C6A6B6D6C706E6F7978006C765F61727A
:109AD00063006C765F626172006C765F62757474AD
:109AE0006F6E006C765F627574746F6E6D61747208
:109AF00069780042746E310042746E320042746EB6
:109B0000330042746E340042746E35002564005395
:109B100075004D6F0054750057650054680046721B
:109B2000005361006C765F63616C656E6461720006
:109B3000EF819300EF8194002564202573004A6132
:109B40006E75617279004665627275617279004D59
:109B50006172636800417072696C004D6179004AFE
:109B6000756E65004A756C79004175677573740090
:109B700053657074656D626572004F63746F6265E2
:109B800072004E6F76656D62657200446563656D47
:109B9000626572006C765F63616C656E6461725FB2
:109BA0006865616465725F6172726F77003230322E
:109BB000350A323032340A323032330A32303232FD
:109BC0000A323032310A323032300A323031390A18
:109BD000323031380A323031370A323031360A32D7
:109BE0003031350A323031340A323031330A3230D2
:109BF00031320A323031310A323031300A323030CB
:109C0000390A323030380A323030370A32303036A2
:109C10000A323030350A323030340A323030330ACA
:109C2000323030320A323030310A323030300A319C
:109C30003939390A313939380A313939370A31393C
:109C400039360A313939350A313939340A31393935
:109C5000330A313939320A313939310A3139393037
:109C60000A313938390A313938380A313938370A3E
:109C7000313938360A313938350A313938340A3110
:109C80003938330A313938320A313938310A313901
:109C900038300A313937390A313937380A313937EA
:109CA000370A313937360A313937350A31393734DD
:109CB0000A313937330A313937320A313937310A03
:109CC000313937300A313936390A313936380A31C3
:109CD0003936370A313936360A313936350A3139AB
:109CE00036340A313936330A313936320A313936A7
:109CF000310A313936300A313935390A3139353896
:109D00000A313935370A313935360A313935350AAC
:109D1000313935340A313935330A313935320A317E
:109D20003935310A313935300A313934390A313966
:109D300034380A313934370A313934360A31393452
:109D4000350A313934340A313934330A313934324D
:109D50000A313934310A313934300A313933390A68
:109D6000313933380A313933370A313933360A3128
:109D70003933350A313933340A313933330A313919
:109D800033320A313933310A313933300A31393219
:109D9000390A313932380A313932370A31393236F3
:109DA0000A313932350A313932340A313932330A1B
:109DB000313932320A313932310A313932300A31ED
:109DC0003931390A313931380A313931370A3139C3
:109DD00031360A313931350A313931340A313931C4
:109DE000330A313931320A313931310A31393130BE
:109DF0000A313930390A313930380A313930370AC5
:109E0000313930360A313930350A313930340A3196
:109E10003930330A313930320A313930310030319A
:109E20000A30320A30330A30340A30350A30360A02
:109E300030370A30380A30390A31300A31310A31C4
:109E400032006C765F63616C656E6461725F686539
:109E5000616465725F64726F70646F776E006C76B8
:109E60005F636861727400436865636B20626F783A
:109E7000006C765F636865636B626F7800EF81B832
:109E8000004F7074696F6E20310A4F7074696F6E85
:109E900020320A4F7074696F6E2033006C765F64F5
:109EA000726F70646F776E2D6C697374006C765F7F
:109EB00064726F70646F776E006C765F696D616756
:109EC00065006162630041424300312300EF808DF1
:109ED00000EF849C00456E74657200EFA2A200EF53
:109EE000959A002B2F2D003600370039002E002BBD
:109EF0000026002F003D00250021003F003C003ED1
:109F0000005C004000240028007B005B005D003BFB
:109F1000002200270020005100540059005500493C
:109F2000004F0050004100530044004600470048E5
:109F3000004A004B004C005F005A00580056004297
:109F4000004D002C003A00660067006B007A007636
:109F50000062006D006C765F6B6579626F617264A0
:109F60000054657874006C765F6C6162656C006C9F
:109F7000765F6C6564006C765F6C696E65006C760C
:109F80005F6C6973745F74657874006C765F6C697C
:109F900073745F627574746F6E006C765F6C697356
:109FA00074006C765F6D656E755F7365706172616C
:109FB000746F72006C765F6D656E755F7365637448
:109FC000696F6E006C765F6D656E755F636F6E7442
:109FD000006C765F6D656E755F70616765006C76AD
:109FE0005F6D656E75006C765F6D7367626F785F2D
:109FF0006261636B64726F70006C765F6D73676231
:10A000006F785F6865616465725F627574746F6EA6
:10A01000006C765F6D7367626F785F666F6F7465F3
:10A02000725F627574746F6E006C765F6D736762D9
:10A030006F785F666F6F746572006C765F6D7367C3
:10A04000626F785F636F6E74656E74006C765F6DBF
:10A050007367626F785F686561646572006C765FD4
:10A060006D7367626F78004F7074696F6E20310A8C
:10A070004F7074696F6E20320A4F7074696F6E2072
:10A08000330A4F7074696F6E20340A4F7074696FB1
:10A090006E2035006C765F726F6C6C65725F6C6100
:10A0A00062656C006C765F726F6C6C6572006C76CA
:10A0B0005F7363616C65006C765F736C6964657275
:10A0C000006C765F7370696E626F78006C765F7398
:10A0D00070696E6E6572006C765F73776974636821
:10A0E000006C765F7461626C65006C765F746162AF
:10A0F0007669657700E280A2006C765F746578749B
:10A1000061726561006C765F74696C65006C765F86
:10A1100074696C6576696577006C765F77696E0047
:10A120006C76676C5F706F696E746572006D6169E3
:10A130006E00737973776F726B71002A2A2A20423E
:10A140006F6F74696E67205A6570687972204F531B
:10A15000206275696C642076342E322E30202A2AD3
:10A160002A0A00286E756C6C29002A666C6F61746F
:04A170002A000000C1
:10A17400C3C1010000000000F5C50100000000009B
:10A18400000000000000000018000020180000205B
:10A194000100000001000000280000202800002029
:10A1A40000000000010000000000000000000000AA
:10A1B40000000000F4530300000000004C000020E5
:10A1C4004C00002000000000010000005C000020A2
:10A1D4005C000020000000000100000000000000FE
:10A1E400000000000000000000000000000000006B
:10A1F400000000000000000000000000000000005B
:10A20400EC4D03000000000000000000000000000E
:10A21400000000006854030002000000AC000020AD
:10A22400AC0000200000000001000000BC00002081
:10A23400BC0000200000000001000000000000003D
:10A24400000000000000000000000000000000000A
:10A2540000000000000000000000000000000000FA
:10A264000C4E03000000000000000000628B02207E
:10A274005A8B0220000000000000000000000000D3
:10A2840000000000000000000000000000000000CA
:10A2940000000000000000000000000000000000BA
:10A2A40000000000000000000000000000000000AA
:10A2B400000000000000000000000000000000009A
:10A2C400000000000000000000000000000000008A
:10A2D400000000000000000000000000000000007A
:10A2E4000000000008000000FF0000000000000063
:10A2F4000300000000000000FFFF0F003C660300A5
:10A30400EC6503009C6503007A6503003C6603006A
:10A314003C6603003C6603003C660300000000004A
:10A3240000000000405E0300905D0300E05C030059
:10A334008C5C0300405E0300405E0300405E03004B
:10A34400405E0300000000000000000090020000D6
:08A35400E0010020E0010020FF
:10A35C0000000000000000000000000000000000F1
:0CA36C00000000000000000000000000E5
:10A378000000000000AE0220008000000000000085
:04A3880000000000D1
:10A38C0018020020180200200C0000001000000031
:10A39C00002E0320C02E0320002E0320002E0320AD
:10A3AC0000000000000000004002002040020020DD
:10A3BC00340000000A000000C02E0320C830032027
:10A3CC00C02E0320C02E032000000000000000005F
:04A3DC0015E015E093
:0400000300000D9557
:00000001FF
